[dist] xpu: 12 device(s) visible (expect 12 tiles/node on Aurora under FLAT), using xpu:0
2026:08:17-21:48:11:97349 |CCL_INFO| process launcher: pmix, local_proc_idx: 7, local_proc_count: 12
2026:08:17-21:48:11:97348 |CCL_INFO| process launcher: pmix, local_proc_idx: 6, local_proc_count: 12
2026:08:17-21:48:11:97349 |CCL_INFO| initializing level-zero api
2026:08:17-21:48:11:97349 |CCL_INFO| initializing level-zero
2026:08:17-21:48:11:97349 |CCL_INFO| Total hardware threads: 3584
2026:08:17-21:48:11:97349 |CCL_INFO| auto tune with port counts enabled
2026:08:17-21:48:11:97348 |CCL_INFO| initializing level-zero api
2026:08:17-21:48:11:97348 |CCL_INFO| initializing level-zero
2026:08:17-21:48:11:97348 |CCL_INFO| Total hardware threads: 3584
2026:08:17-21:48:11:97348 |CCL_INFO| auto tune with port counts enabled
2026:08:17-21:48:11:97343 |CCL_INFO| process launcher: pmix, local_proc_idx: 1, local_proc_count: 12
2026:08:17-21:48:11:97343 |CCL_INFO| initializing level-zero api
2026:08:17-21:48:11:97343 |CCL_INFO| initializing level-zero
2026:08:17-21:48:11:97343 |CCL_INFO| Total hardware threads: 3584
2026:08:17-21:48:11:97343 |CCL_INFO| auto tune with port counts enabled
2026:08:17-21:48:11:97344 |CCL_INFO| process launcher: pmix, local_proc_idx: 2, local_proc_count: 12
2026:08:17-21:48:11:97352 |CCL_INFO| process launcher: pmix, local_proc_idx: 10, local_proc_count: 12
2026:08:17-21:48:11:97344 |CCL_INFO| initializing level-zero api
2026:08:17-21:48:11:97344 |CCL_INFO| initializing level-zero
2026:08:17-21:48:11:97344 |CCL_INFO| Total hardware threads: 3584
2026:08:17-21:48:11:97344 |CCL_INFO| auto tune with port counts enabled
2026:08:17-21:48:11:97352 |CCL_INFO| initializing level-zero api
2026:08:17-21:48:11:97352 |CCL_INFO| initializing level-zero
2026:08:17-21:48:11:97352 |CCL_INFO| Total hardware threads: 3584
2026:08:17-21:48:11:97352 |CCL_INFO| auto tune with port counts enabled
2026:08:17-21:48:11:97353 |CCL_INFO| process launcher: pmix, local_proc_idx: 11, local_proc_count: 12
2026:08:17-21:48:11:119093 |CCL_INFO| process launcher: pmix, local_proc_idx: 0, local_proc_count: 12
2026:08:17-21:48:11:119093 |CCL_INFO| initializing level-zero api
2026:08:17-21:48:11:119093 |CCL_INFO| initializing level-zero
2026:08:17-21:48:11:119093 |CCL_INFO| Total hardware threads: 3584
2026:08:17-21:48:11:97641 |CCL_INFO| process launcher: pmix, local_proc_idx: 5, local_proc_count: 12
2026:08:17-21:48:11:119093 |CCL_INFO| auto tune with port counts enabled
2026:08:17-21:48:11:97641 |CCL_INFO| initializing level-zero api
2026:08:17-21:48:11:97353 |CCL_INFO| initializing level-zero api
2026:08:17-21:48:11:97641 |CCL_INFO| initializing level-zero
2026:08:17-21:48:11:97641 |CCL_INFO| Total hardware threads: 3584
2026:08:17-21:48:11:97641 |CCL_INFO| auto tune with port counts enabled
2026:08:17-21:48:11:97353 |CCL_INFO| initializing level-zero
2026:08:17-21:48:11:97353 |CCL_INFO| Total hardware threads: 3584
2026:08:17-21:48:11:97353 |CCL_INFO| auto tune with port counts enabled
2026:08:17-21:48:11:97636 |CCL_INFO| process launcher: pmix, local_proc_idx: 0, local_proc_count: 12
2026:08:17-21:48:11:97643 |CCL_INFO| process launcher: pmix, local_proc_idx: 7, local_proc_count: 12
2026:08:17-21:48:11:97640 |CCL_INFO| process launcher: pmix, local_proc_idx: 4, local_proc_count: 12
2026:08:17-21:48:11:97636 |CCL_INFO| initializing level-zero api
2026:08:17-21:48:11:97636 |CCL_INFO| initializing level-zero
2026:08:17-21:48:11:97636 |CCL_INFO| Total hardware threads: 3584
2026:08:17-21:48:11:97636 |CCL_INFO| auto tune with port counts enabled
2026:08:17-21:48:11:97643 |CCL_INFO| initializing level-zero api
2026:08:17-21:48:11:97640 |CCL_INFO| initializing level-zero api
2026:08:17-21:48:11:97643 |CCL_INFO| initializing level-zero
2026:08:17-21:48:11:97643 |CCL_INFO| Total hardware threads: 3584
2026:08:17-21:48:11:97643 |CCL_INFO| auto tune with port counts enabled
2026:08:17-21:48:11:97640 |CCL_INFO| initializing level-zero
2026:08:17-21:48:11:97640 |CCL_INFO| Total hardware threads: 3584
2026:08:17-21:48:11:97640 |CCL_INFO| auto tune with port counts enabled
2026:08:17-21:48:11:11110 |CCL_INFO| process launcher: pmix, local_proc_idx: 1, local_proc_count: 12
2026:08:17-21:48:11:22238 |CCL_INFO| process launcher: pmix, local_proc_idx: 1, local_proc_count: 12
2026:08:17-21:48:11:22238 |CCL_INFO| initializing level-zero api
2026:08:17-21:48:11:22238 |CCL_INFO| initializing level-zero
2026:08:17-21:48:11:22240 |CCL_INFO| process launcher: pmix, local_proc_idx: 3, local_proc_count: 12
2026:08:17-21:48:11:22240 |CCL_INFO| initializing level-zero api
2026:08:17-21:48:11:22240 |CCL_INFO| initializing level-zero
2026:08:17-21:48:11:22240 |CCL_INFO| Total hardware threads: 3584
2026:08:17-21:48:11:22240 |CCL_INFO| auto tune with port counts enabled
2026:08:17-21:48:11:22242 |CCL_INFO| process launcher: pmix, local_proc_idx: 5, local_proc_count: 12
2026:08:17-21:48:11:22238 |CCL_INFO| Total hardware threads: 3584
2026:08:17-21:48:11:22238 |CCL_INFO| auto tune with port counts enabled
2026:08:17-21:48:11:114531 |CCL_INFO| process launcher: pmix, local_proc_idx: 1, local_proc_count: 12
2026:08:17-21:48:11:11110 |CCL_INFO| initializing level-zero api
2026:08:17-21:48:11:11110 |CCL_INFO| initializing level-zero
2026:08:17-21:48:11:11110 |CCL_INFO| Total hardware threads: 3584
2026:08:17-21:48:11:11110 |CCL_INFO| auto tune with port counts enabled
2026:08:17-21:48:11:11113 |CCL_INFO| process launcher: pmix, local_proc_idx: 4, local_proc_count: 12
2026:08:17-21:48:11:22242 |CCL_INFO| initializing level-zero api
2026:08:17-21:48:11:114531 |CCL_INFO| initializing level-zero api
2026:08:17-21:48:11:22242 |CCL_INFO| initializing level-zero
2026:08:17-21:48:11:22242 |CCL_INFO| Total hardware threads: 3584
2026:08:17-21:48:11:22242 |CCL_INFO| auto tune with port counts enabled
2026:08:17-21:48:11:114530 |CCL_INFO| process launcher: pmix, local_proc_idx: 0, local_proc_count: 12
2026:08:17-21:48:11:114531 |CCL_INFO| initializing level-zero
2026:08:17-21:48:11:114531 |CCL_INFO| Total hardware threads: 3584
2026:08:17-21:48:11:114531 |CCL_INFO| auto tune with port counts enabled
2026:08:17-21:48:11:11113 |CCL_INFO| initializing level-zero api
2026:08:17-21:48:11:50416 |CCL_INFO| process launcher: pmix, local_proc_idx: 4, local_proc_count: 12
2026:08:17-21:48:11:11113 |CCL_INFO| initializing level-zero
2026:08:17-21:48:11:11113 |CCL_INFO| Total hardware threads: 3584
2026:08:17-21:48:11:11113 |CCL_INFO| auto tune with port counts enabled
2026:08:17-21:48:11:119097 |CCL_INFO| process launcher: pmix, local_proc_idx: 4, local_proc_count: 12
2026:08:17-21:48:11:114530 |CCL_INFO| initializing level-zero api
2026:08:17-21:48:11:50412 |CCL_INFO| process launcher: pmix, local_proc_idx: 0, local_proc_count: 12
2026:08:17-21:48:11:114530 |CCL_INFO| initializing level-zero
2026:08:17-21:48:11:114530 |CCL_INFO| Total hardware threads: 3584
2026:08:17-21:48:11:50413 |CCL_INFO| process launcher: pmix, local_proc_idx: 1, local_proc_count: 12
2026:08:17-21:48:11:114530 |CCL_INFO| auto tune with port counts enabled
2026:08:17-21:48:11:22241 |CCL_INFO| process launcher: pmix, local_proc_idx: 4, local_proc_count: 12
2026:08:17-21:48:11:50416 |CCL_INFO| initializing level-zero api
2026:08:17-21:48:11:50416 |CCL_INFO| initializing level-zero
2026:08:17-21:48:11:50416 |CCL_INFO| Total hardware threads: 3584
2026:08:17-21:48:11:50416 |CCL_INFO| auto tune with port counts enabled
2026:08:17-21:48:11:50412 |CCL_INFO| initializing level-zero api
2026:08:17-21:48:11:50412 |CCL_INFO| initializing level-zero
2026:08:17-21:48:11:50412 |CCL_INFO| Total hardware threads: 3584
2026:08:17-21:48:11:50412 |CCL_INFO| auto tune with port counts enabled
2026:08:17-21:48:11:50413 |CCL_INFO| initializing level-zero api
2026:08:17-21:48:11:50413 |CCL_INFO| initializing level-zero
2026:08:17-21:48:11:50413 |CCL_INFO| Total hardware threads: 3584
2026:08:17-21:48:11:50413 |CCL_INFO| auto tune with port counts enabled
2026:08:17-21:48:11:22237 |CCL_INFO| process launcher: pmix, local_proc_idx: 0, local_proc_count: 12
2026:08:17-21:48:11:22244 |CCL_INFO| process launcher: pmix, local_proc_idx: 7, local_proc_count: 12
2026:08:17-21:48:11:119097 |CCL_INFO| initializing level-zero api
2026:08:17-21:48:11:22248 |CCL_INFO| process launcher: pmix, local_proc_idx: 11, local_proc_count: 12
2026:08:17-21:48:11:119097 |CCL_INFO| initializing level-zero
2026:08:17-21:48:11:119097 |CCL_INFO| Total hardware threads: 3584
2026:08:17-21:48:11:119097 |CCL_INFO| auto tune with port counts enabled
2026:08:17-21:48:11:22247 |CCL_INFO| process launcher: pmix, local_proc_idx: 10, local_proc_count: 12
2026:08:17-21:48:11:22241 |CCL_INFO| initializing level-zero api
2026:08:17-21:48:11:119094 |CCL_INFO| process launcher: pmix, local_proc_idx: 1, local_proc_count: 12
2026:08:17-21:48:11:22241 |CCL_INFO| initializing level-zero
2026:08:17-21:48:11:22241 |CCL_INFO| Total hardware threads: 3584
2026:08:17-21:48:11:22241 |CCL_INFO| auto tune with port counts enabled
2026:08:17-21:48:11:22237 |CCL_INFO| initializing level-zero api
2026:08:17-21:48:11:114541 |CCL_INFO| process launcher: pmix, local_proc_idx: 11, local_proc_count: 12
2026:08:17-21:48:11:22237 |CCL_INFO| initializing level-zero
2026:08:17-21:48:11:22237 |CCL_INFO| Total hardware threads: 3584
2026:08:17-21:48:11:22237 |CCL_INFO| auto tune with port counts enabled
2026:08:17-21:48:11:22244 |CCL_INFO| initializing level-zero api
2026:08:17-21:48:11:22244 |CCL_INFO| initializing level-zero
2026:08:17-21:48:11:22244 |CCL_INFO| Total hardware threads: 3584
2026:08:17-21:48:11:22244 |CCL_INFO| auto tune with port counts enabled
2026:08:17-21:48:11:119094 |CCL_INFO| initializing level-zero api
2026:08:17-21:48:11:22248 |CCL_INFO| initializing level-zero api
2026:08:17-21:48:11:22247 |CCL_INFO| initializing level-zero api
2026:08:17-21:48:11:119094 |CCL_INFO| initializing level-zero
2026:08:17-21:48:11:119094 |CCL_INFO| Total hardware threads: 3584
2026:08:17-21:48:11:119094 |CCL_INFO| auto tune with port counts enabled
2026:08:17-21:48:11:22248 |CCL_INFO| initializing level-zero
2026:08:17-21:48:11:22248 |CCL_INFO| Total hardware threads: 3584
2026:08:17-21:48:11:22248 |CCL_INFO| auto tune with port counts enabled
2026:08:17-21:48:11:97346 |CCL_INFO| process launcher: pmix, local_proc_idx: 4, local_proc_count: 12
2026:08:17-21:48:11:50414 |CCL_INFO| process launcher: pmix, local_proc_idx: 2, local_proc_count: 12
2026:08:17-21:48:11:11114 |CCL_INFO| process launcher: pmix, local_proc_idx: 5, local_proc_count: 12
2026:08:17-21:48:11:22247 |CCL_INFO| initializing level-zero
2026:08:17-21:48:11:22247 |CCL_INFO| Total hardware threads: 3584
2026:08:17-21:48:11:22247 |CCL_INFO| auto tune with port counts enabled
2026:08:17-21:48:11:114541 |CCL_INFO| initializing level-zero api
2026:08:17-21:48:11:114541 |CCL_INFO| initializing level-zero
2026:08:17-21:48:11:114541 |CCL_INFO| Total hardware threads: 3584
2026:08:17-21:48:11:114541 |CCL_INFO| auto tune with port counts enabled
2026:08:17-21:48:11:50417 |CCL_INFO| process launcher: pmix, local_proc_idx: 5, local_proc_count: 12
2026:08:17-21:48:11:97346 |CCL_INFO| initializing level-zero api
2026:08:17-21:48:11:97346 |CCL_INFO| initializing level-zero
2026:08:17-21:48:11:97346 |CCL_INFO| Total hardware threads: 3584
2026:08:17-21:48:11:97346 |CCL_INFO| auto tune with port counts enabled
2026:08:17-21:48:11:50414 |CCL_INFO| initializing level-zero api
2026:08:17-21:48:11:97345 |CCL_INFO| process launcher: pmix, local_proc_idx: 3, local_proc_count: 12
2026:08:17-21:48:11:50414 |CCL_INFO| initializing level-zero
2026:08:17-21:48:11:50414 |CCL_INFO| Total hardware threads: 3584
2026:08:17-21:48:11:50414 |CCL_INFO| auto tune with port counts enabled
2026:08:17-21:48:11:11114 |CCL_INFO| initializing level-zero api
2026:08:17-21:48:11:11114 |CCL_INFO| initializing level-zero
2026:08:17-21:48:11:11114 |CCL_INFO| Total hardware threads: 3584
2026:08:17-21:48:11:203056 |CCL_INFO| process launcher: pmix, local_proc_idx: 11, local_proc_count: 12
2026:08:17-21:48:11:11114 |CCL_INFO| auto tune with port counts enabled
2026:08:17-21:48:11:203056 |CCL_INFO| initializing level-zero api
2026:08:17-21:48:11:11115 |CCL_INFO| process launcher: pmix, local_proc_idx: 6, local_proc_count: 12
2026:08:17-21:48:11:203056 |CCL_INFO| initializing level-zero
2026:08:17-21:48:11:203056 |CCL_INFO| Total hardware threads: 3584
2026:08:17-21:48:11:203056 |CCL_INFO| auto tune with port counts enabled
2026:08:17-21:48:11:50417 |CCL_INFO| initializing level-zero api
2026:08:17-21:48:11:50417 |CCL_INFO| initializing level-zero
2026:08:17-21:48:11:50417 |CCL_INFO| Total hardware threads: 3584
2026:08:17-21:48:11:50417 |CCL_INFO| auto tune with port counts enabled
2026:08:17-21:48:11:97345 |CCL_INFO| initializing level-zero api
2026:08:17-21:48:11:22239 |CCL_INFO| process launcher: pmix, local_proc_idx: 2, local_proc_count: 12
2026:08:17-21:48:11:97345 |CCL_INFO| initializing level-zero
2026:08:17-21:48:11:97345 |CCL_INFO| Total hardware threads: 3584
2026:08:17-21:48:11:97345 |CCL_INFO| auto tune with port counts enabled
2026:08:17-21:48:11:22243 |CCL_INFO| process launcher: pmix, local_proc_idx: 6, local_proc_count: 12
2026:08:17-21:48:11:11115 |CCL_INFO| initializing level-zero api
2026:08:17-21:48:11:11115 |CCL_INFO| initializing level-zero
2026:08:17-21:48:11:11115 |CCL_INFO| Total hardware threads: 3584
2026:08:17-21:48:11:114537 |CCL_INFO| process launcher: pmix, local_proc_idx: 7, local_proc_count: 12
2026:08:17-21:48:11:11115 |CCL_INFO| auto tune with port counts enabled
2026:08:17-21:48:11:153717 |CCL_INFO| process launcher: pmix, local_proc_idx: 5, local_proc_count: 12
2026:08:17-21:48:11:203045 |CCL_INFO| process launcher: pmix, local_proc_idx: 0, local_proc_count: 12
2026:08:17-21:48:11:22239 |CCL_INFO| initializing level-zero api
2026:08:17-21:48:11:22239 |CCL_INFO| initializing level-zero
2026:08:17-21:48:11:22239 |CCL_INFO| Total hardware threads: 3584
2026:08:17-21:48:11:22239 |CCL_INFO| auto tune with port counts enabled
2026:08:17-21:48:11:22243 |CCL_INFO| initializing level-zero api
2026:08:17-21:48:11:22243 |CCL_INFO| initializing level-zero
2026:08:17-21:48:11:22243 |CCL_INFO| Total hardware threads: 3584
2026:08:17-21:48:11:22243 |CCL_INFO| auto tune with port counts enabled
2026:08:17-21:48:11:114537 |CCL_INFO| initializing level-zero api
2026:08:17-21:48:11:153715 |CCL_INFO| process launcher: pmix, local_proc_idx: 3, local_proc_count: 12
2026:08:17-21:48:11:114537 |CCL_INFO| initializing level-zero
2026:08:17-21:48:11:153717 |CCL_INFO| initializing level-zero api
2026:08:17-21:48:11:153717 |CCL_INFO| initializing level-zero
2026:08:17-21:48:11:153717 |CCL_INFO| Total hardware threads: 3584
2026:08:17-21:48:11:153717 |CCL_INFO| auto tune with port counts enabled
2026:08:17-21:48:11:50419 |CCL_INFO| process launcher: pmix, local_proc_idx: 7, local_proc_count: 12
2026:08:17-21:48:11:153719 |CCL_INFO| process launcher: pmix, local_proc_idx: 7, local_proc_count: 12
2026:08:17-21:48:11:119099 |CCL_INFO| process launcher: pmix, local_proc_idx: 6, local_proc_count: 12
2026:08:17-21:48:11:97349 |CCL_INFO| ze fabric ports: 10 were able to be detected
2026:08:17-21:48:11:11112 |CCL_INFO| process launcher: pmix, local_proc_idx: 3, local_proc_count: 12
2026:08:17-21:48:11:114537 |CCL_INFO| Total hardware threads: 3584
2026:08:17-21:48:11:114537 |CCL_INFO| auto tune with port counts enabled
2026:08:17-21:48:11:203045 |CCL_INFO| initializing level-zero api
2026:08:17-21:48:11:203045 |CCL_INFO| initializing level-zero
2026:08:17-21:48:11:203045 |CCL_INFO| Total hardware threads: 3584
2026:08:17-21:48:11:153715 |CCL_INFO| initializing level-zero api
2026:08:17-21:48:11:203045 |CCL_INFO| auto tune with port counts enabled
2026:08:17-21:48:11:153715 |CCL_INFO| initializing level-zero
2026:08:17-21:48:11:153715 |CCL_INFO| Total hardware threads: 3584
2026:08:17-21:48:11:153715 |CCL_INFO| auto tune with port counts enabled
2026:08:17-21:48:11:153719 |CCL_INFO| initializing level-zero api
2026:08:17-21:48:11:11112 |CCL_INFO| initializing level-zero api
2026:08:17-21:48:11:153719 |CCL_INFO| initializing level-zero
2026:08:17-21:48:11:119099 |CCL_INFO| initializing level-zero api
2026:08:17-21:48:11:50419 |CCL_INFO| initializing level-zero api
2026:08:17-21:48:11:11112 |CCL_INFO| initializing level-zero
2026:08:17-21:48:11:11112 |CCL_INFO| Total hardware threads: 3584
2026:08:17-21:48:11:153719 |CCL_INFO| Total hardware threads: 3584
2026:08:17-21:48:11:153719 |CCL_INFO| auto tune with port counts enabled
2026:08:17-21:48:11:119099 |CCL_INFO| initializing level-zero
2026:08:17-21:48:11:119099 |CCL_INFO| Total hardware threads: 3584
2026:08:17-21:48:11:97348 |CCL_INFO| ze fabric ports: 10 were able to be detected
2026:08:17-21:48:11:50419 |CCL_INFO| initializing level-zero
2026:08:17-21:48:11:119099 |CCL_INFO| auto tune with port counts enabled
2026:08:17-21:48:11:50419 |CCL_INFO| Total hardware threads: 3584
2026:08:17-21:48:11:11112 |CCL_INFO| auto tune with port counts enabled
2026:08:17-21:48:11:50419 |CCL_INFO| auto tune with port counts enabled
2026:08:17-21:48:11:203046 |CCL_INFO| process launcher: pmix, local_proc_idx: 1, local_proc_count: 12
2026:08:17-21:48:11:203049 |CCL_INFO| process launcher: pmix, local_proc_idx: 4, local_proc_count: 12
2026:08:17-21:48:11:119098 |CCL_INFO| process launcher: pmix, local_proc_idx: 5, local_proc_count: 12
2026:08:17-21:48:11:119100 |CCL_INFO| process launcher: pmix, local_proc_idx: 7, local_proc_count: 12
2026:08:17-21:48:11:203055 |CCL_INFO| process launcher: pmix, local_proc_idx: 10, local_proc_count: 12
2026:08:17-21:48:11:203046 |CCL_INFO| initializing level-zero api
2026:08:17-21:48:11:203046 |CCL_INFO| initializing level-zero
2026:08:17-21:48:11:203046 |CCL_INFO| Total hardware threads: 3584
2026:08:17-21:48:11:203046 |CCL_INFO| auto tune with port counts enabled
2026:08:17-21:48:11:119098 |CCL_INFO| initializing level-zero api
2026:08:17-21:48:11:203049 |CCL_INFO| initializing level-zero api
2026:08:17-21:48:11:119093 |CCL_INFO| ze fabric ports: 10 were able to be detected
2026:08:17-21:48:11:119098 |CCL_INFO| initializing level-zero
2026:08:17-21:48:11:119098 |CCL_INFO| Total hardware threads: 3584
2026:08:17-21:48:11:119098 |CCL_INFO| auto tune with port counts enabled
2026:08:17-21:48:11:203049 |CCL_INFO| initializing level-zero
2026:08:17-21:48:11:203049 |CCL_INFO| Total hardware threads: 3584
2026:08:17-21:48:11:203049 |CCL_INFO| auto tune with port counts enabled
2026:08:17-21:48:11:119100 |CCL_INFO| initializing level-zero api
2026:08:17-21:48:11:203055 |CCL_INFO| initializing level-zero api
2026:08:17-21:48:11:119100 |CCL_INFO| initializing level-zero
2026:08:17-21:48:11:119100 |CCL_INFO| Total hardware threads: 3584
2026:08:17-21:48:11:119100 |CCL_INFO| auto tune with port counts enabled
2026:08:17-21:48:11:203055 |CCL_INFO| initializing level-zero
2026:08:17-21:48:11:203055 |CCL_INFO| Total hardware threads: 3584
2026:08:17-21:48:11:203055 |CCL_INFO| auto tune with port counts enabled
2026:08:17-21:48:11:50415 |CCL_INFO| process launcher: pmix, local_proc_idx: 3, local_proc_count: 12
2026:08:17-21:48:11:50415 |CCL_INFO| initializing level-zero api
2026:08:17-21:48:11:50415 |CCL_INFO| initializing level-zero
2026:08:17-21:48:11:50415 |CCL_INFO| Total hardware threads: 3584
2026:08:17-21:48:11:50415 |CCL_INFO| auto tune with port counts enabled
2026:08:17-21:48:11:203048 |CCL_INFO| process launcher: pmix, local_proc_idx: 3, local_proc_count: 12
2026:08:17-21:48:11:62821 |CCL_INFO| process launcher: pmix, local_proc_idx: 0, local_proc_count: 12
2026:08:17-21:48:11:97641 |CCL_INFO| ze fabric ports: 10 were able to be detected
2026:08:17-21:48:11:62822 |CCL_INFO| process launcher: pmix, local_proc_idx: 1, local_proc_count: 12
2026:08:17-21:48:11:62825 |CCL_INFO| process launcher: pmix, local_proc_idx: 4, local_proc_count: 12
2026:08:17-21:48:11:62825 |CCL_INFO| initializing level-zero api
2026:08:17-21:48:11:62825 |CCL_INFO| initializing level-zero
2026:08:17-21:48:11:62825 |CCL_INFO| Total hardware threads: 3584
2026:08:17-21:48:11:62825 |CCL_INFO| auto tune with port counts enabled
2026:08:17-21:48:11:62826 |CCL_INFO| process launcher: pmix, local_proc_idx: 5, local_proc_count: 12
2026:08:17-21:48:11:62826 |CCL_INFO| initializing level-zero api
2026:08:17-21:48:11:62826 |CCL_INFO| initializing level-zero
2026:08:17-21:48:11:62826 |CCL_INFO| Total hardware threads: 3584
2026:08:17-21:48:11:62826 |CCL_INFO| auto tune with port counts enabled
2026:08:17-21:48:11:62827 |CCL_INFO| process launcher: pmix, local_proc_idx: 6, local_proc_count: 12
2026:08:17-21:48:11:62827 |CCL_INFO| initializing level-zero api
2026:08:17-21:48:11:62827 |CCL_INFO| initializing level-zero
2026:08:17-21:48:11:62827 |CCL_INFO| Total hardware threads: 3584
2026:08:17-21:48:11:62827 |CCL_INFO| auto tune with port counts enabled
2026:08:17-21:48:11:203048 |CCL_INFO| initializing level-zero api
2026:08:17-21:48:11:62828 |CCL_INFO| process launcher: pmix, local_proc_idx: 7, local_proc_count: 12
2026:08:17-21:48:11:62828 |CCL_INFO| initializing level-zero api
2026:08:17-21:48:11:62828 |CCL_INFO| initializing level-zero
2026:08:17-21:48:11:62828 |CCL_INFO| Total hardware threads: 3584
2026:08:17-21:48:11:62828 |CCL_INFO| auto tune with port counts enabled
2026:08:17-21:48:11:203048 |CCL_INFO| initializing level-zero
2026:08:17-21:48:11:203048 |CCL_INFO| Total hardware threads: 3584
2026:08:17-21:48:11:203048 |CCL_INFO| auto tune with port counts enabled
2026:08:17-21:48:11:62832 |CCL_INFO| process launcher: pmix, local_proc_idx: 11, local_proc_count: 12
2026:08:17-21:48:11:62832 |CCL_INFO| initializing level-zero api
2026:08:17-21:48:11:62832 |CCL_INFO| initializing level-zero
2026:08:17-21:48:11:62832 |CCL_INFO| Total hardware threads: 3584
2026:08:17-21:48:11:62832 |CCL_INFO| auto tune with port counts enabled
2026:08:17-21:48:11:97343 |CCL_INFO| ze fabric ports: 10 were able to be detected
2026:08:17-21:48:11:62821 |CCL_INFO| initializing level-zero api
2026:08:17-21:48:11:62821 |CCL_INFO| initializing level-zero
2026:08:17-21:48:11:62821 |CCL_INFO| Total hardware threads: 3584
2026:08:17-21:48:11:62821 |CCL_INFO| auto tune with port counts enabled
2026:08:17-21:48:11:62822 |CCL_INFO| initializing level-zero api
2026:08:17-21:48:11:62822 |CCL_INFO| initializing level-zero
2026:08:17-21:48:11:62822 |CCL_INFO| Total hardware threads: 3584
2026:08:17-21:48:11:62822 |CCL_INFO| auto tune with port counts enabled
2026:08:17-21:48:11:62824 |CCL_INFO| process launcher: pmix, local_proc_idx: 3, local_proc_count: 12
2026:08:17-21:48:11:62824 |CCL_INFO| initializing level-zero api
2026:08:17-21:48:11:62824 |CCL_INFO| initializing level-zero
2026:08:17-21:48:11:62824 |CCL_INFO| Total hardware threads: 3584
2026:08:17-21:48:11:62824 |CCL_INFO| auto tune with port counts enabled
2026:08:17-21:48:11:97636 |CCL_INFO| ze fabric ports: 10 were able to be detected
2026:08:17-21:48:11:97640 |CCL_INFO| ze fabric ports: 10 were able to be detected
2026:08:17-21:48:11:114531 |CCL_INFO| ze fabric ports: 10 were able to be detected
2026:08:17-21:48:11:11110 |CCL_INFO| ze fabric ports: 10 were able to be detected
2026:08:17-21:48:11:97643 |CCL_INFO| ze fabric ports: 10 were able to be detected
2026:08:17-21:48:11:114530 |CCL_INFO| ze fabric ports: 10 were able to be detected
2026:08:17-21:48:11:11113 |CCL_INFO| ze fabric ports: 10 were able to be detected
2026:08:17-21:48:11:97344 |CCL_INFO| ze fabric ports: 10 were able to be detected
2026:08:17-21:48:11:119097 |CCL_INFO| ze fabric ports: 10 were able to be detected
2026:08:17-21:48:11:97352 |CCL_INFO| ze fabric ports: 10 were able to be detected
2026:08:17-21:48:11:50416 |CCL_INFO| ze fabric ports: 10 were able to be detected
2026:08:17-21:48:11:114541 |CCL_INFO| ze fabric ports: 10 were able to be detected
2026:08:17-21:48:11:153717 |CCL_INFO| ze fabric ports: 10 were able to be detected
2026:08:17-21:48:11:119094 |CCL_INFO| ze fabric ports: 10 were able to be detected
2026:08:17-21:48:11:50413 |CCL_INFO| ze fabric ports: 10 were able to be detected
2026:08:17-21:48:11:50412 |CCL_INFO| ze fabric ports: 10 were able to be detected
2026:08:17-21:48:11:153715 |CCL_INFO| ze fabric ports: 10 were able to be detected
2026:08:17-21:48:11:97353 |CCL_INFO| ze fabric ports: 10 were able to be detected
2026:08:17-21:48:11:203056 |CCL_INFO| ze fabric ports: 10 were able to be detected
2026:08:17-21:48:11:153719 |CCL_INFO| ze fabric ports: 10 were able to be detected
2026:08:17-21:48:11:11114 |CCL_INFO| ze fabric ports: 10 were able to be detected
2026:08:17-21:48:11:114537 |CCL_INFO| ze fabric ports: 10 were able to be detected
2026:08:17-21:48:11:11115 |CCL_INFO| ze fabric ports: 10 were able to be detected
2026:08:17-21:48:11:50414 |CCL_INFO| ze fabric ports: 10 were able to be detected
2026:08:17-21:48:11:50417 |CCL_INFO| ze fabric ports: 10 were able to be detected
2026:08:17-21:48:11:203045 |CCL_INFO| ze fabric ports: 10 were able to be detected
2026:08:17-21:48:11:11112 |CCL_INFO| ze fabric ports: 10 were able to be detected
2026:08:17-21:48:11:114535 |CCL_INFO| process launcher: pmix, local_proc_idx: 5, local_proc_count: 12
2026:08:17-21:48:11:119099 |CCL_INFO| ze fabric ports: 10 were able to be detected
2026:08:17-21:48:11:114535 |CCL_INFO| initializing level-zero api
2026:08:17-21:48:11:114535 |CCL_INFO| initializing level-zero
2026:08:17-21:48:11:114535 |CCL_INFO| Total hardware threads: 3584
2026:08:17-21:48:11:114535 |CCL_INFO| auto tune with port counts enabled
2026:08:17-21:48:11:22238 |CCL_INFO| ze fabric ports: 10 were able to be detected
2026:08:17-21:48:11:22240 |CCL_INFO| ze fabric ports: 10 were able to be detected
2026:08:17-21:48:11:22242 |CCL_INFO| ze fabric ports: 10 were able to be detected
2026:08:17-21:48:11:203046 |CCL_INFO| ze fabric ports: 10 were able to be detected
2026:08:17-21:48:11:119098 |CCL_INFO| ze fabric ports: 10 were able to be detected
2026:08:17-21:48:11:203049 |CCL_INFO| ze fabric ports: 10 were able to be detected
2026:08:17-21:48:11:203055 |CCL_INFO| ze fabric ports: 10 were able to be detected
2026:08:17-21:48:11:97346 |CCL_INFO| ze fabric ports: 10 were able to be detected
2026:08:17-21:48:11:119100 |CCL_INFO| ze fabric ports: 10 were able to be detected
2026:08:17-21:48:11:50419 |CCL_INFO| ze fabric ports: 10 were able to be detected
2026:08:17-21:48:11:97345 |CCL_INFO| ze fabric ports: 10 were able to be detected
2026:08:17-21:48:11:50415 |CCL_INFO| ze fabric ports: 10 were able to be detected
2026:08:17-21:48:11:203048 |CCL_INFO| ze fabric ports: 10 were able to be detected
2026:08:17-21:48:11:22237 |CCL_INFO| ze fabric ports: 10 were able to be detected
2026:08:17-21:48:11:22241 |CCL_INFO| ze fabric ports: 10 were able to be detected
2026:08:17-21:48:11:22244 |CCL_INFO| ze fabric ports: 10 were able to be detected
2026:08:17-21:48:11:22247 |CCL_INFO| ze fabric ports: 10 were able to be detected
2026:08:17-21:48:11:22248 |CCL_INFO| ze fabric ports: 10 were able to be detected
2026:08:17-21:48:11: 8252 |CCL_INFO| process launcher: pmix, local_proc_idx: 8, local_proc_count: 12
2026:08:17-21:48:11: 8252 |CCL_INFO| initializing level-zero api
2026:08:17-21:48:11: 8252 |CCL_INFO| initializing level-zero
2026:08:17-21:48:11: 8252 |CCL_INFO| Total hardware threads: 3584
2026:08:17-21:48:11: 8252 |CCL_INFO| auto tune with port counts enabled
2026:08:17-21:48:11:22239 |CCL_INFO| ze fabric ports: 10 were able to be detected
2026:08:17-21:48:11:22243 |CCL_INFO| ze fabric ports: 10 were able to be detected
2026:08:17-21:48:11:62826 |CCL_INFO| ze fabric ports: 10 were able to be detected
2026:08:17-21:48:11:62821 |CCL_INFO| ze fabric ports: 10 were able to be detected
2026:08:17-21:48:11:62824 |CCL_INFO| ze fabric ports: 10 were able to be detected
2026:08:17-21:48:11:62825 |CCL_INFO| ze fabric ports: 10 were able to be detected
2026:08:17-21:48:11:62822 |CCL_INFO| ze fabric ports: 10 were able to be detected
2026:08:17-21:48:11:62828 |CCL_INFO| ze fabric ports: 10 were able to be detected
2026:08:17-21:48:11:62827 |CCL_INFO| ze fabric ports: 10 were able to be detected
2026:08:17-21:48:11:62832 |CCL_INFO| ze fabric ports: 10 were able to be detected
2026:08:17-21:48:11:97638 |CCL_INFO| process launcher: pmix, local_proc_idx: 2, local_proc_count: 12
2026:08:17-21:48:11:97638 |CCL_INFO| initializing level-zero api
2026:08:17-21:48:11:97638 |CCL_INFO| initializing level-zero
2026:08:17-21:48:11:97638 |CCL_INFO| Total hardware threads: 3584
2026:08:17-21:48:11:97638 |CCL_INFO| auto tune with port counts enabled
2026:08:17-21:48:11:97646 |CCL_INFO| process launcher: pmix, local_proc_idx: 10, local_proc_count: 12
2026:08:17-21:48:11:97646 |CCL_INFO| initializing level-zero api
2026:08:17-21:48:11:97646 |CCL_INFO| initializing level-zero
2026:08:17-21:48:11:97646 |CCL_INFO| Total hardware threads: 3584
2026:08:17-21:48:11:97646 |CCL_INFO| auto tune with port counts enabled
2026:08:17-21:48:11:114535 |CCL_INFO| ze fabric ports: 10 were able to be detected
2026:08:17-21:48:11:153714 |CCL_INFO| process launcher: pmix, local_proc_idx: 2, local_proc_count: 12
2026:08:17-21:48:11:11120 |CCL_INFO| process launcher: pmix, local_proc_idx: 11, local_proc_count: 12
2026:08:17-21:48:11:11120 |CCL_INFO| initializing level-zero api
2026:08:17-21:48:11:36021 |CCL_INFO| process launcher: pmix, local_proc_idx: 0, local_proc_count: 12
2026:08:17-21:48:11:11120 |CCL_INFO| initializing level-zero
2026:08:17-21:48:11:11120 |CCL_INFO| Total hardware threads: 3584
2026:08:17-21:48:11:11120 |CCL_INFO| auto tune with port counts enabled
2026:08:17-21:48:11:153716 |CCL_INFO| process launcher: pmix, local_proc_idx: 4, local_proc_count: 12
2026:08:17-21:48:11:153714 |CCL_INFO| initializing level-zero api
2026:08:17-21:48:11:153714 |CCL_INFO| initializing level-zero
2026:08:17-21:48:11:153714 |CCL_INFO| Total hardware threads: 3584
2026:08:17-21:48:11:153714 |CCL_INFO| auto tune with port counts enabled
2026:08:17-21:48:11:36021 |CCL_INFO| initializing level-zero api
2026:08:17-21:48:11:36021 |CCL_INFO| initializing level-zero
2026:08:17-21:48:11:36021 |CCL_INFO| Total hardware threads: 3584
2026:08:17-21:48:11:36021 |CCL_INFO| auto tune with port counts enabled
2026:08:17-21:48:11:97647 |CCL_INFO| process launcher: pmix, local_proc_idx: 11, local_proc_count: 12
2026:08:17-21:48:11:153716 |CCL_INFO| initializing level-zero api
2026:08:17-21:48:11:153716 |CCL_INFO| initializing level-zero
2026:08:17-21:48:11:153716 |CCL_INFO| Total hardware threads: 3584
2026:08:17-21:48:11:153716 |CCL_INFO| auto tune with port counts enabled
2026:08:17-21:48:11:97642 |CCL_INFO| process launcher: pmix, local_proc_idx: 6, local_proc_count: 12
2026:08:17-21:48:11:97647 |CCL_INFO| initializing level-zero api
2026:08:17-21:48:11:97647 |CCL_INFO| initializing level-zero
2026:08:17-21:48:11:97647 |CCL_INFO| Total hardware threads: 3584
2026:08:17-21:48:11:97647 |CCL_INFO| auto tune with port counts enabled
2026:08:17-21:48:11:97642 |CCL_INFO| initializing level-zero api
2026:08:17-21:48:11:97642 |CCL_INFO| initializing level-zero
2026:08:17-21:48:11:153718 |CCL_INFO| process launcher: pmix, local_proc_idx: 6, local_proc_count: 12
2026:08:17-21:48:11:97642 |CCL_INFO| Total hardware threads: 3584
2026:08:17-21:48:11:97642 |CCL_INFO| auto tune with port counts enabled
2026:08:17-21:48:11:153712 |CCL_INFO| process launcher: pmix, local_proc_idx: 0, local_proc_count: 12
2026:08:17-21:48:11:36028 |CCL_INFO| process launcher: pmix, local_proc_idx: 7, local_proc_count: 12
2026:08:17-21:48:11:153713 |CCL_INFO| process launcher: pmix, local_proc_idx: 1, local_proc_count: 12
2026:08:17-21:48:11: 8247 |CCL_INFO| process launcher: pmix, local_proc_idx: 3, local_proc_count: 12
2026:08:17-21:48:11:36028 |CCL_INFO| initializing level-zero api
2026:08:17-21:48:11:153718 |CCL_INFO| initializing level-zero api
2026:08:17-21:48:11:36028 |CCL_INFO| initializing level-zero
2026:08:17-21:48:11:36028 |CCL_INFO| Total hardware threads: 3584
2026:08:17-21:48:11:153718 |CCL_INFO| initializing level-zero
2026:08:17-21:48:11:36028 |CCL_INFO| auto tune with port counts enabled
2026:08:17-21:48:11:153718 |CCL_INFO| Total hardware threads: 3584
2026:08:17-21:48:11:153718 |CCL_INFO| auto tune with port counts enabled
2026:08:17-21:48:11: 8247 |CCL_INFO| initializing level-zero api
2026:08:17-21:48:11:153712 |CCL_INFO| initializing level-zero api
2026:08:17-21:48:11:153712 |CCL_INFO| initializing level-zero
2026:08:17-21:48:11:153712 |CCL_INFO| Total hardware threads: 3584
2026:08:17-21:48:11:153712 |CCL_INFO| auto tune with port counts enabled
2026:08:17-21:48:11: 8247 |CCL_INFO| initializing level-zero
2026:08:17-21:48:11: 8247 |CCL_INFO| Total hardware threads: 3584
2026:08:17-21:48:11: 8247 |CCL_INFO| auto tune with port counts enabled
2026:08:17-21:48:11:203051 |CCL_INFO| process launcher: pmix, local_proc_idx: 6, local_proc_count: 12
2026:08:17-21:48:11:203047 |CCL_INFO| process launcher: pmix, local_proc_idx: 2, local_proc_count: 12
2026:08:17-21:48:11:50423 |CCL_INFO| process launcher: pmix, local_proc_idx: 11, local_proc_count: 12
2026:08:17-21:48:11:153713 |CCL_INFO| initializing level-zero api
2026:08:17-21:48:11:153713 |CCL_INFO| initializing level-zero
2026:08:17-21:48:11:153713 |CCL_INFO| Total hardware threads: 3584
2026:08:17-21:48:11:153713 |CCL_INFO| auto tune with port counts enabled
2026:08:17-21:48:11: 8252 |CCL_INFO| ze fabric ports: 10 were able to be detected
2026:08:17-21:48:11: 8254 |CCL_INFO| process launcher: pmix, local_proc_idx: 10, local_proc_count: 12
2026:08:17-21:48:11:203051 |CCL_INFO| initializing level-zero api
2026:08:17-21:48:11:203051 |CCL_INFO| initializing level-zero
2026:08:17-21:48:11:50423 |CCL_INFO| initializing level-zero api
2026:08:17-21:48:11:203051 |CCL_INFO| Total hardware threads: 3584
2026:08:17-21:48:11:203051 |CCL_INFO| auto tune with port counts enabled
2026:08:17-21:48:11:50423 |CCL_INFO| initializing level-zero
2026:08:17-21:48:11:50423 |CCL_INFO| Total hardware threads: 3584
2026:08:17-21:48:11:50423 |CCL_INFO| auto tune with port counts enabled
2026:08:17-21:48:11:114534 |CCL_INFO| process launcher: pmix, local_proc_idx: 4, local_proc_count: 12
2026:08:17-21:48:11:50422 |CCL_INFO| process launcher: pmix, local_proc_idx: 10, local_proc_count: 12
2026:08:17-21:48:11: 8248 |CCL_INFO| process launcher: pmix, local_proc_idx: 4, local_proc_count: 12
2026:08:17-21:48:11:203047 |CCL_INFO| initializing level-zero api
2026:08:17-21:48:11:203047 |CCL_INFO| initializing level-zero
2026:08:17-21:48:11:203047 |CCL_INFO| Total hardware threads: 3584
2026:08:17-21:48:11:203047 |CCL_INFO| auto tune with port counts enabled
2026:08:17-21:48:11:36024 |CCL_INFO| process launcher: pmix, local_proc_idx: 3, local_proc_count: 12
2026:08:17-21:48:11: 8254 |CCL_INFO| initializing level-zero api
2026:08:17-21:48:11:36025 |CCL_INFO| process launcher: pmix, local_proc_idx: 4, local_proc_count: 12
2026:08:17-21:48:11: 8254 |CCL_INFO| initializing level-zero
2026:08:17-21:48:11:114534 |CCL_INFO| initializing level-zero api
2026:08:17-21:48:11: 8254 |CCL_INFO| Total hardware threads: 3584
2026:08:17-21:48:11: 8254 |CCL_INFO| auto tune with port counts enabled
2026:08:17-21:48:11:114534 |CCL_INFO| initializing level-zero
2026:08:17-21:48:11:114534 |CCL_INFO| Total hardware threads: 3584
2026:08:17-21:48:11:114534 |CCL_INFO| auto tune with port counts enabled
2026:08:17-21:48:11:50422 |CCL_INFO| initializing level-zero api
2026:08:17-21:48:11:153722 |CCL_INFO| process launcher: pmix, local_proc_idx: 10, local_proc_count: 12
2026:08:17-21:48:11:50422 |CCL_INFO| initializing level-zero
2026:08:17-21:48:11:50422 |CCL_INFO| Total hardware threads: 3584
2026:08:17-21:48:11:50422 |CCL_INFO| auto tune with port counts enabled
2026:08:17-21:48:11: 8248 |CCL_INFO| initializing level-zero api
2026:08:17-21:48:11: 8248 |CCL_INFO| initializing level-zero
2026:08:17-21:48:11: 8248 |CCL_INFO| Total hardware threads: 3584
2026:08:17-21:48:11: 8248 |CCL_INFO| auto tune with port counts enabled
2026:08:17-21:48:11:10384 |CCL_INFO| process launcher: pmix, local_proc_idx: 0, local_proc_count: 12
2026:08:17-21:48:11:10384 |CCL_INFO| initializing level-zero api
2026:08:17-21:48:11:36024 |CCL_INFO| initializing level-zero api
2026:08:17-21:48:11:10384 |CCL_INFO| initializing level-zero
2026:08:17-21:48:11:10384 |CCL_INFO| Total hardware threads: 3584
2026:08:17-21:48:11:10384 |CCL_INFO| auto tune with port counts enabled
2026:08:17-21:48:11:36024 |CCL_INFO| initializing level-zero
2026:08:17-21:48:11:36025 |CCL_INFO| initializing level-zero api
2026:08:17-21:48:11:36025 |CCL_INFO| initializing level-zero
2026:08:17-21:48:11:36025 |CCL_INFO| Total hardware threads: 3584
2026:08:17-21:48:11:36024 |CCL_INFO| Total hardware threads: 3584
2026:08:17-21:48:11:36024 |CCL_INFO| auto tune with port counts enabled
2026:08:17-21:48:11:36025 |CCL_INFO| auto tune with port counts enabled
2026:08:17-21:48:11:114533 |CCL_INFO| process launcher: pmix, local_proc_idx: 3, local_proc_count: 12
2026:08:17-21:48:11:97645 |CCL_INFO| process launcher: pmix, local_proc_idx: 9, local_proc_count: 12
2026:08:17-21:48:11:153722 |CCL_INFO| initializing level-zero api
2026:08:17-21:48:11:153722 |CCL_INFO| initializing level-zero
2026:08:17-21:48:11:153722 |CCL_INFO| Total hardware threads: 3584
2026:08:17-21:48:11:153722 |CCL_INFO| auto tune with port counts enabled
2026:08:17-21:48:11:119104 |CCL_INFO| process launcher: pmix, local_proc_idx: 11, local_proc_count: 12
2026:08:17-21:48:11:36031 |CCL_INFO| process launcher: pmix, local_proc_idx: 10, local_proc_count: 12
2026:08:17-21:48:11:119103 |CCL_INFO| process launcher: pmix, local_proc_idx: 10, local_proc_count: 12
2026:08:17-21:48:11:118527 |CCL_INFO| process launcher: pmix, local_proc_idx: 5, local_proc_count: 12
2026:08:17-21:48:11:119104 |CCL_INFO| initializing level-zero api
2026:08:17-21:48:11:118522 |CCL_INFO| process launcher: pmix, local_proc_idx: 0, local_proc_count: 12
2026:08:17-21:48:11:119104 |CCL_INFO| initializing level-zero
2026:08:17-21:48:11:10387 |CCL_INFO| process launcher: pmix, local_proc_idx: 3, local_proc_count: 12
2026:08:17-21:48:11:114540 |CCL_INFO| process launcher: pmix, local_proc_idx: 10, local_proc_count: 12
2026:08:17-21:48:11:118532 |CCL_INFO| process launcher: pmix, local_proc_idx: 10, local_proc_count: 12
2026:08:17-21:48:11:119104 |CCL_INFO| Total hardware threads: 3584
2026:08:17-21:48:11:119104 |CCL_INFO| auto tune with port counts enabled
2026:08:17-21:48:11:10394 |CCL_INFO| process launcher: pmix, local_proc_idx: 10, local_proc_count: 12
2026:08:17-21:48:11: 8251 |CCL_INFO| process launcher: pmix, local_proc_idx: 7, local_proc_count: 12
2026:08:17-21:48:11:97645 |CCL_INFO| initializing level-zero api
2026:08:17-21:48:11:114533 |CCL_INFO| initializing level-zero api
2026:08:17-21:48:11:36032 |CCL_INFO| process launcher: pmix, local_proc_idx: 11, local_proc_count: 12
2026:08:17-21:48:11:118527 |CCL_INFO| initializing level-zero api
2026:08:17-21:48:11:119103 |CCL_INFO| initializing level-zero api
2026:08:17-21:48:11:10389 |CCL_INFO| process launcher: pmix, local_proc_idx: 5, local_proc_count: 12
2026:08:17-21:48:11: 8250 |CCL_INFO| process launcher: pmix, local_proc_idx: 6, local_proc_count: 12
2026:08:17-21:48:11:97645 |CCL_INFO| initializing level-zero
2026:08:17-21:48:11:114533 |CCL_INFO| initializing level-zero
2026:08:17-21:48:11:114533 |CCL_INFO| Total hardware threads: 3584
2026:08:17-21:48:11:114533 |CCL_INFO| auto tune with port counts enabled
2026:08:17-21:48:11:118527 |CCL_INFO| initializing level-zero
2026:08:17-21:48:11:118527 |CCL_INFO| Total hardware threads: 3584
2026:08:17-21:48:11:119103 |CCL_INFO| initializing level-zero
2026:08:17-21:48:11:10394 |CCL_INFO| initializing level-zero api
2026:08:17-21:48:11: 8251 |CCL_INFO| initializing level-zero api
2026:08:17-21:48:11:97645 |CCL_INFO| Total hardware threads: 3584
2026:08:17-21:48:11:97645 |CCL_INFO| auto tune with port counts enabled
2026:08:17-21:48:11:114540 |CCL_INFO| initializing level-zero api
2026:08:17-21:48:11:118527 |CCL_INFO| auto tune with port counts enabled
2026:08:17-21:48:11:119103 |CCL_INFO| Total hardware threads: 3584
2026:08:17-21:48:11:119103 |CCL_INFO| auto tune with port counts enabled
2026:08:17-21:48:11:10387 |CCL_INFO| initializing level-zero api
2026:08:17-21:48:11: 8251 |CCL_INFO| initializing level-zero
2026:08:17-21:48:11:114540 |CCL_INFO| initializing level-zero
2026:08:17-21:48:11:36031 |CCL_INFO| initializing level-zero api
2026:08:17-21:48:11:118522 |CCL_INFO| initializing level-zero api
2026:08:17-21:48:11:119095 |CCL_INFO| process launcher: pmix, local_proc_idx: 2, local_proc_count: 12
2026:08:17-21:48:11:10387 |CCL_INFO| initializing level-zero
2026:08:17-21:48:11: 8251 |CCL_INFO| Total hardware threads: 3584
2026:08:17-21:48:11: 8251 |CCL_INFO| auto tune with port counts enabled
2026:08:17-21:48:11:114540 |CCL_INFO| Total hardware threads: 3584
2026:08:17-21:48:11:114540 |CCL_INFO| auto tune with port counts enabled
2026:08:17-21:48:11:36031 |CCL_INFO| initializing level-zero
2026:08:17-21:48:11:36031 |CCL_INFO| Total hardware threads: 3584
2026:08:17-21:48:11:36031 |CCL_INFO| auto tune with port counts enabled
2026:08:17-21:48:11:118532 |CCL_INFO| initializing level-zero api
2026:08:17-21:48:11:119095 |CCL_INFO| initializing level-zero api
2026:08:17-21:48:11:10394 |CCL_INFO| initializing level-zero
2026:08:17-21:48:11:10394 |CCL_INFO| Total hardware threads: 3584
2026:08:17-21:48:11:10394 |CCL_INFO| auto tune with port counts enabled
2026:08:17-21:48:11: 8250 |CCL_INFO| initializing level-zero api
2026:08:17-21:48:11:118522 |CCL_INFO| initializing level-zero
2026:08:17-21:48:11:118522 |CCL_INFO| Total hardware threads: 3584
2026:08:17-21:48:11:118522 |CCL_INFO| auto tune with port counts enabled
2026:08:17-21:48:11:119095 |CCL_INFO| initializing level-zero
2026:08:17-21:48:11:119095 |CCL_INFO| Total hardware threads: 3584
2026:08:17-21:48:11:119095 |CCL_INFO| auto tune with port counts enabled
2026:08:17-21:48:11:10387 |CCL_INFO| Total hardware threads: 3584
2026:08:17-21:48:11:10387 |CCL_INFO| auto tune with port counts enabled
2026:08:17-21:48:11: 8250 |CCL_INFO| initializing level-zero
2026:08:17-21:48:11:118532 |CCL_INFO| initializing level-zero
2026:08:17-21:48:11:118532 |CCL_INFO| Total hardware threads: 3584
2026:08:17-21:48:11:118532 |CCL_INFO| auto tune with port counts enabled
2026:08:17-21:48:11:10388 |CCL_INFO| process launcher: pmix, local_proc_idx: 4, local_proc_count: 12
2026:08:17-21:48:11: 8250 |CCL_INFO| Total hardware threads: 3584
2026:08:17-21:48:11: 8250 |CCL_INFO| auto tune with port counts enabled
2026:08:17-21:48:11:10389 |CCL_INFO| initializing level-zero api
2026:08:17-21:48:11:10389 |CCL_INFO| initializing level-zero
2026:08:17-21:48:11:10389 |CCL_INFO| Total hardware threads: 3584
2026:08:17-21:48:11:10389 |CCL_INFO| auto tune with port counts enabled
2026:08:17-21:48:11:10388 |CCL_INFO| initializing level-zero api
2026:08:17-21:48:11:36032 |CCL_INFO| initializing level-zero api
2026:08:17-21:48:11:10388 |CCL_INFO| initializing level-zero
2026:08:17-21:48:11:10388 |CCL_INFO| Total hardware threads: 3584
2026:08:17-21:48:11:10388 |CCL_INFO| auto tune with port counts enabled
2026:08:17-21:48:11:36032 |CCL_INFO| initializing level-zero
2026:08:17-21:48:11:36032 |CCL_INFO| Total hardware threads: 3584
2026:08:17-21:48:11:36032 |CCL_INFO| auto tune with port counts enabled
2026:08:17-21:48:11: 8255 |CCL_INFO| process launcher: pmix, local_proc_idx: 11, local_proc_count: 12
2026:08:17-21:48:11:118529 |CCL_INFO| process launcher: pmix, local_proc_idx: 7, local_proc_count: 12
2026:08:17-21:48:11:118526 |CCL_INFO| process launcher: pmix, local_proc_idx: 4, local_proc_count: 12
2026:08:17-21:48:11:118533 |CCL_INFO| process launcher: pmix, local_proc_idx: 11, local_proc_count: 12
2026:08:17-21:48:11:10385 |CCL_INFO| process launcher: pmix, local_proc_idx: 1, local_proc_count: 12
2026:08:17-21:48:11:118524 |CCL_INFO| process launcher: pmix, local_proc_idx: 2, local_proc_count: 12
2026:08:17-21:48:11:97351 |CCL_INFO| process launcher: pmix, local_proc_idx: 9, local_proc_count: 12
2026:08:17-21:48:11:118528 |CCL_INFO| process launcher: pmix, local_proc_idx: 6, local_proc_count: 12
2026:08:17-21:48:11:118523 |CCL_INFO| process launcher: pmix, local_proc_idx: 1, local_proc_count: 12
2026:08:17-21:48:11:118529 |CCL_INFO| initializing level-zero api
2026:08:17-21:48:11:118529 |CCL_INFO| initializing level-zero
2026:08:17-21:48:11:118529 |CCL_INFO| Total hardware threads: 3584
2026:08:17-21:48:11:118529 |CCL_INFO| auto tune with port counts enabled
2026:08:17-21:48:11:97351 |CCL_INFO| initializing level-zero api
2026:08:17-21:48:11:118533 |CCL_INFO| initializing level-zero api
2026:08:17-21:48:11:118533 |CCL_INFO| initializing level-zero
2026:08:17-21:48:11:97351 |CCL_INFO| initializing level-zero
2026:08:17-21:48:11:97351 |CCL_INFO| Total hardware threads: 3584
2026:08:17-21:48:11:97351 |CCL_INFO| auto tune with port counts enabled
2026:08:17-21:48:11:118533 |CCL_INFO| Total hardware threads: 3584
2026:08:17-21:48:11:118533 |CCL_INFO| auto tune with port counts enabled
2026:08:17-21:48:11: 8255 |CCL_INFO| initializing level-zero api
2026:08:17-21:48:11: 8249 |CCL_INFO| process launcher: pmix, local_proc_idx: 5, local_proc_count: 12
2026:08:17-21:48:11: 8255 |CCL_INFO| initializing level-zero
2026:08:17-21:48:11: 8255 |CCL_INFO| Total hardware threads: 3584
2026:08:17-21:48:11: 8255 |CCL_INFO| auto tune with port counts enabled
2026:08:17-21:48:11:118526 |CCL_INFO| initializing level-zero api
2026:08:17-21:48:11:10385 |CCL_INFO| initializing level-zero api
2026:08:17-21:48:11:118526 |CCL_INFO| initializing level-zero
2026:08:17-21:48:11:10385 |CCL_INFO| initializing level-zero
2026:08:17-21:48:11:10385 |CCL_INFO| Total hardware threads: 3584
2026:08:17-21:48:11:10385 |CCL_INFO| auto tune with port counts enabled
2026:08:17-21:48:11:118524 |CCL_INFO| initializing level-zero api
2026:08:17-21:48:11:118526 |CCL_INFO| Total hardware threads: 3584
2026:08:17-21:48:11:118526 |CCL_INFO| auto tune with port counts enabled
2026:08:17-21:48:11:119102 |CCL_INFO| process launcher: pmix, local_proc_idx: 9, local_proc_count: 12
2026:08:17-21:48:11:50420 |CCL_INFO| process launcher: pmix, local_proc_idx: 8, local_proc_count: 12
2026:08:17-21:48:11:118528 |CCL_INFO| initializing level-zero api
2026:08:17-21:48:11:118528 |CCL_INFO| initializing level-zero
2026:08:17-21:48:11:118528 |CCL_INFO| Total hardware threads: 3584
2026:08:17-21:48:11:118528 |CCL_INFO| auto tune with port counts enabled
2026:08:17-21:48:11:118523 |CCL_INFO| initializing level-zero api
2026:08:17-21:48:11:118523 |CCL_INFO| initializing level-zero
2026:08:17-21:48:11:118523 |CCL_INFO| Total hardware threads: 3584
2026:08:17-21:48:11:118523 |CCL_INFO| auto tune with port counts enabled
2026:08:17-21:48:11:118524 |CCL_INFO| initializing level-zero
2026:08:17-21:48:11:118524 |CCL_INFO| Total hardware threads: 3584
2026:08:17-21:48:11:118524 |CCL_INFO| auto tune with port counts enabled
2026:08:17-21:48:11:36022 |CCL_INFO| process launcher: pmix, local_proc_idx: 1, local_proc_count: 12
2026:08:17-21:48:11: 8249 |CCL_INFO| initializing level-zero api
2026:08:17-21:48:11: 8249 |CCL_INFO| initializing level-zero
2026:08:17-21:48:11: 8249 |CCL_INFO| Total hardware threads: 3584
2026:08:17-21:48:11: 8249 |CCL_INFO| auto tune with port counts enabled
2026:08:17-21:48:11:119102 |CCL_INFO| initializing level-zero api
2026:08:17-21:48:11:50420 |CCL_INFO| initializing level-zero api
2026:08:17-21:48:11:119102 |CCL_INFO| initializing level-zero
2026:08:17-21:48:11:50420 |CCL_INFO| initializing level-zero
2026:08:17-21:48:11:119102 |CCL_INFO| Total hardware threads: 3584
2026:08:17-21:48:11:119102 |CCL_INFO| auto tune with port counts enabled
2026:08:17-21:48:11:50420 |CCL_INFO| Total hardware threads: 3584
2026:08:17-21:48:11:50420 |CCL_INFO| auto tune with port counts enabled
2026:08:17-21:48:11:36022 |CCL_INFO| initializing level-zero api
2026:08:17-21:48:11:36022 |CCL_INFO| initializing level-zero
2026:08:17-21:48:11:36027 |CCL_INFO| process launcher: pmix, local_proc_idx: 6, local_proc_count: 12
2026:08:17-21:48:11:36022 |CCL_INFO| Total hardware threads: 3584
2026:08:17-21:48:11:36022 |CCL_INFO| auto tune with port counts enabled
2026:08:17-21:48:11:11117 |CCL_INFO| process launcher: pmix, local_proc_idx: 8, local_proc_count: 12
2026:08:17-21:48:11:203053 |CCL_INFO| process launcher: pmix, local_proc_idx: 8, local_proc_count: 12
2026:08:17-21:48:11:36027 |CCL_INFO| initializing level-zero api
2026:08:17-21:48:11:36027 |CCL_INFO| initializing level-zero
2026:08:17-21:48:11:36027 |CCL_INFO| Total hardware threads: 3584
2026:08:17-21:48:11:36027 |CCL_INFO| auto tune with port counts enabled
2026:08:17-21:48:11:62829 |CCL_INFO| process launcher: pmix, local_proc_idx: 8, local_proc_count: 12
2026:08:17-21:48:11:203053 |CCL_INFO| initializing level-zero api
2026:08:17-21:48:11:203053 |CCL_INFO| initializing level-zero
2026:08:17-21:48:11:10390 |CCL_INFO| process launcher: pmix, local_proc_idx: 6, local_proc_count: 12
2026:08:17-21:48:11:203053 |CCL_INFO| Total hardware threads: 3584
2026:08:17-21:48:11:203053 |CCL_INFO| auto tune with port counts enabled
2026:08:17-21:48:11:62829 |CCL_INFO| initializing level-zero api
2026:08:17-21:48:11:62829 |CCL_INFO| initializing level-zero
2026:08:17-21:48:11:62829 |CCL_INFO| Total hardware threads: 3584
2026:08:17-21:48:11:62829 |CCL_INFO| auto tune with port counts enabled
2026:08:17-21:48:11:11117 |CCL_INFO| initializing level-zero api
2026:08:17-21:48:11:11117 |CCL_INFO| initializing level-zero
2026:08:17-21:48:11:11117 |CCL_INFO| Total hardware threads: 3584
2026:08:17-21:48:11:11117 |CCL_INFO| auto tune with port counts enabled
2026:08:17-21:48:11:10390 |CCL_INFO| initializing level-zero api
2026:08:17-21:48:11:10390 |CCL_INFO| initializing level-zero
2026:08:17-21:48:11:10390 |CCL_INFO| Total hardware threads: 3584
2026:08:17-21:48:11:10390 |CCL_INFO| auto tune with port counts enabled
2026:08:17-21:48:11:36021 |CCL_INFO| ze fabric ports: 10 were able to be detected
2026:08:17-21:48:11:118525 |CCL_INFO| process launcher: pmix, local_proc_idx: 3, local_proc_count: 12
2026:08:17-21:48:11:118525 |CCL_INFO| initializing level-zero api
2026:08:17-21:48:11:118525 |CCL_INFO| initializing level-zero
2026:08:17-21:48:11:118525 |CCL_INFO| Total hardware threads: 3584
2026:08:17-21:48:11:118525 |CCL_INFO| auto tune with port counts enabled
2026:08:17-21:48:11:62830 |CCL_INFO| process launcher: pmix, local_proc_idx: 9, local_proc_count: 12
2026:08:17-21:48:11:203054 |CCL_INFO| process launcher: pmix, local_proc_idx: 9, local_proc_count: 12
2026:08:17-21:48:11:62830 |CCL_INFO| initializing level-zero api
2026:08:17-21:48:11:62830 |CCL_INFO| initializing level-zero
2026:08:17-21:48:11:62830 |CCL_INFO| Total hardware threads: 3584
2026:08:17-21:48:11:62830 |CCL_INFO| auto tune with port counts enabled
2026:08:17-21:48:11:203054 |CCL_INFO| initializing level-zero api
2026:08:17-21:48:11:203054 |CCL_INFO| initializing level-zero
2026:08:17-21:48:11:203054 |CCL_INFO| Total hardware threads: 3584
2026:08:17-21:48:11:203054 |CCL_INFO| auto tune with port counts enabled
2026:08:17-21:48:11:97644 |CCL_INFO| process launcher: pmix, local_proc_idx: 8, local_proc_count: 12
2026:08:17-21:48:11:119096 |CCL_INFO| process launcher: pmix, local_proc_idx: 3, local_proc_count: 12
2026:08:17-21:48:11:11120 |CCL_INFO| ze fabric ports: 10 were able to be detected
2026:08:17-21:48:11:97644 |CCL_INFO| initializing level-zero api
2026:08:17-21:48:11:119096 |CCL_INFO| initializing level-zero api
2026:08:17-21:48:11:97644 |CCL_INFO| initializing level-zero
2026:08:17-21:48:11:97644 |CCL_INFO| Total hardware threads: 3584
2026:08:17-21:48:11:97644 |CCL_INFO| auto tune with port counts enabled
2026:08:17-21:48:11:119096 |CCL_INFO| initializing level-zero
2026:08:17-21:48:11:119096 |CCL_INFO| Total hardware threads: 3584
2026:08:17-21:48:11:119096 |CCL_INFO| auto tune with port counts enabled
2026:08:17-21:48:11:10384 |CCL_INFO| ze fabric ports: 10 were able to be detected
2026:08:17-21:48:11:36028 |CCL_INFO| ze fabric ports: 10 were able to be detected
2026:08:17-21:48:11:97638 |CCL_INFO| ze fabric ports: 10 were able to be detected
2026:08:17-21:48:11:97646 |CCL_INFO| ze fabric ports: 10 were able to be detected
2026:08:17-21:48:11:11111 |CCL_INFO| process launcher: pmix, local_proc_idx: 2, local_proc_count: 12
2026:08:17-21:48:11: 8247 |CCL_INFO| ze fabric ports: 10 were able to be detected
2026:08:17-21:48:11: 8245 |CCL_INFO| process launcher: pmix, local_proc_idx: 1, local_proc_count: 12
2026:08:17-21:48:11:11111 |CCL_INFO| initializing level-zero api
2026:08:17-21:48:11:11111 |CCL_INFO| initializing level-zero
2026:08:17-21:48:11:11111 |CCL_INFO| Total hardware threads: 3584
2026:08:17-21:48:11:11111 |CCL_INFO| auto tune with port counts enabled
2026:08:17-21:48:11: 8254 |CCL_INFO| ze fabric ports: 10 were able to be detected
2026:08:17-21:48:11: 8245 |CCL_INFO| initializing level-zero api
2026:08:17-21:48:11: 8245 |CCL_INFO| initializing level-zero
2026:08:17-21:48:11: 8245 |CCL_INFO| Total hardware threads: 3584
2026:08:17-21:48:11: 8245 |CCL_INFO| auto tune with port counts enabled
2026:08:17-21:48:11:153714 |CCL_INFO| ze fabric ports: 10 were able to be detected
2026:08:17-21:48:11:10387 |CCL_INFO| ze fabric ports: 10 were able to be detected
2026:08:17-21:48:11:153716 |CCL_INFO| ze fabric ports: 10 were able to be detected
2026:08:17-21:48:11:36024 |CCL_INFO| ze fabric ports: 10 were able to be detected
2026:08:17-21:48:11:153720 |CCL_INFO| process launcher: pmix, local_proc_idx: 8, local_proc_count: 12
2026:08:17-21:48:11:36025 |CCL_INFO| ze fabric ports: 10 were able to be detected
2026:08:17-21:48:11:10389 |CCL_INFO| ze fabric ports: 10 were able to be detected
2026:08:17-21:48:11: 8248 |CCL_INFO| ze fabric ports: 10 were able to be detected
2026:08:17-21:48:11:153720 |CCL_INFO| initializing level-zero api
2026:08:17-21:48:11:63799 |CCL_INFO| process launcher: pmix, local_proc_idx: 4, local_proc_count: 12
2026:08:17-21:48:11:153720 |CCL_INFO| initializing level-zero
2026:08:17-21:48:11:153720 |CCL_INFO| Total hardware threads: 3584
2026:08:17-21:48:11:153720 |CCL_INFO| auto tune with port counts enabled
2026:08:17-21:48:11:63800 |CCL_INFO| process launcher: pmix, local_proc_idx: 5, local_proc_count: 12
2026:08:17-21:48:11:63803 |CCL_INFO| process launcher: pmix, local_proc_idx: 8, local_proc_count: 12
2026:08:17-21:48:11:63803 |CCL_INFO| initializing level-zero api
2026:08:17-21:48:11:63803 |CCL_INFO| initializing level-zero
2026:08:17-21:48:11:63803 |CCL_INFO| Total hardware threads: 3584
2026:08:17-21:48:11:63803 |CCL_INFO| auto tune with port counts enabled
2026:08:17-21:48:11:63805 |CCL_INFO| process launcher: pmix, local_proc_idx: 10, local_proc_count: 12
2026:08:17-21:48:11:63805 |CCL_INFO| initializing level-zero api
2026:08:17-21:48:11:63805 |CCL_INFO| initializing level-zero
2026:08:17-21:48:11:63805 |CCL_INFO| Total hardware threads: 3584
2026:08:17-21:48:11:63805 |CCL_INFO| auto tune with port counts enabled
2026:08:17-21:48:11:63806 |CCL_INFO| process launcher: pmix, local_proc_idx: 11, local_proc_count: 12
2026:08:17-21:48:11:63806 |CCL_INFO| initializing level-zero api
2026:08:17-21:48:11:63806 |CCL_INFO| initializing level-zero
2026:08:17-21:48:11:63806 |CCL_INFO| Total hardware threads: 3584
2026:08:17-21:48:11:63806 |CCL_INFO| auto tune with port counts enabled
2026:08:17-21:48:11:10388 |CCL_INFO| ze fabric ports: 10 were able to be detected
2026:08:17-21:48:11:63799 |CCL_INFO| initializing level-zero api
2026:08:17-21:48:11:63799 |CCL_INFO| initializing level-zero
2026:08:17-21:48:11:63799 |CCL_INFO| Total hardware threads: 3584
2026:08:17-21:48:11:63799 |CCL_INFO| auto tune with port counts enabled
2026:08:17-21:48:11:10394 |CCL_INFO| ze fabric ports: 10 were able to be detected
2026:08:17-21:48:11:63800 |CCL_INFO| initializing level-zero api
2026:08:17-21:48:11:63800 |CCL_INFO| initializing level-zero
2026:08:17-21:48:11:63800 |CCL_INFO| Total hardware threads: 3584
2026:08:17-21:48:11:63800 |CCL_INFO| auto tune with port counts enabled
2026:08:17-21:48:11:119101 |CCL_INFO| process launcher: pmix, local_proc_idx: 8, local_proc_count: 12
2026:08:17-21:48:11:114534 |CCL_INFO| ze fabric ports: 10 were able to be detected
2026:08:17-21:48:11:97647 |CCL_INFO| ze fabric ports: 10 were able to be detected
2026:08:17-21:48:11:36023 |CCL_INFO| process launcher: pmix, local_proc_idx: 2, local_proc_count: 12
2026:08:17-21:48:11:119101 |CCL_INFO| initializing level-zero api
2026:08:17-21:48:11:97642 |CCL_INFO| ze fabric ports: 10 were able to be detected
2026:08:17-21:48:11:119101 |CCL_INFO| initializing level-zero
2026:08:17-21:48:11:119101 |CCL_INFO| Total hardware threads: 3584
2026:08:17-21:48:11:119101 |CCL_INFO| auto tune with port counts enabled
2026:08:17-21:48:11:36023 |CCL_INFO| initializing level-zero api
2026:08:17-21:48:11:36023 |CCL_INFO| initializing level-zero
2026:08:17-21:48:11:36023 |CCL_INFO| Total hardware threads: 3584
2026:08:17-21:48:11:36023 |CCL_INFO| auto tune with port counts enabled
2026:08:17-21:48:11:114533 |CCL_INFO| ze fabric ports: 10 were able to be detected
2026:08:17-21:48:11:10385 |CCL_INFO| ze fabric ports: 10 were able to be detected
2026:08:17-21:48:11:63796 |CCL_INFO| process launcher: pmix, local_proc_idx: 1, local_proc_count: 12
2026:08:17-21:48:11:153718 |CCL_INFO| ze fabric ports: 10 were able to be detected
2026:08:17-21:48:11:153713 |CCL_INFO| ze fabric ports: 10 were able to be detected
2026:08:17-21:48:11: 8250 |CCL_INFO| ze fabric ports: 10 were able to be detected
2026:08:17-21:48:11:153712 |CCL_INFO| ze fabric ports: 10 were able to be detected
2026:08:17-21:48:11: 8251 |CCL_INFO| ze fabric ports: 10 were able to be detected
2026:08:17-21:48:11:114540 |CCL_INFO| ze fabric ports: 10 were able to be detected
2026:08:17-21:48:11:63796 |CCL_INFO| initializing level-zero api
2026:08:17-21:48:11:203051 |CCL_INFO| ze fabric ports: 10 were able to be detected
2026:08:17-21:48:11:63796 |CCL_INFO| initializing level-zero
2026:08:17-21:48:11:63796 |CCL_INFO| Total hardware threads: 3584
2026:08:17-21:48:11:63796 |CCL_INFO| auto tune with port counts enabled
2026:08:17-21:48:11:36031 |CCL_INFO| ze fabric ports: 10 were able to be detected
2026:08:17-21:48:11:36032 |CCL_INFO| ze fabric ports: 10 were able to be detected
2026:08:17-21:48:11:203047 |CCL_INFO| ze fabric ports: 10 were able to be detected
2026:08:17-21:48:11:118527 |CCL_INFO| ze fabric ports: 10 were able to be detected
2026:08:17-21:48:11:50423 |CCL_INFO| ze fabric ports: 10 were able to be detected
2026:08:17-21:48:11:118522 |CCL_INFO| ze fabric ports: 10 were able to be detected
2026:08:17-21:48:11:153722 |CCL_INFO| ze fabric ports: 10 were able to be detected
2026:08:17-21:48:11:118532 |CCL_INFO| ze fabric ports: 10 were able to be detected
2026:08:17-21:48:11:10390 |CCL_INFO| ze fabric ports: 10 were able to be detected
2026:08:17-21:48:11:50422 |CCL_INFO| ze fabric ports: 10 were able to be detected
2026:08:17-21:48:11: 8255 |CCL_INFO| ze fabric ports: 10 were able to be detected
2026:08:17-21:48:11:97645 |CCL_INFO| ze fabric ports: 10 were able to be detected
2026:08:17-21:48:11:11117 |CCL_INFO| ze fabric ports: 10 were able to be detected
2026:08:17-21:48:11:63802 |CCL_INFO| process launcher: pmix, local_proc_idx: 7, local_proc_count: 12
2026:08:17-21:48:11:36022 |CCL_INFO| ze fabric ports: 10 were able to be detected
2026:08:17-21:48:11:153723 |CCL_INFO| process launcher: pmix, local_proc_idx: 11, local_proc_count: 12
2026:08:17-21:48:11:63802 |CCL_INFO| initializing level-zero api
2026:08:17-21:48:11:63802 |CCL_INFO| initializing level-zero
2026:08:17-21:48:11:63802 |CCL_INFO| Total hardware threads: 3584
2026:08:17-21:48:11:63802 |CCL_INFO| auto tune with port counts enabled
2026:08:17-21:48:11:153723 |CCL_INFO| initializing level-zero api
2026:08:17-21:48:11:97351 |CCL_INFO| ze fabric ports: 10 were able to be detected
2026:08:17-21:48:11:153723 |CCL_INFO| initializing level-zero
2026:08:17-21:48:11:36027 |CCL_INFO| ze fabric ports: 10 were able to be detected
2026:08:17-21:48:11: 8249 |CCL_INFO| ze fabric ports: 10 were able to be detected
2026:08:17-21:48:11:153723 |CCL_INFO| Total hardware threads: 3584
2026:08:17-21:48:11:153723 |CCL_INFO| auto tune with port counts enabled
2026:08:17-21:48:11:119103 |CCL_INFO| ze fabric ports: 10 were able to be detected
2026:08:17-21:48:11:10395 |CCL_INFO| process launcher: pmix, local_proc_idx: 11, local_proc_count: 12
2026:08:17-21:48:11:118529 |CCL_INFO| ze fabric ports: 10 were able to be detected
2026:08:17-21:48:11:118533 |CCL_INFO| ze fabric ports: 10 were able to be detected
2026:08:17-21:48:11:118526 |CCL_INFO| ze fabric ports: 10 were able to be detected
2026:08:17-21:48:11:118528 |CCL_INFO| ze fabric ports: 10 were able to be detected
2026:08:17-21:48:11:119104 |CCL_INFO| ze fabric ports: 10 were able to be detected
2026:08:17-21:48:11:10395 |CCL_INFO| initializing level-zero api
2026:08:17-21:48:11:10395 |CCL_INFO| initializing level-zero
2026:08:17-21:48:11:10395 |CCL_INFO| Total hardware threads: 3584
2026:08:17-21:48:11:10395 |CCL_INFO| auto tune with port counts enabled
2026:08:17-21:48:11:118524 |CCL_INFO| ze fabric ports: 10 were able to be detected
2026:08:17-21:48:11:119095 |CCL_INFO| ze fabric ports: 10 were able to be detected
2026:08:17-21:48:11:118523 |CCL_INFO| ze fabric ports: 10 were able to be detected
2026:08:17-21:48:11:11109 |CCL_INFO| process launcher: pmix, local_proc_idx: 0, local_proc_count: 12
2026:08:17-21:48:11:50420 |CCL_INFO| ze fabric ports: 10 were able to be detected
2026:08:17-21:48:11:11109 |CCL_INFO| initializing level-zero api
2026:08:17-21:48:11:11109 |CCL_INFO| initializing level-zero
2026:08:17-21:48:11:11109 |CCL_INFO| Total hardware threads: 3584
2026:08:17-21:48:11:11109 |CCL_INFO| auto tune with port counts enabled
2026:08:17-21:48:11:203053 |CCL_INFO| ze fabric ports: 10 were able to be detected
2026:08:17-21:48:11:62829 |CCL_INFO| ze fabric ports: 10 were able to be detected
2026:08:17-21:48:11:114539 |CCL_INFO| process launcher: pmix, local_proc_idx: 9, local_proc_count: 12
2026:08:17-21:48:11:114539 |CCL_INFO| initializing level-zero api
2026:08:17-21:48:11:114539 |CCL_INFO| initializing level-zero
2026:08:17-21:48:11:114539 |CCL_INFO| Total hardware threads: 3584
2026:08:17-21:48:11:114539 |CCL_INFO| auto tune with port counts enabled
2026:08:17-21:48:11:119102 |CCL_INFO| ze fabric ports: 10 were able to be detected
2026:08:17-21:48:11: 8253 |CCL_INFO| process launcher: pmix, local_proc_idx: 9, local_proc_count: 12
2026:08:17-21:48:11: 8253 |CCL_INFO| initializing level-zero api
2026:08:17-21:48:11: 8253 |CCL_INFO| initializing level-zero
2026:08:17-21:48:11: 8253 |CCL_INFO| Total hardware threads: 3584
2026:08:17-21:48:11: 8253 |CCL_INFO| auto tune with port counts enabled
2026:08:17-21:48:11:118525 |CCL_INFO| ze fabric ports: 10 were able to be detected
2026:08:17-21:48:11:63803 |CCL_INFO| ze fabric ports: 10 were able to be detected
2026:08:17-21:48:11:63805 |CCL_INFO| ze fabric ports: 10 were able to be detected
2026:08:17-21:48:11:63806 |CCL_INFO| ze fabric ports: 10 were able to be detected
2026:08:17-21:48:11:203054 |CCL_INFO| ze fabric ports: 10 were able to be detected
2026:08:17-21:48:11:62830 |CCL_INFO| ze fabric ports: 10 were able to be detected
2026:08:17-21:48:11:63800 |CCL_INFO| ze fabric ports: 10 were able to be detected
2026:08:17-21:48:11:63799 |CCL_INFO| ze fabric ports: 10 were able to be detected
2026:08:17-21:48:11:11111 |CCL_INFO| ze fabric ports: 10 were able to be detected
2026:08:17-21:48:11:97350 |CCL_INFO| process launcher: pmix, local_proc_idx: 8, local_proc_count: 12
2026:08:17-21:48:11:97350 |CCL_INFO| initializing level-zero api
2026:08:17-21:48:11:97644 |CCL_INFO| ze fabric ports: 10 were able to be detected
2026:08:17-21:48:11:97350 |CCL_INFO| initializing level-zero
2026:08:17-21:48:11:97350 |CCL_INFO| Total hardware threads: 3584
2026:08:17-21:48:11:97350 |CCL_INFO| auto tune with port counts enabled
2026:08:17-21:48:11:63796 |CCL_INFO| ze fabric ports: 10 were able to be detected
2026:08:17-21:48:11: 8245 |CCL_INFO| ze fabric ports: 10 were able to be detected
2026:08:17-21:48:11:119096 |CCL_INFO| ze fabric ports: 10 were able to be detected
2026:08:17-21:48:11:36023 |CCL_INFO| ze fabric ports: 10 were able to be detected
2026:08:17-21:48:11:114538 |CCL_INFO| process launcher: pmix, local_proc_idx: 8, local_proc_count: 12
2026:08:17-21:48:11:114538 |CCL_INFO| initializing level-zero api
2026:08:17-21:48:11:114538 |CCL_INFO| initializing level-zero
2026:08:17-21:48:11:114538 |CCL_INFO| Total hardware threads: 3584
2026:08:17-21:48:11:114538 |CCL_INFO| auto tune with port counts enabled
2026:08:17-21:48:11:118531 |CCL_INFO| process launcher: pmix, local_proc_idx: 9, local_proc_count: 12
2026:08:17-21:48:11:63802 |CCL_INFO| ze fabric ports: 10 were able to be detected
2026:08:17-21:48:11:118531 |CCL_INFO| initializing level-zero api
2026:08:17-21:48:11:118531 |CCL_INFO| initializing level-zero
2026:08:17-21:48:11:118531 |CCL_INFO| Total hardware threads: 3584
2026:08:17-21:48:11:118531 |CCL_INFO| auto tune with port counts enabled
2026:08:17-21:48:11:153720 |CCL_INFO| ze fabric ports: 10 were able to be detected
2026:08:17-21:48:11:10395 |CCL_INFO| ze fabric ports: 10 were able to be detected
2026:08:17-21:48:11:11118 |CCL_INFO| process launcher: pmix, local_proc_idx: 9, local_proc_count: 12
2026:08:17-21:48:11:11118 |CCL_INFO| initializing level-zero api
2026:08:17-21:48:11:63804 |CCL_INFO| process launcher: pmix, local_proc_idx: 9, local_proc_count: 12
2026:08:17-21:48:11:36029 |CCL_INFO| process launcher: pmix, local_proc_idx: 8, local_proc_count: 12
2026:08:17-21:48:11:11118 |CCL_INFO| initializing level-zero
2026:08:17-21:48:11:11118 |CCL_INFO| Total hardware threads: 3584
2026:08:17-21:48:11:11118 |CCL_INFO| auto tune with port counts enabled
2026:08:17-21:48:11:63801 |CCL_INFO| process launcher: pmix, local_proc_idx: 6, local_proc_count: 12
2026:08:17-21:48:11:36029 |CCL_INFO| initializing level-zero api
2026:08:17-21:48:11:63804 |CCL_INFO| initializing level-zero api
2026:08:17-21:48:11:36029 |CCL_INFO| initializing level-zero
2026:08:17-21:48:11:36029 |CCL_INFO| Total hardware threads: 3584
2026:08:17-21:48:11:36029 |CCL_INFO| auto tune with port counts enabled
2026:08:17-21:48:11:63804 |CCL_INFO| initializing level-zero
2026:08:17-21:48:11:63804 |CCL_INFO| Total hardware threads: 3584
2026:08:17-21:48:11:63804 |CCL_INFO| auto tune with port counts enabled
2026:08:17-21:48:11:63801 |CCL_INFO| initializing level-zero api
2026:08:17-21:48:11:63801 |CCL_INFO| initializing level-zero
2026:08:17-21:48:11:63801 |CCL_INFO| Total hardware threads: 3584
2026:08:17-21:48:11:63801 |CCL_INFO| auto tune with port counts enabled
2026:08:17-21:48:11:119101 |CCL_INFO| ze fabric ports: 10 were able to be detected
2026:08:17-21:48:11:11109 |CCL_INFO| ze fabric ports: 10 were able to be detected
2026:08:17-21:48:11:153723 |CCL_INFO| ze fabric ports: 10 were able to be detected
2026:08:17-21:48:11:63797 |CCL_INFO| process launcher: pmix, local_proc_idx: 2, local_proc_count: 12
2026:08:17-21:48:11:63797 |CCL_INFO| initializing level-zero api
2026:08:17-21:48:11:63797 |CCL_INFO| initializing level-zero
2026:08:17-21:48:11:63797 |CCL_INFO| Total hardware threads: 3584
2026:08:17-21:48:11:63797 |CCL_INFO| auto tune with port counts enabled
2026:08:17-21:48:11:10392 |CCL_INFO| process launcher: pmix, local_proc_idx: 8, local_proc_count: 12
2026:08:17-21:48:11:10392 |CCL_INFO| initializing level-zero api
2026:08:17-21:48:11:10392 |CCL_INFO| initializing level-zero
2026:08:17-21:48:11:10392 |CCL_INFO| Total hardware threads: 3584
2026:08:17-21:48:11:10392 |CCL_INFO| auto tune with port counts enabled
2026:08:17-21:48:11:114539 |CCL_INFO| ze fabric ports: 10 were able to be detected
2026:08:17-21:48:11:11110 |CCL_INFO| initialized level-zero
2026:08:17-21:48:11:11110 |CCL_INFO| could not initialize umf api
2026:08:17-21:48:11:11110 |CCL_INFO| OS info: { Linux x4604c5s3b0n0 5.14.21-150400.24.225-default #1 SMP PREEMPT_DYNAMIC Wed Jun 17 13:14:30 UTC 2026 (82c2e59) x86_64 }
2026:08:17-21:48:11: 8253 |CCL_INFO| ze fabric ports: 10 were able to be detected
2026:08:17-21:48:11:10393 |CCL_INFO| process launcher: pmix, local_proc_idx: 9, local_proc_count: 12
2026:08:17-21:48:11:11113 |CCL_INFO| initialized level-zero
2026:08:17-21:48:11:11113 |CCL_INFO| could not initialize umf api
2026:08:17-21:48:11:11113 |CCL_INFO| OS info: { Linux x4604c5s3b0n0 5.14.21-150400.24.225-default #1 SMP PREEMPT_DYNAMIC Wed Jun 17 13:14:30 UTC 2026 (82c2e59) x86_64 }
2026:08:17-21:48:11:10393 |CCL_INFO| initializing level-zero api
2026:08:17-21:48:11:10393 |CCL_INFO| initializing level-zero
2026:08:17-21:48:11:10393 |CCL_INFO| Total hardware threads: 3584
2026:08:17-21:48:11:10393 |CCL_INFO| auto tune with port counts enabled
2026:08:17-21:48:11:114531 |CCL_INFO| initialized level-zero
2026:08:17-21:48:11:114531 |CCL_INFO| could not initialize umf api
2026:08:17-21:48:11:114531 |CCL_INFO| OS info: { Linux x4714c1s6b0n0 5.14.21-150400.24.225-default #1 SMP PREEMPT_DYNAMIC Wed Jun 17 13:14:30 UTC 2026 (82c2e59) x86_64 }
2026:08:17-21:48:11:153721 |CCL_INFO| process launcher: pmix, local_proc_idx: 9, local_proc_count: 12
2026:08:17-21:48:11:153721 |CCL_INFO| initializing level-zero api
2026:08:17-21:48:11:153721 |CCL_INFO| initializing level-zero
2026:08:17-21:48:11:153721 |CCL_INFO| Total hardware threads: 3584
2026:08:17-21:48:11:153721 |CCL_INFO| auto tune with port counts enabled
2026:08:17-21:48:11:97641 |CCL_INFO| initialized level-zero
2026:08:17-21:48:11:97641 |CCL_INFO| could not initialize umf api
2026:08:17-21:48:11:97641 |CCL_INFO| OS info: { Linux x4611c6s7b0n0 5.14.21-150400.24.225-default #1 SMP PREEMPT_DYNAMIC Wed Jun 17 13:14:30 UTC 2026 (82c2e59) x86_64 }
2026:08:17-21:48:11:97350 |CCL_INFO| ze fabric ports: 10 were able to be detected
2026:08:17-21:48:11:114530 |CCL_INFO| initialized level-zero
2026:08:17-21:48:11:114530 |CCL_INFO| could not initialize umf api
2026:08:17-21:48:11:114530 |CCL_INFO| OS info: { Linux x4714c1s6b0n0 5.14.21-150400.24.225-default #1 SMP PREEMPT_DYNAMIC Wed Jun 17 13:14:30 UTC 2026 (82c2e59) x86_64 }
2026:08:17-21:48:11:97640 |CCL_INFO| initialized level-zero
2026:08:17-21:48:11:97640 |CCL_INFO| could not initialize umf api
2026:08:17-21:48:11:97640 |CCL_INFO| OS info: { Linux x4611c6s7b0n0 5.14.21-150400.24.225-default #1 SMP PREEMPT_DYNAMIC Wed Jun 17 13:14:30 UTC 2026 (82c2e59) x86_64 }
2026:08:17-21:48:11:97636 |CCL_INFO| initialized level-zero
2026:08:17-21:48:11:97636 |CCL_INFO| could not initialize umf api
2026:08:17-21:48:11:97636 |CCL_INFO| OS info: { Linux x4611c6s7b0n0 5.14.21-150400.24.225-default #1 SMP PREEMPT_DYNAMIC Wed Jun 17 13:14:30 UTC 2026 (82c2e59) x86_64 }
2026:08:17-21:48:11:11114 |CCL_INFO| initialized level-zero
2026:08:17-21:48:11:11114 |CCL_INFO| could not initialize umf api
2026:08:17-21:48:11:11114 |CCL_INFO| OS info: { Linux x4604c5s3b0n0 5.14.21-150400.24.225-default #1 SMP PREEMPT_DYNAMIC Wed Jun 17 13:14:30 UTC 2026 (82c2e59) x86_64 }
2026:08:17-21:48:11:114538 |CCL_INFO| ze fabric ports: 10 were able to be detected
2026:08:17-21:48:11:97643 |CCL_INFO| initialized level-zero
2026:08:17-21:48:11:97643 |CCL_INFO| could not initialize umf api
2026:08:17-21:48:11:114541 |CCL_INFO| initialized level-zero
2026:08:17-21:48:11:114541 |CCL_INFO| could not initialize umf api
2026:08:17-21:48:11:97643 |CCL_INFO| OS info: { Linux x4611c6s7b0n0 5.14.21-150400.24.225-default #1 SMP PREEMPT_DYNAMIC Wed Jun 17 13:14:30 UTC 2026 (82c2e59) x86_64 }
2026:08:17-21:48:11:114541 |CCL_INFO| OS info: { Linux x4714c1s6b0n0 5.14.21-150400.24.225-default #1 SMP PREEMPT_DYNAMIC Wed Jun 17 13:14:30 UTC 2026 (82c2e59) x86_64 }
2026:08:17-21:48:11:11112 |CCL_INFO| initialized level-zero
2026:08:17-21:48:11:11112 |CCL_INFO| could not initialize umf api
2026:08:17-21:48:11:11112 |CCL_INFO| OS info: { Linux x4604c5s3b0n0 5.14.21-150400.24.225-default #1 SMP PREEMPT_DYNAMIC Wed Jun 17 13:14:30 UTC 2026 (82c2e59) x86_64 }
2026:08:17-21:48:11:11115 |CCL_INFO| initialized level-zero
2026:08:17-21:48:11:11115 |CCL_INFO| could not initialize umf api
2026:08:17-21:48:11:11115 |CCL_INFO| OS info: { Linux x4604c5s3b0n0 5.14.21-150400.24.225-default #1 SMP PREEMPT_DYNAMIC Wed Jun 17 13:14:30 UTC 2026 (82c2e59) x86_64 }
2026:08:17-21:48:11:114537 |CCL_INFO| initialized level-zero
2026:08:17-21:48:11:114537 |CCL_INFO| could not initialize umf api
2026:08:17-21:48:11:114537 |CCL_INFO| OS info: { Linux x4714c1s6b0n0 5.14.21-150400.24.225-default #1 SMP PREEMPT_DYNAMIC Wed Jun 17 13:14:30 UTC 2026 (82c2e59) x86_64 }
2026:08:17-21:48:11:11118 |CCL_INFO| ze fabric ports: 10 were able to be detected
2026:08:17-21:48:11:118530 |CCL_INFO| process launcher: pmix, local_proc_idx: 8, local_proc_count: 12
2026:08:17-21:48:11:118531 |CCL_INFO| ze fabric ports: 10 were able to be detected
2026:08:17-21:48:11:118530 |CCL_INFO| initializing level-zero api
2026:08:17-21:48:11:118530 |CCL_INFO| initializing level-zero
2026:08:17-21:48:11:118530 |CCL_INFO| Total hardware threads: 3584
2026:08:17-21:48:11:118530 |CCL_INFO| auto tune with port counts enabled
2026:08:17-21:48:11:153717 |CCL_INFO| initialized level-zero
2026:08:17-21:48:11:153717 |CCL_INFO| could not initialize umf api
2026:08:17-21:48:11:153717 |CCL_INFO| OS info: { Linux x4214c5s6b0n0 5.14.21-150400.24.225-default #1 SMP PREEMPT_DYNAMIC Wed Jun 17 13:14:30 UTC 2026 (82c2e59) x86_64 }
2026:08:17-21:48:11:153715 |CCL_INFO| initialized level-zero
2026:08:17-21:48:11:153715 |CCL_INFO| could not initialize umf api
2026:08:17-21:48:11:153715 |CCL_INFO| OS info: { Linux x4214c5s6b0n0 5.14.21-150400.24.225-default #1 SMP PREEMPT_DYNAMIC Wed Jun 17 13:14:30 UTC 2026 (82c2e59) x86_64 }
2026:08:17-21:48:11:63804 |CCL_INFO| ze fabric ports: 10 were able to be detected
2026:08:17-21:48:11:63801 |CCL_INFO| ze fabric ports: 10 were able to be detected
2026:08:17-21:48:11:36029 |CCL_INFO| ze fabric ports: 10 were able to be detected
2026:08:17-21:48:11:153719 |CCL_INFO| initialized level-zero
2026:08:17-21:48:11:153719 |CCL_INFO| could not initialize umf api
2026:08:17-21:48:11:153719 |CCL_INFO| OS info: { Linux x4214c5s6b0n0 5.14.21-150400.24.225-default #1 SMP PREEMPT_DYNAMIC Wed Jun 17 13:14:30 UTC 2026 (82c2e59) x86_64 }
2026:08:17-21:48:11:97349 |CCL_INFO| initialized level-zero
2026:08:17-21:48:11:97349 |CCL_INFO| could not initialize umf api
2026:08:17-21:48:11:97349 |CCL_INFO| OS info: { Linux x4120c5s3b0n0 5.14.21-150400.24.225-default #1 SMP PREEMPT_DYNAMIC Wed Jun 17 13:14:30 UTC 2026 (82c2e59) x86_64 }
2026:08:17-21:48:11:119093 |CCL_INFO| initialized level-zero
2026:08:17-21:48:11:119093 |CCL_INFO| could not initialize umf api
2026:08:17-21:48:11:119093 |CCL_INFO| OS info: { Linux x4415c3s2b0n0 5.14.21-150400.24.225-default #1 SMP PREEMPT_DYNAMIC Wed Jun 17 13:14:30 UTC 2026 (82c2e59) x86_64 }
2026:08:17-21:48:11:97348 |CCL_INFO| initialized level-zero
2026:08:17-21:48:11:97348 |CCL_INFO| could not initialize umf api
2026:08:17-21:48:11:97348 |CCL_INFO| OS info: { Linux x4120c5s3b0n0 5.14.21-150400.24.225-default #1 SMP PREEMPT_DYNAMIC Wed Jun 17 13:14:30 UTC 2026 (82c2e59) x86_64 }
2026:08:17-21:48:11:63797 |CCL_INFO| ze fabric ports: 10 were able to be detected
2026:08:17-21:48:11:10392 |CCL_INFO| ze fabric ports: 10 were able to be detected
2026:08:17-21:48:11:97343 |CCL_INFO| initialized level-zero
2026:08:17-21:48:11:97343 |CCL_INFO| could not initialize umf api
2026:08:17-21:48:11:97343 |CCL_INFO| OS info: { Linux x4120c5s3b0n0 5.14.21-150400.24.225-default #1 SMP PREEMPT_DYNAMIC Wed Jun 17 13:14:30 UTC 2026 (82c2e59) x86_64 }
2026:08:17-21:48:11:97344 |CCL_INFO| initialized level-zero
2026:08:17-21:48:11:97344 |CCL_INFO| could not initialize umf api
2026:08:17-21:48:11:97344 |CCL_INFO| OS info: { Linux x4120c5s3b0n0 5.14.21-150400.24.225-default #1 SMP PREEMPT_DYNAMIC Wed Jun 17 13:14:30 UTC 2026 (82c2e59) x86_64 }
2026:08:17-21:48:11:97352 |CCL_INFO| initialized level-zero
2026:08:17-21:48:11:97352 |CCL_INFO| could not initialize umf api
2026:08:17-21:48:11:97352 |CCL_INFO| OS info: { Linux x4120c5s3b0n0 5.14.21-150400.24.225-default #1 SMP PREEMPT_DYNAMIC Wed Jun 17 13:14:30 UTC 2026 (82c2e59) x86_64 }
2026:08:17-21:48:11:10393 |CCL_INFO| ze fabric ports: 10 were able to be detected
2026:08:17-21:48:11:97353 |CCL_INFO| initialized level-zero
2026:08:17-21:48:11:97353 |CCL_INFO| could not initialize umf api
2026:08:17-21:48:11:97353 |CCL_INFO| OS info: { Linux x4120c5s3b0n0 5.14.21-150400.24.225-default #1 SMP PREEMPT_DYNAMIC Wed Jun 17 13:14:30 UTC 2026 (82c2e59) x86_64 }
2026:08:17-21:48:11:50416 |CCL_INFO| initialized level-zero
2026:08:17-21:48:11:50416 |CCL_INFO| could not initialize umf api
2026:08:17-21:48:11:50416 |CCL_INFO| OS info: { Linux x4205c6s5b0n0 5.14.21-150400.24.225-default #1 SMP PREEMPT_DYNAMIC Wed Jun 17 13:14:30 UTC 2026 (82c2e59) x86_64 }
2026:08:17-21:48:11:153721 |CCL_INFO| ze fabric ports: 10 were able to be detected
2026:08:17-21:48:11:50413 |CCL_INFO| initialized level-zero
2026:08:17-21:48:11:50413 |CCL_INFO| could not initialize umf api
2026:08:17-21:48:11:50413 |CCL_INFO| OS info: { Linux x4205c6s5b0n0 5.14.21-150400.24.225-default #1 SMP PREEMPT_DYNAMIC Wed Jun 17 13:14:30 UTC 2026 (82c2e59) x86_64 }
2026:08:17-21:48:11:50412 |CCL_INFO| initialized level-zero
2026:08:17-21:48:11:50412 |CCL_INFO| could not initialize umf api
2026:08:17-21:48:11:50412 |CCL_INFO| OS info: { Linux x4205c6s5b0n0 5.14.21-150400.24.225-default #1 SMP PREEMPT_DYNAMIC Wed Jun 17 13:14:30 UTC 2026 (82c2e59) x86_64 }
2026:08:17-21:48:11:203056 |CCL_INFO| initialized level-zero
2026:08:17-21:48:11:203056 |CCL_INFO| could not initialize umf api
2026:08:17-21:48:11:203056 |CCL_INFO| OS info: { Linux x4407c3s6b0n0 5.14.21-150400.24.225-default #1 SMP PREEMPT_DYNAMIC Wed Jun 17 13:14:30 UTC 2026 (82c2e59) x86_64 }
2026:08:17-21:48:11:203045 |CCL_INFO| initialized level-zero
2026:08:17-21:48:11:203045 |CCL_INFO| could not initialize umf api
2026:08:17-21:48:11:203045 |CCL_INFO| OS info: { Linux x4407c3s6b0n0 5.14.21-150400.24.225-default #1 SMP PREEMPT_DYNAMIC Wed Jun 17 13:14:30 UTC 2026 (82c2e59) x86_64 }
2026:08:17-21:48:11:114535 |CCL_INFO| initialized level-zero
2026:08:17-21:48:11:114535 |CCL_INFO| could not initialize umf api
2026:08:17-21:48:11:114535 |CCL_INFO| OS info: { Linux x4714c1s6b0n0 5.14.21-150400.24.225-default #1 SMP PREEMPT_DYNAMIC Wed Jun 17 13:14:30 UTC 2026 (82c2e59) x86_64 }
2026:08:17-21:48:11:97346 |CCL_INFO| initialized level-zero
2026:08:17-21:48:11:97346 |CCL_INFO| could not initialize umf api
2026:08:17-21:48:11:97346 |CCL_INFO| OS info: { Linux x4120c5s3b0n0 5.14.21-150400.24.225-default #1 SMP PREEMPT_DYNAMIC Wed Jun 17 13:14:30 UTC 2026 (82c2e59) x86_64 }
2026:08:17-21:48:11:97345 |CCL_INFO| initialized level-zero
2026:08:17-21:48:11:97345 |CCL_INFO| could not initialize umf api
2026:08:17-21:48:11:97345 |CCL_INFO| OS info: { Linux x4120c5s3b0n0 5.14.21-150400.24.225-default #1 SMP PREEMPT_DYNAMIC Wed Jun 17 13:14:30 UTC 2026 (82c2e59) x86_64 }
2026:08:17-21:48:11:119097 |CCL_INFO| initialized level-zero
2026:08:17-21:48:11:119097 |CCL_INFO| could not initialize umf api
2026:08:17-21:48:11:119097 |CCL_INFO| OS info: { Linux x4415c3s2b0n0 5.14.21-150400.24.225-default #1 SMP PREEMPT_DYNAMIC Wed Jun 17 13:14:30 UTC 2026 (82c2e59) x86_64 }
2026:08:17-21:48:11:50417 |CCL_INFO| initialized level-zero
2026:08:17-21:48:11:50417 |CCL_INFO| could not initialize umf api
2026:08:17-21:48:11:50417 |CCL_INFO| OS info: { Linux x4205c6s5b0n0 5.14.21-150400.24.225-default #1 SMP PREEMPT_DYNAMIC Wed Jun 17 13:14:30 UTC 2026 (82c2e59) x86_64 }
2026:08:17-21:48:11:50414 |CCL_INFO| initialized level-zero
2026:08:17-21:48:11:50414 |CCL_INFO| could not initialize umf api
2026:08:17-21:48:11:50414 |CCL_INFO| OS info: { Linux x4205c6s5b0n0 5.14.21-150400.24.225-default #1 SMP PREEMPT_DYNAMIC Wed Jun 17 13:14:30 UTC 2026 (82c2e59) x86_64 }
2026:08:17-21:48:11:119094 |CCL_INFO| initialized level-zero
2026:08:17-21:48:11:119094 |CCL_INFO| could not initialize umf api
2026:08:17-21:48:11:119094 |CCL_INFO| OS info: { Linux x4415c3s2b0n0 5.14.21-150400.24.225-default #1 SMP PREEMPT_DYNAMIC Wed Jun 17 13:14:30 UTC 2026 (82c2e59) x86_64 }
2026:08:17-21:48:11:203046 |CCL_INFO| initialized level-zero
2026:08:17-21:48:11:203046 |CCL_INFO| could not initialize umf api
2026:08:17-21:48:11:203046 |CCL_INFO| OS info: { Linux x4407c3s6b0n0 5.14.21-150400.24.225-default #1 SMP PREEMPT_DYNAMIC Wed Jun 17 13:14:30 UTC 2026 (82c2e59) x86_64 }
2026:08:17-21:48:11:203049 |CCL_INFO| initialized level-zero
2026:08:17-21:48:11:203049 |CCL_INFO| could not initialize umf api
2026:08:17-21:48:11:203049 |CCL_INFO| OS info: { Linux x4407c3s6b0n0 5.14.21-150400.24.225-default #1 SMP PREEMPT_DYNAMIC Wed Jun 17 13:14:30 UTC 2026 (82c2e59) x86_64 }
2026:08:17-21:48:11:203055 |CCL_INFO| initialized level-zero
2026:08:17-21:48:11:203055 |CCL_INFO| could not initialize umf api
2026:08:17-21:48:11:203055 |CCL_INFO| OS info: { Linux x4407c3s6b0n0 5.14.21-150400.24.225-default #1 SMP PREEMPT_DYNAMIC Wed Jun 17 13:14:30 UTC 2026 (82c2e59) x86_64 }
2026:08:17-21:48:11:203048 |CCL_INFO| initialized level-zero
2026:08:17-21:48:11:203048 |CCL_INFO| could not initialize umf api
2026:08:17-21:48:11:50419 |CCL_INFO| initialized level-zero
2026:08:17-21:48:11:50419 |CCL_INFO| could not initialize umf api
2026:08:17-21:48:11:203048 |CCL_INFO| OS info: { Linux x4407c3s6b0n0 5.14.21-150400.24.225-default #1 SMP PREEMPT_DYNAMIC Wed Jun 17 13:14:30 UTC 2026 (82c2e59) x86_64 }
2026:08:17-21:48:11:50419 |CCL_INFO| OS info: { Linux x4205c6s5b0n0 5.14.21-150400.24.225-default #1 SMP PREEMPT_DYNAMIC Wed Jun 17 13:14:30 UTC 2026 (82c2e59) x86_64 }
2026:08:17-21:48:11:50415 |CCL_INFO| initialized level-zero
2026:08:17-21:48:11:50415 |CCL_INFO| could not initialize umf api
2026:08:17-21:48:11:50415 |CCL_INFO| OS info: { Linux x4205c6s5b0n0 5.14.21-150400.24.225-default #1 SMP PREEMPT_DYNAMIC Wed Jun 17 13:14:30 UTC 2026 (82c2e59) x86_64 }
2026:08:17-21:48:11:119099 |CCL_INFO| initialized level-zero
2026:08:17-21:48:11:119099 |CCL_INFO| could not initialize umf api
2026:08:17-21:48:11:119099 |CCL_INFO| OS info: { Linux x4415c3s2b0n0 5.14.21-150400.24.225-default #1 SMP PREEMPT_DYNAMIC Wed Jun 17 13:14:30 UTC 2026 (82c2e59) x86_64 }
2026:08:17-21:48:11:11120 |CCL_INFO| initialized level-zero
2026:08:17-21:48:11:11120 |CCL_INFO| could not initialize umf api
2026:08:17-21:48:11:11120 |CCL_INFO| OS info: { Linux x4604c5s3b0n0 5.14.21-150400.24.225-default #1 SMP PREEMPT_DYNAMIC Wed Jun 17 13:14:30 UTC 2026 (82c2e59) x86_64 }
2026:08:17-21:48:11:118530 |CCL_INFO| ze fabric ports: 10 were able to be detected
2026:08:17-21:48:11:22240 |CCL_INFO| initialized level-zero
2026:08:17-21:48:11:22240 |CCL_INFO| could not initialize umf api
2026:08:17-21:48:11:22240 |CCL_INFO| OS info: { Linux x4407c7s5b0n0 5.14.21-150400.24.225-default #1 SMP PREEMPT_DYNAMIC Wed Jun 17 13:14:30 UTC 2026 (82c2e59) x86_64 }
2026:08:17-21:48:11:119098 |CCL_INFO| initialized level-zero
2026:08:17-21:48:11:119098 |CCL_INFO| could not initialize umf api
2026:08:17-21:48:11:119098 |CCL_INFO| OS info: { Linux x4415c3s2b0n0 5.14.21-150400.24.225-default #1 SMP PREEMPT_DYNAMIC Wed Jun 17 13:14:30 UTC 2026 (82c2e59) x86_64 }
2026:08:17-21:48:11:22238 |CCL_INFO| initialized level-zero
2026:08:17-21:48:11:22238 |CCL_INFO| could not initialize umf api
2026:08:17-21:48:11:22238 |CCL_INFO| OS info: { Linux x4407c7s5b0n0 5.14.21-150400.24.225-default #1 SMP PREEMPT_DYNAMIC Wed Jun 17 13:14:30 UTC 2026 (82c2e59) x86_64 }
2026:08:17-21:48:11:22242 |CCL_INFO| initialized level-zero
2026:08:17-21:48:11:22242 |CCL_INFO| could not initialize umf api
2026:08:17-21:48:11:22242 |CCL_INFO| OS info: { Linux x4407c7s5b0n0 5.14.21-150400.24.225-default #1 SMP PREEMPT_DYNAMIC Wed Jun 17 13:14:30 UTC 2026 (82c2e59) x86_64 }
2026:08:17-21:48:11:119100 |CCL_INFO| initialized level-zero
2026:08:17-21:48:11:119100 |CCL_INFO| could not initialize umf api
2026:08:17-21:48:11:119100 |CCL_INFO| OS info: { Linux x4415c3s2b0n0 5.14.21-150400.24.225-default #1 SMP PREEMPT_DYNAMIC Wed Jun 17 13:14:30 UTC 2026 (82c2e59) x86_64 }
2026:08:17-21:48:11:11117 |CCL_INFO| initialized level-zero
2026:08:17-21:48:11:11117 |CCL_INFO| could not initialize umf api
2026:08:17-21:48:11:11117 |CCL_INFO| OS info: { Linux x4604c5s3b0n0 5.14.21-150400.24.225-default #1 SMP PREEMPT_DYNAMIC Wed Jun 17 13:14:30 UTC 2026 (82c2e59) x86_64 }
2026:08:17-21:48:11:97646 |CCL_INFO| initialized level-zero
2026:08:17-21:48:11:97646 |CCL_INFO| could not initialize umf api
2026:08:17-21:48:11:97646 |CCL_INFO| OS info: { Linux x4611c6s7b0n0 5.14.21-150400.24.225-default #1 SMP PREEMPT_DYNAMIC Wed Jun 17 13:14:30 UTC 2026 (82c2e59) x86_64 }
2026:08:17-21:48:11:22244 |CCL_INFO| initialized level-zero
2026:08:17-21:48:11:22244 |CCL_INFO| could not initialize umf api
2026:08:17-21:48:11:22237 |CCL_INFO| initialized level-zero
2026:08:17-21:48:11:22237 |CCL_INFO| could not initialize umf api
2026:08:17-21:48:11:22244 |CCL_INFO| OS info: { Linux x4407c7s5b0n0 5.14.21-150400.24.225-default #1 SMP PREEMPT_DYNAMIC Wed Jun 17 13:14:30 UTC 2026 (82c2e59) x86_64 }
2026:08:17-21:48:11:22237 |CCL_INFO| OS info: { Linux x4407c7s5b0n0 5.14.21-150400.24.225-default #1 SMP PREEMPT_DYNAMIC Wed Jun 17 13:14:30 UTC 2026 (82c2e59) x86_64 }
2026:08:17-21:48:11:22239 |CCL_INFO| initialized level-zero
2026:08:17-21:48:11:22239 |CCL_INFO| could not initialize umf api
2026:08:17-21:48:11:22239 |CCL_INFO| OS info: { Linux x4407c7s5b0n0 5.14.21-150400.24.225-default #1 SMP PREEMPT_DYNAMIC Wed Jun 17 13:14:30 UTC 2026 (82c2e59) x86_64 }
2026:08:17-21:48:11:22241 |CCL_INFO| initialized level-zero
2026:08:17-21:48:11:22241 |CCL_INFO| could not initialize umf api
2026:08:17-21:48:11:22241 |CCL_INFO| OS info: { Linux x4407c7s5b0n0 5.14.21-150400.24.225-default #1 SMP PREEMPT_DYNAMIC Wed Jun 17 13:14:30 UTC 2026 (82c2e59) x86_64 }
2026:08:17-21:48:11:97351 |CCL_INFO| initialized level-zero
2026:08:17-21:48:11:97351 |CCL_INFO| could not initialize umf api
2026:08:17-21:48:11:97351 |CCL_INFO| OS info: { Linux x4120c5s3b0n0 5.14.21-150400.24.225-default #1 SMP PREEMPT_DYNAMIC Wed Jun 17 13:14:30 UTC 2026 (82c2e59) x86_64 }
2026:08:17-21:48:11:22248 |CCL_INFO| initialized level-zero
2026:08:17-21:48:11:22248 |CCL_INFO| could not initialize umf api
2026:08:17-21:48:11:114534 |CCL_INFO| initialized level-zero
2026:08:17-21:48:11:114534 |CCL_INFO| could not initialize umf api
2026:08:17-21:48:11:22248 |CCL_INFO| OS info: { Linux x4407c7s5b0n0 5.14.21-150400.24.225-default #1 SMP PREEMPT_DYNAMIC Wed Jun 17 13:14:30 UTC 2026 (82c2e59) x86_64 }
2026:08:17-21:48:11:22247 |CCL_INFO| initialized level-zero
2026:08:17-21:48:11:22247 |CCL_INFO| could not initialize umf api
2026:08:17-21:48:11:114533 |CCL_INFO| initialized level-zero
2026:08:17-21:48:11:114533 |CCL_INFO| could not initialize umf api
2026:08:17-21:48:11:114533 |CCL_INFO| OS info: { Linux x4714c1s6b0n0 5.14.21-150400.24.225-default #1 SMP PREEMPT_DYNAMIC Wed Jun 17 13:14:30 UTC 2026 (82c2e59) x86_64 }
2026:08:17-21:48:11:22247 |CCL_INFO| OS info: { Linux x4407c7s5b0n0 5.14.21-150400.24.225-default #1 SMP PREEMPT_DYNAMIC Wed Jun 17 13:14:30 UTC 2026 (82c2e59) x86_64 }
2026:08:17-21:48:11:114534 |CCL_INFO| OS info: { Linux x4714c1s6b0n0 5.14.21-150400.24.225-default #1 SMP PREEMPT_DYNAMIC Wed Jun 17 13:14:30 UTC 2026 (82c2e59) x86_64 }
2026:08:17-21:48:11:114540 |CCL_INFO| initialized level-zero
2026:08:17-21:48:11:114540 |CCL_INFO| could not initialize umf api
2026:08:17-21:48:11:114540 |CCL_INFO| OS info: { Linux x4714c1s6b0n0 5.14.21-150400.24.225-default #1 SMP PREEMPT_DYNAMIC Wed Jun 17 13:14:30 UTC 2026 (82c2e59) x86_64 }
2026:08:17-21:48:11:97647 |CCL_INFO| initialized level-zero
2026:08:17-21:48:11:97647 |CCL_INFO| could not initialize umf api
2026:08:17-21:48:11:97647 |CCL_INFO| OS info: { Linux x4611c6s7b0n0 5.14.21-150400.24.225-default #1 SMP PREEMPT_DYNAMIC Wed Jun 17 13:14:30 UTC 2026 (82c2e59) x86_64 }
2026:08:17-21:48:11:97642 |CCL_INFO| initialized level-zero
2026:08:17-21:48:11:97642 |CCL_INFO| could not initialize umf api
2026:08:17-21:48:11:97642 |CCL_INFO| OS info: { Linux x4611c6s7b0n0 5.14.21-150400.24.225-default #1 SMP PREEMPT_DYNAMIC Wed Jun 17 13:14:30 UTC 2026 (82c2e59) x86_64 }
2026:08:17-21:48:11:22243 |CCL_INFO| initialized level-zero
2026:08:17-21:48:11:22243 |CCL_INFO| could not initialize umf api
2026:08:17-21:48:11:22243 |CCL_INFO| OS info: { Linux x4407c7s5b0n0 5.14.21-150400.24.225-default #1 SMP PREEMPT_DYNAMIC Wed Jun 17 13:14:30 UTC 2026 (82c2e59) x86_64 }
2026:08:17-21:48:11:62826 |CCL_INFO| initialized level-zero
2026:08:17-21:48:11:62826 |CCL_INFO| could not initialize umf api
2026:08:17-21:48:11:62826 |CCL_INFO| OS info: { Linux x4305c1s3b0n0 5.14.21-150400.24.225-default #1 SMP PREEMPT_DYNAMIC Wed Jun 17 13:14:30 UTC 2026 (82c2e59) x86_64 }
2026:08:17-21:48:11:62824 |CCL_INFO| initialized level-zero
2026:08:17-21:48:11:62824 |CCL_INFO| could not initialize umf api
2026:08:17-21:48:11:62824 |CCL_INFO| OS info: { Linux x4305c1s3b0n0 5.14.21-150400.24.225-default #1 SMP PREEMPT_DYNAMIC Wed Jun 17 13:14:30 UTC 2026 (82c2e59) x86_64 }
2026:08:17-21:48:11:62827 |CCL_INFO| initialized level-zero
2026:08:17-21:48:11:62827 |CCL_INFO| could not initialize umf api
2026:08:17-21:48:11: 8252 |CCL_INFO| initialized level-zero
2026:08:17-21:48:11: 8252 |CCL_INFO| could not initialize umf api
2026:08:17-21:48:11:62825 |CCL_INFO| initialized level-zero
2026:08:17-21:48:11:62825 |CCL_INFO| could not initialize umf api
2026:08:17-21:48:11: 8252 |CCL_INFO| OS info: { Linux x4318c0s0b0n0 5.14.21-150400.24.225-default #1 SMP PREEMPT_DYNAMIC Wed Jun 17 13:14:30 UTC 2026 (82c2e59) x86_64 }
2026:08:17-21:48:11:62827 |CCL_INFO| OS info: { Linux x4305c1s3b0n0 5.14.21-150400.24.225-default #1 SMP PREEMPT_DYNAMIC Wed Jun 17 13:14:30 UTC 2026 (82c2e59) x86_64 }
2026:08:17-21:48:11:62821 |CCL_INFO| initialized level-zero
2026:08:17-21:48:11:62821 |CCL_INFO| could not initialize umf api
2026:08:17-21:48:11:62821 |CCL_INFO| OS info: { Linux x4305c1s3b0n0 5.14.21-150400.24.225-default #1 SMP PREEMPT_DYNAMIC Wed Jun 17 13:14:30 UTC 2026 (82c2e59) x86_64 }
2026:08:17-21:48:11:97638 |CCL_INFO| initialized level-zero
2026:08:17-21:48:11:97638 |CCL_INFO| could not initialize umf api
2026:08:17-21:48:11:97638 |CCL_INFO| OS info: { Linux x4611c6s7b0n0 5.14.21-150400.24.225-default #1 SMP PREEMPT_DYNAMIC Wed Jun 17 13:14:30 UTC 2026 (82c2e59) x86_64 }
2026:08:17-21:48:11:62822 |CCL_INFO| initialized level-zero
2026:08:17-21:48:11:62822 |CCL_INFO| could not initialize umf api
2026:08:17-21:48:11:62822 |CCL_INFO| OS info: { Linux x4305c1s3b0n0 5.14.21-150400.24.225-default #1 SMP PREEMPT_DYNAMIC Wed Jun 17 13:14:30 UTC 2026 (82c2e59) x86_64 }
2026:08:17-21:48:11:62825 |CCL_INFO| OS info: { Linux x4305c1s3b0n0 5.14.21-150400.24.225-default #1 SMP PREEMPT_DYNAMIC Wed Jun 17 13:14:30 UTC 2026 (82c2e59) x86_64 }
2026:08:17-21:48:11:62828 |CCL_INFO| initialized level-zero
2026:08:17-21:48:11:62828 |CCL_INFO| could not initialize umf api
2026:08:17-21:48:11:62828 |CCL_INFO| OS info: { Linux x4305c1s3b0n0 5.14.21-150400.24.225-default #1 SMP PREEMPT_DYNAMIC Wed Jun 17 13:14:30 UTC 2026 (82c2e59) x86_64 }
2026:08:17-21:48:11:62832 |CCL_INFO| initialized level-zero
2026:08:17-21:48:11:62832 |CCL_INFO| could not initialize umf api
2026:08:17-21:48:11:62832 |CCL_INFO| OS info: { Linux x4305c1s3b0n0 5.14.21-150400.24.225-default #1 SMP PREEMPT_DYNAMIC Wed Jun 17 13:14:30 UTC 2026 (82c2e59) x86_64 }
2026:08:17-21:48:11:97645 |CCL_INFO| initialized level-zero
2026:08:17-21:48:11:97645 |CCL_INFO| could not initialize umf api
2026:08:17-21:48:11:97645 |CCL_INFO| OS info: { Linux x4611c6s7b0n0 5.14.21-150400.24.225-default #1 SMP PREEMPT_DYNAMIC Wed Jun 17 13:14:30 UTC 2026 (82c2e59) x86_64 }
2026:08:17-21:48:11:11111 |CCL_INFO| initialized level-zero
2026:08:17-21:48:11:11111 |CCL_INFO| could not initialize umf api
2026:08:17-21:48:11:11111 |CCL_INFO| OS info: { Linux x4604c5s3b0n0 5.14.21-150400.24.225-default #1 SMP PREEMPT_DYNAMIC Wed Jun 17 13:14:30 UTC 2026 (82c2e59) x86_64 }
2026:08:17-21:48:11:50423 |CCL_INFO| initialized level-zero
2026:08:17-21:48:11:50423 |CCL_INFO| could not initialize umf api
2026:08:17-21:48:11:50423 |CCL_INFO| OS info: { Linux x4205c6s5b0n0 5.14.21-150400.24.225-default #1 SMP PREEMPT_DYNAMIC Wed Jun 17 13:14:30 UTC 2026 (82c2e59) x86_64 }
2026:08:17-21:48:11:50422 |CCL_INFO| initialized level-zero
2026:08:17-21:48:11:50422 |CCL_INFO| could not initialize umf api
2026:08:17-21:48:11:50422 |CCL_INFO| OS info: { Linux x4205c6s5b0n0 5.14.21-150400.24.225-default #1 SMP PREEMPT_DYNAMIC Wed Jun 17 13:14:30 UTC 2026 (82c2e59) x86_64 }
2026:08:17-21:48:11:97644 |CCL_INFO| initialized level-zero
2026:08:17-21:48:11:97644 |CCL_INFO| could not initialize umf api
2026:08:17-21:48:11:97644 |CCL_INFO| OS info: { Linux x4611c6s7b0n0 5.14.21-150400.24.225-default #1 SMP PREEMPT_DYNAMIC Wed Jun 17 13:14:30 UTC 2026 (82c2e59) x86_64 }
2026:08:17-21:48:11:50420 |CCL_INFO| initialized level-zero
2026:08:17-21:48:11:50420 |CCL_INFO| could not initialize umf api
2026:08:17-21:48:11:50420 |CCL_INFO| OS info: { Linux x4205c6s5b0n0 5.14.21-150400.24.225-default #1 SMP PREEMPT_DYNAMIC Wed Jun 17 13:14:30 UTC 2026 (82c2e59) x86_64 }
2026:08:17-21:48:11:203051 |CCL_INFO| initialized level-zero
2026:08:17-21:48:11:203051 |CCL_INFO| could not initialize umf api
2026:08:17-21:48:11:203051 |CCL_INFO| OS info: { Linux x4407c3s6b0n0 5.14.21-150400.24.225-default #1 SMP PREEMPT_DYNAMIC Wed Jun 17 13:14:30 UTC 2026 (82c2e59) x86_64 }
2026:08:17-21:48:11:203047 |CCL_INFO| initialized level-zero
2026:08:17-21:48:11:203047 |CCL_INFO| could not initialize umf api
2026:08:17-21:48:11:203047 |CCL_INFO| OS info: { Linux x4407c3s6b0n0 5.14.21-150400.24.225-default #1 SMP PREEMPT_DYNAMIC Wed Jun 17 13:14:30 UTC 2026 (82c2e59) x86_64 }
2026:08:17-21:48:11:11109 |CCL_INFO| initialized level-zero
2026:08:17-21:48:11:11109 |CCL_INFO| could not initialize umf api
2026:08:17-21:48:11:11109 |CCL_INFO| OS info: { Linux x4604c5s3b0n0 5.14.21-150400.24.225-default #1 SMP PREEMPT_DYNAMIC Wed Jun 17 13:14:30 UTC 2026 (82c2e59) x86_64 }
2026:08:17-21:48:11:97350 |CCL_INFO| initialized level-zero
2026:08:17-21:48:11:97350 |CCL_INFO| could not initialize umf api
2026:08:17-21:48:11:97350 |CCL_INFO| OS info: { Linux x4120c5s3b0n0 5.14.21-150400.24.225-default #1 SMP PREEMPT_DYNAMIC Wed Jun 17 13:14:30 UTC 2026 (82c2e59) x86_64 }
2026:08:17-21:48:11:203053 |CCL_INFO| initialized level-zero
2026:08:17-21:48:11:203053 |CCL_INFO| could not initialize umf api
2026:08:17-21:48:11:203053 |CCL_INFO| OS info: { Linux x4407c3s6b0n0 5.14.21-150400.24.225-default #1 SMP PREEMPT_DYNAMIC Wed Jun 17 13:14:30 UTC 2026 (82c2e59) x86_64 }
2026:08:17-21:48:11:10384 |CCL_INFO| initialized level-zero
2026:08:17-21:48:11:10384 |CCL_INFO| could not initialize umf api
2026:08:17-21:48:11:10384 |CCL_INFO| OS info: { Linux x4417c5s3b0n0 5.14.21-150400.24.225-default #1 SMP PREEMPT_DYNAMIC Wed Jun 17 13:14:30 UTC 2026 (82c2e59) x86_64 }
2026:08:17-21:48:11:203054 |CCL_INFO| initialized level-zero
2026:08:17-21:48:11:203054 |CCL_INFO| could not initialize umf api
2026:08:17-21:48:11:203054 |CCL_INFO| OS info: { Linux x4407c3s6b0n0 5.14.21-150400.24.225-default #1 SMP PREEMPT_DYNAMIC Wed Jun 17 13:14:30 UTC 2026 (82c2e59) x86_64 }
2026:08:17-21:48:11:114539 |CCL_INFO| initialized level-zero
2026:08:17-21:48:11:114539 |CCL_INFO| could not initialize umf api
2026:08:17-21:48:11:114539 |CCL_INFO| OS info: { Linux x4714c1s6b0n0 5.14.21-150400.24.225-default #1 SMP PREEMPT_DYNAMIC Wed Jun 17 13:14:30 UTC 2026 (82c2e59) x86_64 }
2026:08:17-21:48:11:10387 |CCL_INFO| initialized level-zero
2026:08:17-21:48:11:10387 |CCL_INFO| could not initialize umf api
2026:08:17-21:48:11:36021 |CCL_INFO| initialized level-zero
2026:08:17-21:48:11:36021 |CCL_INFO| could not initialize umf api
2026:08:17-21:48:11:36021 |CCL_INFO| OS info: { Linux x4312c4s4b0n0 5.14.21-150400.24.225-default #1 SMP PREEMPT_DYNAMIC Wed Jun 17 13:14:30 UTC 2026 (82c2e59) x86_64 }
2026:08:17-21:48:11:11118 |CCL_INFO| initialized level-zero
2026:08:17-21:48:11:11118 |CCL_INFO| could not initialize umf api
2026:08:17-21:48:11:10387 |CCL_INFO| OS info: { Linux x4417c5s3b0n0 5.14.21-150400.24.225-default #1 SMP PREEMPT_DYNAMIC Wed Jun 17 13:14:30 UTC 2026 (82c2e59) x86_64 }
2026:08:17-21:48:11:11118 |CCL_INFO| OS info: { Linux x4604c5s3b0n0 5.14.21-150400.24.225-default #1 SMP PREEMPT_DYNAMIC Wed Jun 17 13:14:30 UTC 2026 (82c2e59) x86_64 }
2026:08:17-21:48:11:62829 |CCL_INFO| initialized level-zero
2026:08:17-21:48:11:62829 |CCL_INFO| could not initialize umf api
2026:08:17-21:48:11:62829 |CCL_INFO| OS info: { Linux x4305c1s3b0n0 5.14.21-150400.24.225-default #1 SMP PREEMPT_DYNAMIC Wed Jun 17 13:14:30 UTC 2026 (82c2e59) x86_64 }
2026:08:17-21:48:11:114538 |CCL_INFO| initialized level-zero
2026:08:17-21:48:11:114538 |CCL_INFO| could not initialize umf api
2026:08:17-21:48:11:114538 |CCL_INFO| OS info: { Linux x4714c1s6b0n0 5.14.21-150400.24.225-default #1 SMP PREEMPT_DYNAMIC Wed Jun 17 13:14:30 UTC 2026 (82c2e59) x86_64 }
2026:08:17-21:48:11:10389 |CCL_INFO| initialized level-zero
2026:08:17-21:48:11:10389 |CCL_INFO| could not initialize umf api
2026:08:17-21:48:11:10389 |CCL_INFO| OS info: { Linux x4417c5s3b0n0 5.14.21-150400.24.225-default #1 SMP PREEMPT_DYNAMIC Wed Jun 17 13:14:30 UTC 2026 (82c2e59) x86_64 }
2026:08:17-21:48:11:10388 |CCL_INFO| initialized level-zero
2026:08:17-21:48:11:10388 |CCL_INFO| could not initialize umf api
2026:08:17-21:48:11:10388 |CCL_INFO| OS info: { Linux x4417c5s3b0n0 5.14.21-150400.24.225-default #1 SMP PREEMPT_DYNAMIC Wed Jun 17 13:14:30 UTC 2026 (82c2e59) x86_64 }
2026:08:17-21:48:11:62830 |CCL_INFO| initialized level-zero
2026:08:17-21:48:11:62830 |CCL_INFO| could not initialize umf api
2026:08:17-21:48:11:62830 |CCL_INFO| OS info: { Linux x4305c1s3b0n0 5.14.21-150400.24.225-default #1 SMP PREEMPT_DYNAMIC Wed Jun 17 13:14:30 UTC 2026 (82c2e59) x86_64 }
2026:08:17-21:48:11:10385 |CCL_INFO| initialized level-zero
2026:08:17-21:48:11:10385 |CCL_INFO| could not initialize umf api
2026:08:17-21:48:11:10385 |CCL_INFO| OS info: { Linux x4417c5s3b0n0 5.14.21-150400.24.225-default #1 SMP PREEMPT_DYNAMIC Wed Jun 17 13:14:30 UTC 2026 (82c2e59) x86_64 }
2026:08:17-21:48:11:10394 |CCL_INFO| initialized level-zero
2026:08:17-21:48:11:10394 |CCL_INFO| could not initialize umf api
2026:08:17-21:48:11:10394 |CCL_INFO| OS info: { Linux x4417c5s3b0n0 5.14.21-150400.24.225-default #1 SMP PREEMPT_DYNAMIC Wed Jun 17 13:14:30 UTC 2026 (82c2e59) x86_64 }
2026:08:17-21:48:11:36028 |CCL_INFO| initialized level-zero
2026:08:17-21:48:11:36028 |CCL_INFO| could not initialize umf api
2026:08:17-21:48:11:36028 |CCL_INFO| OS info: { Linux x4312c4s4b0n0 5.14.21-150400.24.225-default #1 SMP PREEMPT_DYNAMIC Wed Jun 17 13:14:30 UTC 2026 (82c2e59) x86_64 }
2026:08:17-21:48:11:10390 |CCL_INFO| initialized level-zero
2026:08:17-21:48:11:10390 |CCL_INFO| could not initialize umf api
2026:08:17-21:48:11:10390 |CCL_INFO| OS info: { Linux x4417c5s3b0n0 5.14.21-150400.24.225-default #1 SMP PREEMPT_DYNAMIC Wed Jun 17 13:14:30 UTC 2026 (82c2e59) x86_64 }
2026:08:17-21:48:11: 8254 |CCL_INFO| initialized level-zero
2026:08:17-21:48:11: 8254 |CCL_INFO| could not initialize umf api
2026:08:17-21:48:11: 8254 |CCL_INFO| OS info: { Linux x4318c0s0b0n0 5.14.21-150400.24.225-default #1 SMP PREEMPT_DYNAMIC Wed Jun 17 13:14:30 UTC 2026 (82c2e59) x86_64 }
2026:08:17-21:48:11:36025 |CCL_INFO| initialized level-zero
2026:08:17-21:48:11:36025 |CCL_INFO| could not initialize umf api
2026:08:17-21:48:11:36025 |CCL_INFO| OS info: { Linux x4312c4s4b0n0 5.14.21-150400.24.225-default #1 SMP PREEMPT_DYNAMIC Wed Jun 17 13:14:30 UTC 2026 (82c2e59) x86_64 }
2026:08:17-21:48:11:36024 |CCL_INFO| initialized level-zero
2026:08:17-21:48:11:36024 |CCL_INFO| could not initialize umf api
2026:08:17-21:48:11:36024 |CCL_INFO| OS info: { Linux x4312c4s4b0n0 5.14.21-150400.24.225-default #1 SMP PREEMPT_DYNAMIC Wed Jun 17 13:14:30 UTC 2026 (82c2e59) x86_64 }
2026:08:17-21:48:11: 8247 |CCL_INFO| initialized level-zero
2026:08:17-21:48:11: 8247 |CCL_INFO| could not initialize umf api
2026:08:17-21:48:11: 8247 |CCL_INFO| OS info: { Linux x4318c0s0b0n0 5.14.21-150400.24.225-default #1 SMP PREEMPT_DYNAMIC Wed Jun 17 13:14:30 UTC 2026 (82c2e59) x86_64 }
2026:08:17-21:48:11:153716 |CCL_INFO| initialized level-zero
2026:08:17-21:48:11:153716 |CCL_INFO| could not initialize umf api
2026:08:17-21:48:11:153716 |CCL_INFO| OS info: { Linux x4214c5s6b0n0 5.14.21-150400.24.225-default #1 SMP PREEMPT_DYNAMIC Wed Jun 17 13:14:30 UTC 2026 (82c2e59) x86_64 }
2026:08:17-21:48:11:36032 |CCL_INFO| initialized level-zero
2026:08:17-21:48:11:36032 |CCL_INFO| could not initialize umf api
2026:08:17-21:48:11:36032 |CCL_INFO| OS info: { Linux x4312c4s4b0n0 5.14.21-150400.24.225-default #1 SMP PREEMPT_DYNAMIC Wed Jun 17 13:14:30 UTC 2026 (82c2e59) x86_64 }
2026:08:17-21:48:11: 8248 |CCL_INFO| initialized level-zero
2026:08:17-21:48:11: 8248 |CCL_INFO| could not initialize umf api
2026:08:17-21:48:11: 8248 |CCL_INFO| OS info: { Linux x4318c0s0b0n0 5.14.21-150400.24.225-default #1 SMP PREEMPT_DYNAMIC Wed Jun 17 13:14:30 UTC 2026 (82c2e59) x86_64 }
2026:08:17-21:48:11: 8251 |CCL_INFO| initialized level-zero
2026:08:17-21:48:11: 8251 |CCL_INFO| could not initialize umf api
2026:08:17-21:48:11: 8251 |CCL_INFO| OS info: { Linux x4318c0s0b0n0 5.14.21-150400.24.225-default #1 SMP PREEMPT_DYNAMIC Wed Jun 17 13:14:30 UTC 2026 (82c2e59) x86_64 }
2026:08:17-21:48:11: 8250 |CCL_INFO| initialized level-zero
2026:08:17-21:48:11: 8250 |CCL_INFO| could not initialize umf api
2026:08:17-21:48:11: 8250 |CCL_INFO| OS info: { Linux x4318c0s0b0n0 5.14.21-150400.24.225-default #1 SMP PREEMPT_DYNAMIC Wed Jun 17 13:14:30 UTC 2026 (82c2e59) x86_64 }
2026:08:17-21:48:11:119103 |CCL_INFO| initialized level-zero
2026:08:17-21:48:11:119103 |CCL_INFO| could not initialize umf api
2026:08:17-21:48:11:119103 |CCL_INFO| OS info: { Linux x4415c3s2b0n0 5.14.21-150400.24.225-default #1 SMP PREEMPT_DYNAMIC Wed Jun 17 13:14:30 UTC 2026 (82c2e59) x86_64 }
2026:08:17-21:48:11:36031 |CCL_INFO| initialized level-zero
2026:08:17-21:48:11:36031 |CCL_INFO| could not initialize umf api
2026:08:17-21:48:11:153714 |CCL_INFO| initialized level-zero
2026:08:17-21:48:11:153714 |CCL_INFO| could not initialize umf api
2026:08:17-21:48:11:36031 |CCL_INFO| OS info: { Linux x4312c4s4b0n0 5.14.21-150400.24.225-default #1 SMP PREEMPT_DYNAMIC Wed Jun 17 13:14:30 UTC 2026 (82c2e59) x86_64 }
2026:08:17-21:48:11:153714 |CCL_INFO| OS info: { Linux x4214c5s6b0n0 5.14.21-150400.24.225-default #1 SMP PREEMPT_DYNAMIC Wed Jun 17 13:14:30 UTC 2026 (82c2e59) x86_64 }
2026:08:17-21:48:11:119095 |CCL_INFO| initialized level-zero
2026:08:17-21:48:11:119095 |CCL_INFO| could not initialize umf api
2026:08:17-21:48:11:119095 |CCL_INFO| OS info: { Linux x4415c3s2b0n0 5.14.21-150400.24.225-default #1 SMP PREEMPT_DYNAMIC Wed Jun 17 13:14:30 UTC 2026 (82c2e59) x86_64 }
2026:08:17-21:48:11:119104 |CCL_INFO| initialized level-zero
2026:08:17-21:48:11:119104 |CCL_INFO| could not initialize umf api
2026:08:17-21:48:11:119104 |CCL_INFO| OS info: { Linux x4415c3s2b0n0 5.14.21-150400.24.225-default #1 SMP PREEMPT_DYNAMIC Wed Jun 17 13:14:30 UTC 2026 (82c2e59) x86_64 }
2026:08:17-21:48:11:119102 |CCL_INFO| initialized level-zero
2026:08:17-21:48:11:119102 |CCL_INFO| could not initialize umf api
2026:08:17-21:48:11:119102 |CCL_INFO| OS info: { Linux x4415c3s2b0n0 5.14.21-150400.24.225-default #1 SMP PREEMPT_DYNAMIC Wed Jun 17 13:14:30 UTC 2026 (82c2e59) x86_64 }
2026:08:17-21:48:11: 8255 |CCL_INFO| initialized level-zero
2026:08:17-21:48:11: 8255 |CCL_INFO| could not initialize umf api
2026:08:17-21:48:11: 8255 |CCL_INFO| OS info: { Linux x4318c0s0b0n0 5.14.21-150400.24.225-default #1 SMP PREEMPT_DYNAMIC Wed Jun 17 13:14:30 UTC 2026 (82c2e59) x86_64 }
2026:08:17-21:48:11:36022 |CCL_INFO| initialized level-zero
2026:08:17-21:48:11:36022 |CCL_INFO| could not initialize umf api
2026:08:17-21:48:11:36022 |CCL_INFO| OS info: { Linux x4312c4s4b0n0 5.14.21-150400.24.225-default #1 SMP PREEMPT_DYNAMIC Wed Jun 17 13:14:30 UTC 2026 (82c2e59) x86_64 }
2026:08:17-21:48:11:36027 |CCL_INFO| initialized level-zero
2026:08:17-21:48:11:36027 |CCL_INFO| could not initialize umf api
2026:08:17-21:48:11:36027 |CCL_INFO| OS info: { Linux x4312c4s4b0n0 5.14.21-150400.24.225-default #1 SMP PREEMPT_DYNAMIC Wed Jun 17 13:14:30 UTC 2026 (82c2e59) x86_64 }
2026:08:17-21:48:11:153712 |CCL_INFO| initialized level-zero
2026:08:17-21:48:11:153712 |CCL_INFO| could not initialize umf api
2026:08:17-21:48:11:153712 |CCL_INFO| OS info: { Linux x4214c5s6b0n0 5.14.21-150400.24.225-default #1 SMP PREEMPT_DYNAMIC Wed Jun 17 13:14:30 UTC 2026 (82c2e59) x86_64 }
2026:08:17-21:48:11:153718 |CCL_INFO| initialized level-zero
2026:08:17-21:48:11:153718 |CCL_INFO| could not initialize umf api
2026:08:17-21:48:11:153718 |CCL_INFO| OS info: { Linux x4214c5s6b0n0 5.14.21-150400.24.225-default #1 SMP PREEMPT_DYNAMIC Wed Jun 17 13:14:30 UTC 2026 (82c2e59) x86_64 }
2026:08:17-21:48:11:153722 |CCL_INFO| initialized level-zero
2026:08:17-21:48:11:153722 |CCL_INFO| could not initialize umf api
2026:08:17-21:48:11:153722 |CCL_INFO| OS info: { Linux x4214c5s6b0n0 5.14.21-150400.24.225-default #1 SMP PREEMPT_DYNAMIC Wed Jun 17 13:14:30 UTC 2026 (82c2e59) x86_64 }
2026:08:17-21:48:11:153713 |CCL_INFO| initialized level-zero
2026:08:17-21:48:11:153713 |CCL_INFO| could not initialize umf api
2026:08:17-21:48:11:153713 |CCL_INFO| OS info: { Linux x4214c5s6b0n0 5.14.21-150400.24.225-default #1 SMP PREEMPT_DYNAMIC Wed Jun 17 13:14:30 UTC 2026 (82c2e59) x86_64 }
2026:08:17-21:48:11: 8249 |CCL_INFO| initialized level-zero
2026:08:17-21:48:11: 8249 |CCL_INFO| could not initialize umf api
2026:08:17-21:48:11: 8249 |CCL_INFO| OS info: { Linux x4318c0s0b0n0 5.14.21-150400.24.225-default #1 SMP PREEMPT_DYNAMIC Wed Jun 17 13:14:30 UTC 2026 (82c2e59) x86_64 }
2026:08:17-21:48:11:119096 |CCL_INFO| initialized level-zero
2026:08:17-21:48:11:119096 |CCL_INFO| could not initialize umf api
2026:08:17-21:48:11:119096 |CCL_INFO| OS info: { Linux x4415c3s2b0n0 5.14.21-150400.24.225-default #1 SMP PREEMPT_DYNAMIC Wed Jun 17 13:14:30 UTC 2026 (82c2e59) x86_64 }
2026:08:17-21:48:11:119101 |CCL_INFO| initialized level-zero
2026:08:17-21:48:11:119101 |CCL_INFO| could not initialize umf api
2026:08:17-21:48:11:119101 |CCL_INFO| OS info: { Linux x4415c3s2b0n0 5.14.21-150400.24.225-default #1 SMP PREEMPT_DYNAMIC Wed Jun 17 13:14:30 UTC 2026 (82c2e59) x86_64 }
2026:08:17-21:48:11:10395 |CCL_INFO| initialized level-zero
2026:08:17-21:48:11:10395 |CCL_INFO| could not initialize umf api
2026:08:17-21:48:11:10395 |CCL_INFO| OS info: { Linux x4417c5s3b0n0 5.14.21-150400.24.225-default #1 SMP PREEMPT_DYNAMIC Wed Jun 17 13:14:30 UTC 2026 (82c2e59) x86_64 }
2026:08:17-21:48:11: 8245 |CCL_INFO| initialized level-zero
2026:08:17-21:48:11: 8245 |CCL_INFO| could not initialize umf api
2026:08:17-21:48:11: 8245 |CCL_INFO| OS info: { Linux x4318c0s0b0n0 5.14.21-150400.24.225-default #1 SMP PREEMPT_DYNAMIC Wed Jun 17 13:14:30 UTC 2026 (82c2e59) x86_64 }
2026:08:17-21:48:11:36023 |CCL_INFO| initialized level-zero
2026:08:17-21:48:11:36023 |CCL_INFO| could not initialize umf api
2026:08:17-21:48:11:36023 |CCL_INFO| OS info: { Linux x4312c4s4b0n0 5.14.21-150400.24.225-default #1 SMP PREEMPT_DYNAMIC Wed Jun 17 13:14:30 UTC 2026 (82c2e59) x86_64 }
2026:08:17-21:48:11:153720 |CCL_INFO| initialized level-zero
2026:08:17-21:48:11:153720 |CCL_INFO| could not initialize umf api
2026:08:17-21:48:11:153720 |CCL_INFO| OS info: { Linux x4214c5s6b0n0 5.14.21-150400.24.225-default #1 SMP PREEMPT_DYNAMIC Wed Jun 17 13:14:30 UTC 2026 (82c2e59) x86_64 }
2026:08:17-21:48:11:63803 |CCL_INFO| initialized level-zero
2026:08:17-21:48:11:63803 |CCL_INFO| could not initialize umf api
2026:08:17-21:48:11:63803 |CCL_INFO| OS info: { Linux x4305c1s2b0n0 5.14.21-150400.24.225-default #1 SMP PREEMPT_DYNAMIC Wed Jun 17 13:14:30 UTC 2026 (82c2e59) x86_64 }
2026:08:17-21:48:11:63805 |CCL_INFO| initialized level-zero
2026:08:17-21:48:11:63805 |CCL_INFO| could not initialize umf api
2026:08:17-21:48:11:63805 |CCL_INFO| OS info: { Linux x4305c1s2b0n0 5.14.21-150400.24.225-default #1 SMP PREEMPT_DYNAMIC Wed Jun 17 13:14:30 UTC 2026 (82c2e59) x86_64 }
2026:08:17-21:48:11:153723 |CCL_INFO| initialized level-zero
2026:08:17-21:48:11:153723 |CCL_INFO| could not initialize umf api
2026:08:17-21:48:11:153723 |CCL_INFO| OS info: { Linux x4214c5s6b0n0 5.14.21-150400.24.225-default #1 SMP PREEMPT_DYNAMIC Wed Jun 17 13:14:30 UTC 2026 (82c2e59) x86_64 }
2026:08:17-21:48:11: 8253 |CCL_INFO| initialized level-zero
2026:08:17-21:48:11: 8253 |CCL_INFO| could not initialize umf api
2026:08:17-21:48:11: 8253 |CCL_INFO| OS info: { Linux x4318c0s0b0n0 5.14.21-150400.24.225-default #1 SMP PREEMPT_DYNAMIC Wed Jun 17 13:14:30 UTC 2026 (82c2e59) x86_64 }
2026:08:17-21:48:11:63806 |CCL_INFO| initialized level-zero
2026:08:17-21:48:11:63806 |CCL_INFO| could not initialize umf api
2026:08:17-21:48:11:63806 |CCL_INFO| OS info: { Linux x4305c1s2b0n0 5.14.21-150400.24.225-default #1 SMP PREEMPT_DYNAMIC Wed Jun 17 13:14:30 UTC 2026 (82c2e59) x86_64 }
2026:08:17-21:48:11:63800 |CCL_INFO| initialized level-zero
2026:08:17-21:48:11:63800 |CCL_INFO| could not initialize umf api
2026:08:17-21:48:11:63800 |CCL_INFO| OS info: { Linux x4305c1s2b0n0 5.14.21-150400.24.225-default #1 SMP PREEMPT_DYNAMIC Wed Jun 17 13:14:30 UTC 2026 (82c2e59) x86_64 }
2026:08:17-21:48:11:63799 |CCL_INFO| initialized level-zero
2026:08:17-21:48:11:63799 |CCL_INFO| could not initialize umf api
2026:08:17-21:48:11:63799 |CCL_INFO| OS info: { Linux x4305c1s2b0n0 5.14.21-150400.24.225-default #1 SMP PREEMPT_DYNAMIC Wed Jun 17 13:14:30 UTC 2026 (82c2e59) x86_64 }
2026:08:17-21:48:11:63796 |CCL_INFO| initialized level-zero
2026:08:17-21:48:11:63796 |CCL_INFO| could not initialize umf api
2026:08:17-21:48:11:63796 |CCL_INFO| OS info: { Linux x4305c1s2b0n0 5.14.21-150400.24.225-default #1 SMP PREEMPT_DYNAMIC Wed Jun 17 13:14:30 UTC 2026 (82c2e59) x86_64 }
2026:08:17-21:48:11:10392 |CCL_INFO| initialized level-zero
2026:08:17-21:48:11:10392 |CCL_INFO| could not initialize umf api
2026:08:17-21:48:11:10392 |CCL_INFO| OS info: { Linux x4417c5s3b0n0 5.14.21-150400.24.225-default #1 SMP PREEMPT_DYNAMIC Wed Jun 17 13:14:30 UTC 2026 (82c2e59) x86_64 }
2026:08:17-21:48:11:63802 |CCL_INFO| initialized level-zero
2026:08:17-21:48:11:63802 |CCL_INFO| could not initialize umf api
2026:08:17-21:48:11:63802 |CCL_INFO| OS info: { Linux x4305c1s2b0n0 5.14.21-150400.24.225-default #1 SMP PREEMPT_DYNAMIC Wed Jun 17 13:14:30 UTC 2026 (82c2e59) x86_64 }
2026:08:17-21:48:11:36029 |CCL_INFO| initialized level-zero
2026:08:17-21:48:11:36029 |CCL_INFO| could not initialize umf api
2026:08:17-21:48:11:36029 |CCL_INFO| OS info: { Linux x4312c4s4b0n0 5.14.21-150400.24.225-default #1 SMP PREEMPT_DYNAMIC Wed Jun 17 13:14:30 UTC 2026 (82c2e59) x86_64 }
2026:08:17-21:48:11:10393 |CCL_INFO| initialized level-zero
2026:08:17-21:48:11:10393 |CCL_INFO| could not initialize umf api
2026:08:17-21:48:11:10393 |CCL_INFO| OS info: { Linux x4417c5s3b0n0 5.14.21-150400.24.225-default #1 SMP PREEMPT_DYNAMIC Wed Jun 17 13:14:30 UTC 2026 (82c2e59) x86_64 }
2026:08:17-21:48:11:153721 |CCL_INFO| initialized level-zero
2026:08:17-21:48:11:153721 |CCL_INFO| could not initialize umf api
2026:08:17-21:48:11:153721 |CCL_INFO| OS info: { Linux x4214c5s6b0n0 5.14.21-150400.24.225-default #1 SMP PREEMPT_DYNAMIC Wed Jun 17 13:14:30 UTC 2026 (82c2e59) x86_64 }
2026:08:17-21:48:11:118527 |CCL_INFO| initialized level-zero
2026:08:17-21:48:11:118527 |CCL_INFO| could not initialize umf api
2026:08:17-21:48:11:118527 |CCL_INFO| OS info: { Linux x4315c1s2b0n0 5.14.21-150400.24.225-default #1 SMP PREEMPT_DYNAMIC Wed Jun 17 13:14:30 UTC 2026 (82c2e59) x86_64 }
2026:08:17-21:48:11:118522 |CCL_INFO| initialized level-zero
2026:08:17-21:48:11:118522 |CCL_INFO| could not initialize umf api
2026:08:17-21:48:11:118522 |CCL_INFO| OS info: { Linux x4315c1s2b0n0 5.14.21-150400.24.225-default #1 SMP PREEMPT_DYNAMIC Wed Jun 17 13:14:30 UTC 2026 (82c2e59) x86_64 }
2026:08:17-21:48:11:118532 |CCL_INFO| initialized level-zero
2026:08:17-21:48:11:118532 |CCL_INFO| could not initialize umf api
2026:08:17-21:48:11:118532 |CCL_INFO| OS info: { Linux x4315c1s2b0n0 5.14.21-150400.24.225-default #1 SMP PREEMPT_DYNAMIC Wed Jun 17 13:14:30 UTC 2026 (82c2e59) x86_64 }
2026:08:17-21:48:11:118528 |CCL_INFO| initialized level-zero
2026:08:17-21:48:11:118528 |CCL_INFO| could not initialize umf api
2026:08:17-21:48:11:118528 |CCL_INFO| OS info: { Linux x4315c1s2b0n0 5.14.21-150400.24.225-default #1 SMP PREEMPT_DYNAMIC Wed Jun 17 13:14:30 UTC 2026 (82c2e59) x86_64 }
2026:08:17-21:48:11:118529 |CCL_INFO| initialized level-zero
2026:08:17-21:48:11:118529 |CCL_INFO| could not initialize umf api
2026:08:17-21:48:11:118529 |CCL_INFO| OS info: { Linux x4315c1s2b0n0 5.14.21-150400.24.225-default #1 SMP PREEMPT_DYNAMIC Wed Jun 17 13:14:30 UTC 2026 (82c2e59) x86_64 }
2026:08:17-21:48:11:118524 |CCL_INFO| initialized level-zero
2026:08:17-21:48:11:118524 |CCL_INFO| could not initialize umf api
2026:08:17-21:48:11:118533 |CCL_INFO| initialized level-zero
2026:08:17-21:48:11:118533 |CCL_INFO| could not initialize umf api
2026:08:17-21:48:11:118524 |CCL_INFO| OS info: { Linux x4315c1s2b0n0 5.14.21-150400.24.225-default #1 SMP PREEMPT_DYNAMIC Wed Jun 17 13:14:30 UTC 2026 (82c2e59) x86_64 }
2026:08:17-21:48:11:118533 |CCL_INFO| OS info: { Linux x4315c1s2b0n0 5.14.21-150400.24.225-default #1 SMP PREEMPT_DYNAMIC Wed Jun 17 13:14:30 UTC 2026 (82c2e59) x86_64 }
2026:08:17-21:48:11:118526 |CCL_INFO| initialized level-zero
2026:08:17-21:48:11:118526 |CCL_INFO| could not initialize umf api
2026:08:17-21:48:11:118526 |CCL_INFO| OS info: { Linux x4315c1s2b0n0 5.14.21-150400.24.225-default #1 SMP PREEMPT_DYNAMIC Wed Jun 17 13:14:30 UTC 2026 (82c2e59) x86_64 }
2026:08:17-21:48:11:118523 |CCL_INFO| initialized level-zero
2026:08:17-21:48:11:118523 |CCL_INFO| could not initialize umf api
2026:08:17-21:48:11:118523 |CCL_INFO| OS info: { Linux x4315c1s2b0n0 5.14.21-150400.24.225-default #1 SMP PREEMPT_DYNAMIC Wed Jun 17 13:14:30 UTC 2026 (82c2e59) x86_64 }
2026:08:17-21:48:11:118525 |CCL_INFO| initialized level-zero
2026:08:17-21:48:11:118525 |CCL_INFO| could not initialize umf api
2026:08:17-21:48:11:118525 |CCL_INFO| OS info: { Linux x4315c1s2b0n0 5.14.21-150400.24.225-default #1 SMP PREEMPT_DYNAMIC Wed Jun 17 13:14:30 UTC 2026 (82c2e59) x86_64 }
2026:08:17-21:48:11:63801 |CCL_INFO| initialized level-zero
2026:08:17-21:48:11:63801 |CCL_INFO| could not initialize umf api
2026:08:17-21:48:11:63801 |CCL_INFO| OS info: { Linux x4305c1s2b0n0 5.14.21-150400.24.225-default #1 SMP PREEMPT_DYNAMIC Wed Jun 17 13:14:30 UTC 2026 (82c2e59) x86_64 }
2026:08:17-21:48:11:63804 |CCL_INFO| initialized level-zero
2026:08:17-21:48:11:63804 |CCL_INFO| could not initialize umf api
2026:08:17-21:48:11:63804 |CCL_INFO| OS info: { Linux x4305c1s2b0n0 5.14.21-150400.24.225-default #1 SMP PREEMPT_DYNAMIC Wed Jun 17 13:14:30 UTC 2026 (82c2e59) x86_64 }
2026:08:17-21:48:11:63797 |CCL_INFO| initialized level-zero
2026:08:17-21:48:11:63797 |CCL_INFO| could not initialize umf api
2026:08:17-21:48:11:63797 |CCL_INFO| OS info: { Linux x4305c1s2b0n0 5.14.21-150400.24.225-default #1 SMP PREEMPT_DYNAMIC Wed Jun 17 13:14:30 UTC 2026 (82c2e59) x86_64 }
2026:08:17-21:48:11:118531 |CCL_INFO| initialized level-zero
2026:08:17-21:48:11:118531 |CCL_INFO| could not initialize umf api
2026:08:17-21:48:11:118531 |CCL_INFO| OS info: { Linux x4315c1s2b0n0 5.14.21-150400.24.225-default #1 SMP PREEMPT_DYNAMIC Wed Jun 17 13:14:30 UTC 2026 (82c2e59) x86_64 }
2026:08:17-21:48:11:118530 |CCL_INFO| initialized level-zero
2026:08:17-21:48:11:118530 |CCL_INFO| could not initialize umf api
2026:08:17-21:48:11:118530 |CCL_INFO| OS info: { Linux x4315c1s2b0n0 5.14.21-150400.24.225-default #1 SMP PREEMPT_DYNAMIC Wed Jun 17 13:14:30 UTC 2026 (82c2e59) x86_64 }
2026:08:17-21:48:12:180202 |CCL_INFO| process launcher: pmix, local_proc_idx: 10, local_proc_count: 12
2026:08:17-21:48:12:180202 |CCL_INFO| initializing level-zero api
2026:08:17-21:48:12:180202 |CCL_INFO| initializing level-zero
2026:08:17-21:48:12:180202 |CCL_INFO| Total hardware threads: 3584
2026:08:17-21:48:12:180202 |CCL_INFO| auto tune with port counts enabled
2026:08:17-21:48:12:180193 |CCL_INFO| process launcher: pmix, local_proc_idx: 1, local_proc_count: 12
2026:08:17-21:48:12:180192 |CCL_INFO| process launcher: pmix, local_proc_idx: 0, local_proc_count: 12
2026:08:17-21:48:12:180193 |CCL_INFO| initializing level-zero api
2026:08:17-21:48:12:180193 |CCL_INFO| initializing level-zero
2026:08:17-21:48:12:180193 |CCL_INFO| Total hardware threads: 3584
2026:08:17-21:48:12:180193 |CCL_INFO| auto tune with port counts enabled
2026:08:17-21:48:12:180192 |CCL_INFO| initializing level-zero api
2026:08:17-21:48:12:180192 |CCL_INFO| initializing level-zero
2026:08:17-21:48:12:180192 |CCL_INFO| Total hardware threads: 3584
2026:08:17-21:48:12:180192 |CCL_INFO| auto tune with port counts enabled
2026:08:17-21:48:12:180195 |CCL_INFO| process launcher: pmix, local_proc_idx: 3, local_proc_count: 12
2026:08:17-21:48:12:180194 |CCL_INFO| process launcher: pmix, local_proc_idx: 2, local_proc_count: 12
2026:08:17-21:48:12:180198 |CCL_INFO| process launcher: pmix, local_proc_idx: 6, local_proc_count: 12
2026:08:17-21:48:12:180195 |CCL_INFO| initializing level-zero api
2026:08:17-21:48:12:180195 |CCL_INFO| initializing level-zero
2026:08:17-21:48:12:180195 |CCL_INFO| Total hardware threads: 3584
2026:08:17-21:48:12:180195 |CCL_INFO| auto tune with port counts enabled
2026:08:17-21:48:12:180194 |CCL_INFO| initializing level-zero api
2026:08:17-21:48:12:180194 |CCL_INFO| initializing level-zero
2026:08:17-21:48:12:180194 |CCL_INFO| Total hardware threads: 3584
2026:08:17-21:48:12:180194 |CCL_INFO| auto tune with port counts enabled
2026:08:17-21:48:12:180197 |CCL_INFO| process launcher: pmix, local_proc_idx: 5, local_proc_count: 12
2026:08:17-21:48:12:180196 |CCL_INFO| process launcher: pmix, local_proc_idx: 4, local_proc_count: 12
2026:08:17-21:48:12:180198 |CCL_INFO| initializing level-zero api
2026:08:17-21:48:12:180198 |CCL_INFO| initializing level-zero
2026:08:17-21:48:12:180198 |CCL_INFO| Total hardware threads: 3584
2026:08:17-21:48:12:180198 |CCL_INFO| auto tune with port counts enabled
2026:08:17-21:48:12:180197 |CCL_INFO| initializing level-zero api
2026:08:17-21:48:12:180196 |CCL_INFO| initializing level-zero api
2026:08:17-21:48:12:180197 |CCL_INFO| initializing level-zero
2026:08:17-21:48:12:180197 |CCL_INFO| Total hardware threads: 3584
2026:08:17-21:48:12:180197 |CCL_INFO| auto tune with port counts enabled
2026:08:17-21:48:12:180196 |CCL_INFO| initializing level-zero
2026:08:17-21:48:12:180196 |CCL_INFO| Total hardware threads: 3584
2026:08:17-21:48:12:180196 |CCL_INFO| auto tune with port counts enabled
2026:08:17-21:48:12:180199 |CCL_INFO| process launcher: pmix, local_proc_idx: 7, local_proc_count: 12
2026:08:17-21:48:12:180203 |CCL_INFO| process launcher: pmix, local_proc_idx: 11, local_proc_count: 12
2026:08:17-21:48:12:180199 |CCL_INFO| initializing level-zero api
2026:08:17-21:48:12:180199 |CCL_INFO| initializing level-zero
2026:08:17-21:48:12:180199 |CCL_INFO| Total hardware threads: 3584
2026:08:17-21:48:12:180199 |CCL_INFO| auto tune with port counts enabled
2026:08:17-21:48:12:180203 |CCL_INFO| initializing level-zero api
2026:08:17-21:48:12:180203 |CCL_INFO| initializing level-zero
2026:08:17-21:48:12:180203 |CCL_INFO| Total hardware threads: 3584
2026:08:17-21:48:12:180203 |CCL_INFO| auto tune with port counts enabled
2026:08:17-21:48:12:180202 |CCL_INFO| ze fabric ports: 10 were able to be detected
2026:08:17-21:48:12:180193 |CCL_INFO| ze fabric ports: 10 were able to be detected
2026:08:17-21:48:12:180192 |CCL_INFO| ze fabric ports: 10 were able to be detected
2026:08:17-21:48:12:180195 |CCL_INFO| ze fabric ports: 10 were able to be detected
2026:08:17-21:48:12:180200 |CCL_INFO| process launcher: pmix, local_proc_idx: 8, local_proc_count: 12
2026:08:17-21:48:12:180194 |CCL_INFO| ze fabric ports: 10 were able to be detected
2026:08:17-21:48:12:180200 |CCL_INFO| initializing level-zero api
2026:08:17-21:48:12:180200 |CCL_INFO| initializing level-zero
2026:08:17-21:48:12:180200 |CCL_INFO| Total hardware threads: 3584
2026:08:17-21:48:12:180200 |CCL_INFO| auto tune with port counts enabled
2026:08:17-21:48:12:180198 |CCL_INFO| ze fabric ports: 10 were able to be detected
2026:08:17-21:48:12:180197 |CCL_INFO| ze fabric ports: 10 were able to be detected
2026:08:17-21:48:12:180196 |CCL_INFO| ze fabric ports: 10 were able to be detected
2026:08:17-21:48:12:180203 |CCL_INFO| ze fabric ports: 10 were able to be detected
2026:08:17-21:48:12:180199 |CCL_INFO| ze fabric ports: 10 were able to be detected
2026:08:17-21:48:12:180201 |CCL_INFO| process launcher: pmix, local_proc_idx: 9, local_proc_count: 12
2026:08:17-21:48:12:180201 |CCL_INFO| initializing level-zero api
2026:08:17-21:48:12:180201 |CCL_INFO| initializing level-zero
2026:08:17-21:48:12:180201 |CCL_INFO| Total hardware threads: 3584
2026:08:17-21:48:12:180201 |CCL_INFO| auto tune with port counts enabled
2026:08:17-21:48:12:180200 |CCL_INFO| ze fabric ports: 10 were able to be detected
2026:08:17-21:48:12:180201 |CCL_INFO| ze fabric ports: 10 were able to be detected
2026:08:17-21:48:12:180202 |CCL_INFO| initialized level-zero
2026:08:17-21:48:12:180202 |CCL_INFO| could not initialize umf api
2026:08:17-21:48:12:180202 |CCL_INFO| OS info: { Linux x4514c7s4b0n0 5.14.21-150400.24.225-default #1 SMP PREEMPT_DYNAMIC Wed Jun 17 13:14:30 UTC 2026 (82c2e59) x86_64 }
2026:08:17-21:48:12:180193 |CCL_INFO| initialized level-zero
2026:08:17-21:48:12:180193 |CCL_INFO| could not initialize umf api
2026:08:17-21:48:12:180193 |CCL_INFO| OS info: { Linux x4514c7s4b0n0 5.14.21-150400.24.225-default #1 SMP PREEMPT_DYNAMIC Wed Jun 17 13:14:30 UTC 2026 (82c2e59) x86_64 }
2026:08:17-21:48:12:180192 |CCL_INFO| initialized level-zero
2026:08:17-21:48:12:180192 |CCL_INFO| could not initialize umf api
2026:08:17-21:48:12:180192 |CCL_INFO| OS info: { Linux x4514c7s4b0n0 5.14.21-150400.24.225-default #1 SMP PREEMPT_DYNAMIC Wed Jun 17 13:14:30 UTC 2026 (82c2e59) x86_64 }
2026:08:17-21:48:12:180194 |CCL_INFO| initialized level-zero
2026:08:17-21:48:12:180194 |CCL_INFO| could not initialize umf api
2026:08:17-21:48:12:180194 |CCL_INFO| OS info: { Linux x4514c7s4b0n0 5.14.21-150400.24.225-default #1 SMP PREEMPT_DYNAMIC Wed Jun 17 13:14:30 UTC 2026 (82c2e59) x86_64 }
2026:08:17-21:48:12:180195 |CCL_INFO| initialized level-zero
2026:08:17-21:48:12:180195 |CCL_INFO| could not initialize umf api
2026:08:17-21:48:12:180195 |CCL_INFO| OS info: { Linux x4514c7s4b0n0 5.14.21-150400.24.225-default #1 SMP PREEMPT_DYNAMIC Wed Jun 17 13:14:30 UTC 2026 (82c2e59) x86_64 }
2026:08:17-21:48:12:180197 |CCL_INFO| initialized level-zero
2026:08:17-21:48:12:180197 |CCL_INFO| could not initialize umf api
2026:08:17-21:48:12:180197 |CCL_INFO| OS info: { Linux x4514c7s4b0n0 5.14.21-150400.24.225-default #1 SMP PREEMPT_DYNAMIC Wed Jun 17 13:14:30 UTC 2026 (82c2e59) x86_64 }
2026:08:17-21:48:12:180198 |CCL_INFO| initialized level-zero
2026:08:17-21:48:12:180198 |CCL_INFO| could not initialize umf api
2026:08:17-21:48:12:180198 |CCL_INFO| OS info: { Linux x4514c7s4b0n0 5.14.21-150400.24.225-default #1 SMP PREEMPT_DYNAMIC Wed Jun 17 13:14:30 UTC 2026 (82c2e59) x86_64 }
2026:08:17-21:48:12:180196 |CCL_INFO| initialized level-zero
2026:08:17-21:48:12:180196 |CCL_INFO| could not initialize umf api
2026:08:17-21:48:12:180196 |CCL_INFO| OS info: { Linux x4514c7s4b0n0 5.14.21-150400.24.225-default #1 SMP PREEMPT_DYNAMIC Wed Jun 17 13:14:30 UTC 2026 (82c2e59) x86_64 }
2026:08:17-21:48:12:180203 |CCL_INFO| initialized level-zero
2026:08:17-21:48:12:180203 |CCL_INFO| could not initialize umf api
2026:08:17-21:48:12:180203 |CCL_INFO| OS info: { Linux x4514c7s4b0n0 5.14.21-150400.24.225-default #1 SMP PREEMPT_DYNAMIC Wed Jun 17 13:14:30 UTC 2026 (82c2e59) x86_64 }
2026:08:17-21:48:12:180199 |CCL_INFO| initialized level-zero
2026:08:17-21:48:12:180199 |CCL_INFO| could not initialize umf api
2026:08:17-21:48:12:180199 |CCL_INFO| OS info: { Linux x4514c7s4b0n0 5.14.21-150400.24.225-default #1 SMP PREEMPT_DYNAMIC Wed Jun 17 13:14:30 UTC 2026 (82c2e59) x86_64 }
2026:08:17-21:48:12:180200 |CCL_INFO| initialized level-zero
2026:08:17-21:48:12:180200 |CCL_INFO| could not initialize umf api
2026:08:17-21:48:12:180200 |CCL_INFO| OS info: { Linux x4514c7s4b0n0 5.14.21-150400.24.225-default #1 SMP PREEMPT_DYNAMIC Wed Jun 17 13:14:30 UTC 2026 (82c2e59) x86_64 }
2026:08:17-21:48:12:180201 |CCL_INFO| initialized level-zero
2026:08:17-21:48:12:180201 |CCL_INFO| could not initialize umf api
2026:08:17-21:48:12:180201 |CCL_INFO| OS info: { Linux x4514c7s4b0n0 5.14.21-150400.24.225-default #1 SMP PREEMPT_DYNAMIC Wed Jun 17 13:14:30 UTC 2026 (82c2e59) x86_64 }
[dist] backend=xccl world=192 rank0 device=xpu:0
2026:08:17-21:48:16:97342 |CCL_INFO| process launcher: pmix, local_proc_idx: 0, local_proc_count: 12
2026:08:17-21:48:16:97347 |CCL_INFO| process launcher: pmix, local_proc_idx: 5, local_proc_count: 12
2026:08:17-21:48:16:97342 |CCL_INFO| initializing level-zero api
2026:08:17-21:48:16:97342 |CCL_INFO| initializing level-zero
2026:08:17-21:48:16:97342 |CCL_INFO| Total hardware threads: 3584
2026:08:17-21:48:16:97342 |CCL_INFO| auto tune with port counts enabled
2026:08:17-21:48:16:97347 |CCL_INFO| initializing level-zero api
2026:08:17-21:48:16:97347 |CCL_INFO| initializing level-zero
2026:08:17-21:48:16:97347 |CCL_INFO| Total hardware threads: 3584
2026:08:17-21:48:16:97347 |CCL_INFO| auto tune with port counts enabled
2026:08:17-21:48:16:10391 |CCL_INFO| process launcher: pmix, local_proc_idx: 7, local_proc_count: 12
2026:08:17-21:48:16:10391 |CCL_INFO| initializing level-zero api
2026:08:17-21:48:16:10391 |CCL_INFO| initializing level-zero
2026:08:17-21:48:16:10391 |CCL_INFO| Total hardware threads: 3584
2026:08:17-21:48:16:10391 |CCL_INFO| auto tune with port counts enabled
2026:08:17-21:48:16:203050 |CCL_INFO| process launcher: pmix, local_proc_idx: 5, local_proc_count: 12
2026:08:17-21:48:16:203050 |CCL_INFO| initializing level-zero api
2026:08:17-21:48:16:203050 |CCL_INFO| initializing level-zero
2026:08:17-21:48:16:203050 |CCL_INFO| Total hardware threads: 3584
2026:08:17-21:48:16:203050 |CCL_INFO| auto tune with port counts enabled
2026:08:17-21:48:16:203052 |CCL_INFO| process launcher: pmix, local_proc_idx: 7, local_proc_count: 12
[train] params=54.7M device=xpu:0 grad_checkpoint=True
2026:08:17-21:48:16:63795 |CCL_WARN| value of CCL_LOG_LEVEL changed to be info (default:warn)
2026:08:17-21:48:16:11119 |CCL_INFO| process launcher: pmix, local_proc_idx: 10, local_proc_count: 12
2026:08:17-21:48:16:63795 |CCL_WARN| value of CCL_KVS_MODE changed to be mpi (default:pmi)
2026:08:17-21:48:16:63795 |CCL_WARN| value of CCL_KVS_CONNECTION_TIMEOUT changed to be 600 (default:120)
2026:08:17-21:48:16:63795 |CCL_WARN| value of CCL_OP_SYNC changed to be 1 (default:0)
2026:08:17-21:48:16:63795 |CCL_WARN| value of CCL_PROCESS_LAUNCHER changed to be pmix (default:hydra)
2026:08:17-21:48:16:63795 |CCL_INFO| process launcher: pmix, local_proc_idx: 0, local_proc_count: 12
2026:08:17-21:48:16:203052 |CCL_INFO| initializing level-zero api
2026:08:17-21:48:16:11119 |CCL_INFO| initializing level-zero api
2026:08:17-21:48:16:203052 |CCL_INFO| initializing level-zero
2026:08:17-21:48:16:11116 |CCL_INFO| process launcher: pmix, local_proc_idx: 7, local_proc_count: 12
2026:08:17-21:48:16:203052 |CCL_INFO| Total hardware threads: 3584
2026:08:17-21:48:16:203052 |CCL_INFO| auto tune with port counts enabled
2026:08:17-21:48:16:11119 |CCL_INFO| initializing level-zero
2026:08:17-21:48:16:11119 |CCL_INFO| Total hardware threads: 3584
2026:08:17-21:48:16:11119 |CCL_INFO| auto tune with port counts enabled
2026:08:17-21:48:16:63795 |CCL_INFO| initializing level-zero api
2026:08:17-21:48:16:11116 |CCL_INFO| initializing level-zero api
2026:08:17-21:48:16:63795 |CCL_INFO| initializing level-zero
2026:08:17-21:48:16:63795 |CCL_INFO| Total hardware threads: 3584
2026:08:17-21:48:16:11116 |CCL_INFO| initializing level-zero
2026:08:17-21:48:16:11116 |CCL_INFO| Total hardware threads: 3584
2026:08:17-21:48:16:11116 |CCL_INFO| auto tune with port counts enabled
2026:08:17-21:48:16:63795 |CCL_INFO| auto tune with port counts enabled
2026:08:17-21:48:16:10386 |CCL_INFO| process launcher: pmix, local_proc_idx: 2, local_proc_count: 12
2026:08:17-21:48:16:10386 |CCL_INFO| initializing level-zero api
2026:08:17-21:48:16:10386 |CCL_INFO| initializing level-zero
2026:08:17-21:48:16:10386 |CCL_INFO| Total hardware threads: 3584
2026:08:17-21:48:16:10386 |CCL_INFO| auto tune with port counts enabled
2026:08:17-21:48:16: 8246 |CCL_INFO| process launcher: pmix, local_proc_idx: 2, local_proc_count: 12
2026:08:17-21:48:16:114532 |CCL_INFO| process launcher: pmix, local_proc_idx: 2, local_proc_count: 12
2026:08:17-21:48:16: 8246 |CCL_INFO| initializing level-zero api
2026:08:17-21:48:16:114532 |CCL_INFO| initializing level-zero api
2026:08:17-21:48:16:97637 |CCL_INFO| process launcher: pmix, local_proc_idx: 1, local_proc_count: 12
2026:08:17-21:48:16:97637 |CCL_INFO| initializing level-zero api
2026:08:17-21:48:16: 8246 |CCL_INFO| initializing level-zero
2026:08:17-21:48:16: 8246 |CCL_INFO| Total hardware threads: 3584
2026:08:17-21:48:16: 8246 |CCL_INFO| auto tune with port counts enabled
2026:08:17-21:48:16:97637 |CCL_INFO| initializing level-zero
2026:08:17-21:48:16:97637 |CCL_INFO| Total hardware threads: 3584
2026:08:17-21:48:16:97637 |CCL_INFO| auto tune with port counts enabled
2026:08:17-21:48:16:114532 |CCL_INFO| initializing level-zero
2026:08:17-21:48:16:114532 |CCL_INFO| Total hardware threads: 3584
2026:08:17-21:48:16:114532 |CCL_INFO| auto tune with port counts enabled
2026:08:17-21:48:16:50418 |CCL_INFO| process launcher: pmix, local_proc_idx: 6, local_proc_count: 12
2026:08:17-21:48:16:50418 |CCL_INFO| initializing level-zero api
2026:08:17-21:48:16:97639 |CCL_INFO| process launcher: pmix, local_proc_idx: 3, local_proc_count: 12
2026:08:17-21:48:16:50418 |CCL_INFO| initializing level-zero
2026:08:17-21:48:16:50418 |CCL_INFO| Total hardware threads: 3584
2026:08:17-21:48:16:50418 |CCL_INFO| auto tune with port counts enabled
2026:08:17-21:48:16:114536 |CCL_INFO| process launcher: pmix, local_proc_idx: 6, local_proc_count: 12
2026:08:17-21:48:16:97639 |CCL_INFO| initializing level-zero api
2026:08:17-21:48:16:97639 |CCL_INFO| initializing level-zero
2026:08:17-21:48:16:97639 |CCL_INFO| Total hardware threads: 3584
2026:08:17-21:48:16:97639 |CCL_INFO| auto tune with port counts enabled
2026:08:17-21:48:16:114536 |CCL_INFO| initializing level-zero api
2026:08:17-21:48:16:114536 |CCL_INFO| initializing level-zero
2026:08:17-21:48:16:114536 |CCL_INFO| Total hardware threads: 3584
2026:08:17-21:48:16:114536 |CCL_INFO| auto tune with port counts enabled
2026:08:17-21:48:16:62823 |CCL_INFO| process launcher: pmix, local_proc_idx: 2, local_proc_count: 12
2026:08:17-21:48:16:97342 |CCL_INFO| ze fabric ports: 10 were able to be detected
2026:08:17-21:48:16:62823 |CCL_INFO| initializing level-zero api
2026:08:17-21:48:16:62823 |CCL_INFO| initializing level-zero
2026:08:17-21:48:16:62823 |CCL_INFO| Total hardware threads: 3584
2026:08:17-21:48:16:62823 |CCL_INFO| auto tune with port counts enabled
2026:08:17-21:48:16:97347 |CCL_INFO| ze fabric ports: 10 were able to be detected
2026:08:17-21:48:16:63798 |CCL_INFO| process launcher: pmix, local_proc_idx: 3, local_proc_count: 12
2026:08:17-21:48:16:63798 |CCL_INFO| initializing level-zero api
2026:08:17-21:48:16:63798 |CCL_INFO| initializing level-zero
2026:08:17-21:48:16:63798 |CCL_INFO| Total hardware threads: 3584
2026:08:17-21:48:16:63798 |CCL_INFO| auto tune with port counts enabled
2026:08:17-21:48:16:62831 |CCL_INFO| process launcher: pmix, local_proc_idx: 10, local_proc_count: 12
2026:08:17-21:48:16:36026 |CCL_INFO| process launcher: pmix, local_proc_idx: 5, local_proc_count: 12
2026:08:17-21:48:16:36026 |CCL_INFO| initializing level-zero api
2026:08:17-21:48:16:10391 |CCL_INFO| ze fabric ports: 10 were able to be detected
2026:08:17-21:48:16:36026 |CCL_INFO| initializing level-zero
2026:08:17-21:48:16:36026 |CCL_INFO| Total hardware threads: 3584
2026:08:17-21:48:16:36026 |CCL_INFO| auto tune with port counts enabled
2026:08:17-21:48:16:62831 |CCL_INFO| initializing level-zero api
2026:08:17-21:48:16:62831 |CCL_INFO| initializing level-zero
2026:08:17-21:48:16:62831 |CCL_INFO| Total hardware threads: 3584
2026:08:17-21:48:16:62831 |CCL_INFO| auto tune with port counts enabled
2026:08:17-21:48:16:11119 |CCL_INFO| ze fabric ports: 10 were able to be detected
2026:08:17-21:48:16:203050 |CCL_INFO| ze fabric ports: 10 were able to be detected
2026:08:17-21:48:16:11116 |CCL_INFO| ze fabric ports: 10 were able to be detected
2026:08:17-21:48:16:63795 |CCL_INFO| ze fabric ports: 10 were able to be detected
2026:08:17-21:48:16: 8246 |CCL_INFO| ze fabric ports: 10 were able to be detected
2026:08:17-21:48:16:97637 |CCL_INFO| ze fabric ports: 10 were able to be detected
2026:08:17-21:48:16:114532 |CCL_INFO| ze fabric ports: 10 were able to be detected
2026:08:17-21:48:16:203052 |CCL_INFO| ze fabric ports: 10 were able to be detected
2026:08:17-21:48:16:10386 |CCL_INFO| ze fabric ports: 10 were able to be detected
2026:08:17-21:48:16:50418 |CCL_INFO| ze fabric ports: 10 were able to be detected
2026:08:17-21:48:16:97639 |CCL_INFO| ze fabric ports: 10 were able to be detected
2026:08:17-21:48:16:114536 |CCL_INFO| ze fabric ports: 10 were able to be detected
2026:08:17-21:48:16:62823 |CCL_INFO| ze fabric ports: 10 were able to be detected
2026:08:17-21:48:16:36026 |CCL_INFO| ze fabric ports: 10 were able to be detected
2026:08:17-21:48:16:63798 |CCL_INFO| ze fabric ports: 10 were able to be detected
2026:08:17-21:48:16:62831 |CCL_INFO| ze fabric ports: 10 were able to be detected
2026:08:17-21:48:16: 8244 |CCL_INFO| process launcher: pmix, local_proc_idx: 0, local_proc_count: 12
2026:08:17-21:48:16: 8244 |CCL_INFO| initializing level-zero api
2026:08:17-21:48:16: 8244 |CCL_INFO| initializing level-zero
2026:08:17-21:48:16: 8244 |CCL_INFO| Total hardware threads: 3584
2026:08:17-21:48:16: 8244 |CCL_INFO| auto tune with port counts enabled
2026:08:17-21:48:16:22245 |CCL_INFO| process launcher: pmix, local_proc_idx: 8, local_proc_count: 12
2026:08:17-21:48:16:22245 |CCL_INFO| initializing level-zero api
2026:08:17-21:48:16:22245 |CCL_INFO| initializing level-zero
2026:08:17-21:48:16:22245 |CCL_INFO| Total hardware threads: 3584
2026:08:17-21:48:16:22245 |CCL_INFO| auto tune with port counts enabled
2026:08:17-21:48:16: 8244 |CCL_INFO| ze fabric ports: 10 were able to be detected
2026:08:17-21:48:16:22246 |CCL_INFO| process launcher: pmix, local_proc_idx: 9, local_proc_count: 12
2026:08:17-21:48:16:22246 |CCL_INFO| initializing level-zero api
2026:08:17-21:48:16:22246 |CCL_INFO| initializing level-zero
2026:08:17-21:48:16:22246 |CCL_INFO| Total hardware threads: 3584
2026:08:17-21:48:16:22246 |CCL_INFO| auto tune with port counts enabled
2026:08:17-21:48:16:22245 |CCL_INFO| ze fabric ports: 10 were able to be detected
2026:08:17-21:48:16:22246 |CCL_INFO| ze fabric ports: 10 were able to be detected
2026:08:17-21:48:16:36030 |CCL_INFO| process launcher: pmix, local_proc_idx: 9, local_proc_count: 12
2026:08:17-21:48:16:36030 |CCL_INFO| initializing level-zero api
2026:08:17-21:48:16:36030 |CCL_INFO| initializing level-zero
2026:08:17-21:48:16:36030 |CCL_INFO| Total hardware threads: 3584
2026:08:17-21:48:16:36030 |CCL_INFO| auto tune with port counts enabled
2026:08:17-21:48:16:97342 |CCL_INFO| initialized level-zero
2026:08:17-21:48:16:97342 |CCL_INFO| could not initialize umf api
2026:08:17-21:48:16:97342 |CCL_INFO| OS info: { Linux x4120c5s3b0n0 5.14.21-150400.24.225-default #1 SMP PREEMPT_DYNAMIC Wed Jun 17 13:14:30 UTC 2026 (82c2e59) x86_64 }
2026:08:17-21:48:16:97347 |CCL_INFO| initialized level-zero
2026:08:17-21:48:16:97347 |CCL_INFO| could not initialize umf api
2026:08:17-21:48:16:97347 |CCL_INFO| OS info: { Linux x4120c5s3b0n0 5.14.21-150400.24.225-default #1 SMP PREEMPT_DYNAMIC Wed Jun 17 13:14:30 UTC 2026 (82c2e59) x86_64 }
2026:08:17-21:48:16:50421 |CCL_INFO| process launcher: pmix, local_proc_idx: 9, local_proc_count: 12
2026:08:17-21:48:16:50418 |CCL_INFO| initialized level-zero
2026:08:17-21:48:16:50418 |CCL_INFO| could not initialize umf api
2026:08:17-21:48:16:50418 |CCL_INFO| OS info: { Linux x4205c6s5b0n0 5.14.21-150400.24.225-default #1 SMP PREEMPT_DYNAMIC Wed Jun 17 13:14:30 UTC 2026 (82c2e59) x86_64 }
2026:08:17-21:48:16:50421 |CCL_INFO| initializing level-zero api
2026:08:17-21:48:16:50421 |CCL_INFO| initializing level-zero
2026:08:17-21:48:16:50421 |CCL_INFO| Total hardware threads: 3584
2026:08:17-21:48:16:50421 |CCL_INFO| auto tune with port counts enabled
2026:08:17-21:48:16:11119 |CCL_INFO| initialized level-zero
2026:08:17-21:48:16:11119 |CCL_INFO| could not initialize umf api
2026:08:17-21:48:16:11119 |CCL_INFO| OS info: { Linux x4604c5s3b0n0 5.14.21-150400.24.225-default #1 SMP PREEMPT_DYNAMIC Wed Jun 17 13:14:30 UTC 2026 (82c2e59) x86_64 }
2026:08:17-21:48:16:11116 |CCL_INFO| initialized level-zero
2026:08:17-21:48:16:11116 |CCL_INFO| could not initialize umf api
2026:08:17-21:48:16: 8246 |CCL_INFO| initialized level-zero
2026:08:17-21:48:16: 8246 |CCL_INFO| could not initialize umf api
2026:08:17-21:48:16: 8246 |CCL_INFO| OS info: { Linux x4318c0s0b0n0 5.14.21-150400.24.225-default #1 SMP PREEMPT_DYNAMIC Wed Jun 17 13:14:30 UTC 2026 (82c2e59) x86_64 }
2026:08:17-21:48:16:11116 |CCL_INFO| OS info: { Linux x4604c5s3b0n0 5.14.21-150400.24.225-default #1 SMP PREEMPT_DYNAMIC Wed Jun 17 13:14:30 UTC 2026 (82c2e59) x86_64 }
2026:08:17-21:48:16:10391 |CCL_INFO| initialized level-zero
2026:08:17-21:48:16:10391 |CCL_INFO| could not initialize umf api
2026:08:17-21:48:16:10391 |CCL_INFO| OS info: { Linux x4417c5s3b0n0 5.14.21-150400.24.225-default #1 SMP PREEMPT_DYNAMIC Wed Jun 17 13:14:30 UTC 2026 (82c2e59) x86_64 }
2026:08:17-21:48:16:63795 |CCL_INFO| initialized level-zero
2026:08:17-21:48:16:63795 |CCL_INFO| could not initialize umf api
2026:08:17-21:48:16:63795 |CCL_INFO| OS info: { Linux x4305c1s2b0n0 5.14.21-150400.24.225-default #1 SMP PREEMPT_DYNAMIC Wed Jun 17 13:14:30 UTC 2026 (82c2e59) x86_64 }
2026:08:17-21:48:16:97637 |CCL_INFO| initialized level-zero
2026:08:17-21:48:16:97637 |CCL_INFO| could not initialize umf api
2026:08:17-21:48:16:97637 |CCL_INFO| OS info: { Linux x4611c6s7b0n0 5.14.21-150400.24.225-default #1 SMP PREEMPT_DYNAMIC Wed Jun 17 13:14:30 UTC 2026 (82c2e59) x86_64 }
2026:08:17-21:48:16:36026 |CCL_INFO| initialized level-zero
2026:08:17-21:48:16:36026 |CCL_INFO| could not initialize umf api
2026:08:17-21:48:16:36026 |CCL_INFO| OS info: { Linux x4312c4s4b0n0 5.14.21-150400.24.225-default #1 SMP PREEMPT_DYNAMIC Wed Jun 17 13:14:30 UTC 2026 (82c2e59) x86_64 }
2026:08:17-21:48:16:36030 |CCL_INFO| ze fabric ports: 10 were able to be detected
2026:08:17-21:48:16:114532 |CCL_INFO| initialized level-zero
2026:08:17-21:48:16:114532 |CCL_INFO| could not initialize umf api
2026:08:17-21:48:16:114532 |CCL_INFO| OS info: { Linux x4714c1s6b0n0 5.14.21-150400.24.225-default #1 SMP PREEMPT_DYNAMIC Wed Jun 17 13:14:30 UTC 2026 (82c2e59) x86_64 }
2026:08:17-21:48:16:97639 |CCL_INFO| initialized level-zero
2026:08:17-21:48:16:97639 |CCL_INFO| could not initialize umf api
2026:08:17-21:48:16:97639 |CCL_INFO| OS info: { Linux x4611c6s7b0n0 5.14.21-150400.24.225-default #1 SMP PREEMPT_DYNAMIC Wed Jun 17 13:14:30 UTC 2026 (82c2e59) x86_64 }
2026:08:17-21:48:16:10386 |CCL_INFO| initialized level-zero
2026:08:17-21:48:16:10386 |CCL_INFO| could not initialize umf api
2026:08:17-21:48:16:10386 |CCL_INFO| OS info: { Linux x4417c5s3b0n0 5.14.21-150400.24.225-default #1 SMP PREEMPT_DYNAMIC Wed Jun 17 13:14:30 UTC 2026 (82c2e59) x86_64 }
2026:08:17-21:48:16:203050 |CCL_INFO| initialized level-zero
2026:08:17-21:48:16:203050 |CCL_INFO| could not initialize umf api
2026:08:17-21:48:16:203050 |CCL_INFO| OS info: { Linux x4407c3s6b0n0 5.14.21-150400.24.225-default #1 SMP PREEMPT_DYNAMIC Wed Jun 17 13:14:30 UTC 2026 (82c2e59) x86_64 }
2026:08:17-21:48:16:114536 |CCL_INFO| initialized level-zero
2026:08:17-21:48:16:114536 |CCL_INFO| could not initialize umf api
2026:08:17-21:48:16:203052 |CCL_INFO| initialized level-zero
2026:08:17-21:48:16:203052 |CCL_INFO| could not initialize umf api
2026:08:17-21:48:16:203052 |CCL_INFO| OS info: { Linux x4407c3s6b0n0 5.14.21-150400.24.225-default #1 SMP PREEMPT_DYNAMIC Wed Jun 17 13:14:30 UTC 2026 (82c2e59) x86_64 }
2026:08:17-21:48:16:114536 |CCL_INFO| OS info: { Linux x4714c1s6b0n0 5.14.21-150400.24.225-default #1 SMP PREEMPT_DYNAMIC Wed Jun 17 13:14:30 UTC 2026 (82c2e59) x86_64 }
2026:08:17-21:48:16:63798 |CCL_INFO| initialized level-zero
2026:08:17-21:48:16:63798 |CCL_INFO| could not initialize umf api
2026:08:17-21:48:16:63798 |CCL_INFO| OS info: { Linux x4305c1s2b0n0 5.14.21-150400.24.225-default #1 SMP PREEMPT_DYNAMIC Wed Jun 17 13:14:30 UTC 2026 (82c2e59) x86_64 }
2026:08:17-21:48:16:50421 |CCL_INFO| ze fabric ports: 10 were able to be detected
2026:08:17-21:48:16:62823 |CCL_INFO| initialized level-zero
2026:08:17-21:48:16:62823 |CCL_INFO| could not initialize umf api
2026:08:17-21:48:16:62823 |CCL_INFO| OS info: { Linux x4305c1s3b0n0 5.14.21-150400.24.225-default #1 SMP PREEMPT_DYNAMIC Wed Jun 17 13:14:30 UTC 2026 (82c2e59) x86_64 }
2026:08:17-21:48:16:62831 |CCL_INFO| initialized level-zero
2026:08:17-21:48:16:62831 |CCL_INFO| could not initialize umf api
2026:08:17-21:48:16:62831 |CCL_INFO| OS info: { Linux x4305c1s3b0n0 5.14.21-150400.24.225-default #1 SMP PREEMPT_DYNAMIC Wed Jun 17 13:14:30 UTC 2026 (82c2e59) x86_64 }
2026:08:17-21:48:16: 8244 |CCL_INFO| initialized level-zero
2026:08:17-21:48:16: 8244 |CCL_INFO| could not initialize umf api
2026:08:17-21:48:16: 8244 |CCL_INFO| OS info: { Linux x4318c0s0b0n0 5.14.21-150400.24.225-default #1 SMP PREEMPT_DYNAMIC Wed Jun 17 13:14:30 UTC 2026 (82c2e59) x86_64 }
2026:08:17-21:48:16:22245 |CCL_INFO| initialized level-zero
2026:08:17-21:48:16:22245 |CCL_INFO| could not initialize umf api
2026:08:17-21:48:16:22245 |CCL_INFO| OS info: { Linux x4407c7s5b0n0 5.14.21-150400.24.225-default #1 SMP PREEMPT_DYNAMIC Wed Jun 17 13:14:30 UTC 2026 (82c2e59) x86_64 }
2026:08:17-21:48:16:22246 |CCL_INFO| initialized level-zero
2026:08:17-21:48:16:22246 |CCL_INFO| could not initialize umf api
2026:08:17-21:48:16:22246 |CCL_INFO| OS info: { Linux x4407c7s5b0n0 5.14.21-150400.24.225-default #1 SMP PREEMPT_DYNAMIC Wed Jun 17 13:14:30 UTC 2026 (82c2e59) x86_64 }
2026:08:17-21:48:16:63795 |CCL_INFO| native Intel MPI BF16 is not available
2026:08:17-21:48:16:63795 |CCL_INFO| native Intel MPI FP16 is not available
2026:08:17-21:48:16:36030 |CCL_INFO| initialized level-zero
2026:08:17-21:48:16:36030 |CCL_INFO| could not initialize umf api
2026:08:17-21:48:16:36030 |CCL_INFO| OS info: { Linux x4312c4s4b0n0 5.14.21-150400.24.225-default #1 SMP PREEMPT_DYNAMIC Wed Jun 17 13:14:30 UTC 2026 (82c2e59) x86_64 }
2026:08:17-21:48:16:50421 |CCL_INFO| initialized level-zero
2026:08:17-21:48:16:50421 |CCL_INFO| could not initialize umf api
2026:08:17-21:48:16:50421 |CCL_INFO| OS info: { Linux x4205c6s5b0n0 5.14.21-150400.24.225-default #1 SMP PREEMPT_DYNAMIC Wed Jun 17 13:14:30 UTC 2026 (82c2e59) x86_64 }
2026:08:17-21:48:16:63795:[0] |CCL_INFO| atl-mpi:
{
  is_external_init: 1
  mpi_lib_attr.type: none
  mpi_lib_attr.hmem: 0
  extra_ep: 0
  mnic_type: none
  progress_mode: 1
  sync_coll: 0
}
2026:08:17-21:48:16:63795:[0] |CCL_INFO| atl attrs:
{
  in: { shm: 0, hmem: 0, sync_coll: 0, extra_ep: 0, ep_count: 1, mnic_type: none, mnic_count: 1, mnic_offset: none }
  out: { shm: 0, hmem: 0, mnic_type: none, mnic_count: 1, tag_bits: 32, max_tag: 524287 }
}
2026:08:17-21:48:16:63795:[0] |CCL_INFO| start workers for local process [0:12]
2026:08:17-21:48:16:63796:[1] |CCL_INFO| start workers for local process [1:12]
2026:08:17-21:48:16:63797:[2] |CCL_INFO| start workers for local process [2:12]
2026:08:17-21:48:16:63798:[3] |CCL_INFO| start workers for local process [3:12]
2026:08:17-21:48:16:63799:[4] |CCL_INFO| start workers for local process [4:12]
2026:08:17-21:48:16:63800:[5] |CCL_INFO| start workers for local process [5:12]
2026:08:17-21:48:16:63801:[6] |CCL_INFO| start workers for local process [6:12]
2026:08:17-21:48:16:63802:[7] |CCL_INFO| start workers for local process [7:12]
2026:08:17-21:48:16:63803:[8] |CCL_INFO| start workers for local process [8:12]
2026:08:17-21:48:16:63804:[9] |CCL_INFO| start workers for local process [9:12]
2026:08:17-21:48:16:63805:[10] |CCL_INFO| start workers for local process [10:12]
2026:08:17-21:48:16:63806:[11] |CCL_INFO| start workers for local process [11:12]
2026:08:17-21:48:16:63804:[9] |CCL_INFO| local process [9:12]: worker: 0, cpu: 198, numa: 1
2026:08:17-21:48:16:63805:[10] |CCL_INFO| local process [10:12]: worker: 0, cpu: 197, numa: 1
2026:08:17-21:48:16:63806:[11] |CCL_INFO| local process [11:12]: worker: 0, cpu: 196, numa: 1
2026:08:17-21:48:16:63795:[0] |CCL_INFO| library version: Gold-2021.17.2 2025-12-23T 15:18:49Z (HEAD/b9deca8)
2026:08:17-21:48:16:63795:[0] |CCL_INFO| specification version: 1.0
2026:08:17-21:48:16:63795:[0] |CCL_INFO| compute backend: DPCPP
2026:08:17-21:48:16:63795:[0] |CCL_INFO| build mode: release
2026:08:17-21:48:16:63795:[0] |CCL_INFO| C compiler: IntelLLVM 2025.3.0
2026:08:17-21:48:16:63795:[0] |CCL_INFO| C++ compiler: IntelLLVM 2025.3.0
2026:08:17-21:48:16:63795:[0] |CCL_INFO| hwloc initialized: 1
{
  membind_thread_supported: 1
  numa: {os_idx: 0, memory: 515477 MB, cores: 52, cpus: 104, membind: 1}
  numa: {os_idx: 2, memory: 65536 MB, cores: 52, cpus: 104, membind: 1}
  numa: {os_idx: 1, memory: 515028 MB, cores: 52, cpus: 104, membind: 1}
  numa: {os_idx: 3, memory: 65536 MB, cores: 52, cpus: 104, membind: 1}
}
2026:08:17-21:48:16:63795:[0] |CCL_INFO| local process [0:12]: worker: 0, cpu: 207, numa: 1
2026:08:17-21:48:16:63795:[0] |CCL_INFO| CCL_WORKER_COUNT: 1
2026:08:17-21:48:16:63795:[0] |CCL_INFO| CCL_WORKER_OFFLOAD: 1
2026:08:17-21:48:16:63795:[0] |CCL_INFO| CCL_WORKER_WAIT: 1
2026:08:17-21:48:16:63795:[0] |CCL_INFO| CCL_LOG_LEVEL: info
2026:08:17-21:48:16:63795:[0] |CCL_INFO| CCL_ABORT_ON_THROW: 0
2026:08:17-21:48:16:63795:[0] |CCL_INFO| CCL_QUEUE_DUMP: 0
2026:08:17-21:48:16:63795:[0] |CCL_INFO| CCL_SCHED_DUMP: 0
2026:08:17-21:48:16:63795:[0] |CCL_INFO| CCL_SCHED_PROFILE: 0
2026:08:17-21:48:16:63795:[0] |CCL_INFO| CCL_ENTRY_MAX_UPDATE_TIME_SEC: <not specified>
2026:08:17-21:48:16:63795:[0] |CCL_INFO| CCL_FRAMEWORK: none
2026:08:17-21:48:16:63795:[0] |CCL_INFO| CCL_ATL_TRANSPORT: mpi
2026:08:17-21:48:16:63795:[0] |CCL_INFO| CCL_KVS_MODE: mpi
2026:08:17-21:48:16:63795:[0] |CCL_INFO| CCL_KVS_CONNECTION_TIMEOUT: 600
2026:08:17-21:48:16:63795:[0] |CCL_INFO| CCL_KVS_MPI_ALLGATHER: 1
2026:08:17-21:48:16:63795:[0] |CCL_INFO| CCL_KVS_USE_MPI_RANKS: 0
2026:08:17-21:48:16:63795:[0] |CCL_INFO| CCL_ATL_SHM: 0
2026:08:17-21:48:16:63795:[0] |CCL_INFO| CCL_ATL_RMA: 0
2026:08:17-21:48:16:63795:[0] |CCL_INFO| CCL_ATL_HMEM: 0
2026:08:17-21:48:16:63795:[0] |CCL_INFO| CCL_ATL_SEND_PROXY: none
2026:08:17-21:48:16:63795:[0] |CCL_INFO| CCL_ATL_CACHE: 1
2026:08:17-21:48:16:63795:[0] |CCL_INFO| CCL_MNIC: none
2026:08:17-21:48:16:63796:[1] |CCL_INFO| local process [1:12]: worker: 0, cpu: 206, numa: 1
2026:08:17-21:48:16:63797:[2] |CCL_INFO| local process [2:12]: worker: 0, cpu: 205, numa: 1
2026:08:17-21:48:16:63798:[3] |CCL_INFO| local process [3:12]: worker: 0, cpu: 204, numa: 1
2026:08:17-21:48:16:63799:[4] |CCL_INFO| local process [4:12]: worker: 0, cpu: 203, numa: 1
2026:08:17-21:48:16:63800:[5] |CCL_INFO| local process [5:12]: worker: 0, cpu: 202, numa: 1
2026:08:17-21:48:16:63801:[6] |CCL_INFO| local process [6:12]: worker: 0, cpu: 201, numa: 1
2026:08:17-21:48:16:63802:[7] |CCL_INFO| local process [7:12]: worker: 0, cpu: 200, numa: 1
2026:08:17-21:48:16:63803:[8] |CCL_INFO| local process [8:12]: worker: 0, cpu: 199, numa: 1
2026:08:17-21:48:16:63795:[0] |CCL_INFO| CCL_MNIC_NAME: <not specified>
2026:08:17-21:48:16:63795:[0] |CCL_INFO| CCL_MNIC_COUNT: 1
2026:08:17-21:48:16:63795:[0] |CCL_INFO| CCL_MNIC_OFFSET: none
2026:08:17-21:48:16:63795:[0] |CCL_INFO| CCL_ALGO_FALLBACK: 1
2026:08:17-21:48:16:63795:[0] |CCL_INFO| CCL_ALLGATHER: <not specified>
2026:08:17-21:48:16:63795:[0] |CCL_INFO| CCL_ALLGATHERV: <not specified>
2026:08:17-21:48:16:63795:[0] |CCL_INFO| CCL_ALLREDUCE: <not specified>
2026:08:17-21:48:16:63795:[0] |CCL_INFO| CCL_ALLTOALL: <not specified>
2026:08:17-21:48:16:63795:[0] |CCL_INFO| CCL_ALLTOALLV: <not specified>
2026:08:17-21:48:16:63795:[0] |CCL_INFO| CCL_BARRIER: <not specified>
2026:08:17-21:48:16:63795:[0] |CCL_INFO| CCL_BCAST: <not specified>
2026:08:17-21:48:16:63795:[0] |CCL_INFO| CCL_BROADCAST: <not specified>
2026:08:17-21:48:16:63795:[0] |CCL_INFO| CCL_RECV: <not specified>
2026:08:17-21:48:16:63795:[0] |CCL_INFO| CCL_REDUCE: <not specified>
2026:08:17-21:48:16:63795:[0] |CCL_INFO| CCL_REDUCE_SCATTER: <not specified>
2026:08:17-21:48:16:63795:[0] |CCL_INFO| CCL_SEND: <not specified>
2026:08:17-21:48:16:63795:[0] |CCL_INFO| CCL_ALLGATHER_SCALEOUT: <not specified>
2026:08:17-21:48:16:63795:[0] |CCL_INFO| CCL_ALLGATHERV_SCALEOUT: <not specified>
2026:08:17-21:48:16:63795:[0] |CCL_INFO| CCL_ALLREDUCE_SCALEOUT: <not specified>
2026:08:17-21:48:16:63795:[0] |CCL_INFO| CCL_ALLTOALL_SCALEOUT: <not specified>
2026:08:17-21:48:16:63795:[0] |CCL_INFO| CCL_ALLTOALLV_SCALEOUT: <not specified>
2026:08:17-21:48:16:63795:[0] |CCL_INFO| CCL_REDUCE_SCALEOUT: <not specified>
2026:08:17-21:48:16:63795:[0] |CCL_INFO| CCL_REDUCE_SCATTER_SCALEOUT: <not specified>
2026:08:17-21:48:16:63795:[0] |CCL_INFO| CCL_UNORDERED_COLL: 0
2026:08:17-21:48:16:63795:[0] |CCL_INFO| CCL_FUSION: 0
2026:08:17-21:48:16:63795:[0] |CCL_INFO| CCL_FUSION_BYTES_THRESHOLD: 16384
2026:08:17-21:48:16:63795:[0] |CCL_INFO| CCL_FUSION_COUNT_THRESHOLD: 256
2026:08:17-21:48:16:63795:[0] |CCL_INFO| CCL_FUSION_CHECK_URGENT: 1
2026:08:17-21:48:16:63795:[0] |CCL_INFO| CCL_FUSION_CYCLE_MS: 0.2
2026:08:17-21:48:16:63795:[0] |CCL_INFO| CCL_PRIORITY: none
2026:08:17-21:48:16:63795:[0] |CCL_INFO| CCL_SPIN_COUNT: 1000
2026:08:17-21:48:16:63795:[0] |CCL_INFO| CCL_YIELD: pause
2026:08:17-21:48:16:63795:[0] |CCL_INFO| CCL_MAX_SHORT_SIZE: 0
2026:08:17-21:48:16:63795:[0] |CCL_INFO| CCL_BCAST_PART_COUNT: <not specified>
2026:08:17-21:48:16:63795:[0] |CCL_INFO| CCL_CACHE_KEY: match_id
2026:08:17-21:48:16:63795:[0] |CCL_INFO| CCL_CACHE_FLUSH: 1
2026:08:17-21:48:16:63795:[0] |CCL_INFO| CCL_BUFFER_CACHE: 1
2026:08:17-21:48:16:63795:[0] |CCL_INFO| CCL_STRICT_ORDER: 0
2026:08:17-21:48:16:63795:[0] |CCL_INFO| CCL_STAGING_BUFFER: regular
2026:08:17-21:48:16:63795:[0] |CCL_INFO| CCL_OP_SYNC: 1
2026:08:17-21:48:16:63795:[0] |CCL_INFO| CCL_OFI_ENABLE_HOSTNAME_SHARING: 1
2026:08:17-21:48:16:63795:[0] |CCL_INFO| CCL_OFI_INIT_ENABLE_HOSTNAME_SHARING: 1
2026:08:17-21:48:16:63795:[0] |CCL_INFO| CCL_CHUNK_COUNT: 1
2026:08:17-21:48:16:63795:[0] |CCL_INFO| CCL_MIN_CHUNK_SIZE: 65536
2026:08:17-21:48:16:63795:[0] |CCL_INFO| CCL_RS_CHUNK_COUNT: 1
2026:08:17-21:48:16:63795:[0] |CCL_INFO| CCL_RS_MIN_CHUNK_SIZE: 65536
2026:08:17-21:48:16:63795:[0] |CCL_INFO| CCL_ALLGATHERV_TOPO_LARGE_SCALE: 0
2026:08:17-21:48:16:63795:[0] |CCL_INFO| CCL_ALLGATHERV_TOPO_READ: 1
2026:08:17-21:48:16:63795:[0] |CCL_INFO| CCL_ALLTOALLV_TOPO_READ: 1
2026:08:17-21:48:16:63795:[0] |CCL_INFO| CCL_REDUCE_SCATTER_TOPO_READ: 1
2026:08:17-21:48:16:63795:[0] |CCL_INFO| CCL_REDUCE_SCATTER_MONOLITHIC_KERNEL: 0
2026:08:17-21:48:16:63795:[0] |CCL_INFO| CCL_REDUCE_SCATTER_MONOLITHIC_PIPELINE_KERNEL: 1
2026:08:17-21:48:16:63795:[0] |CCL_INFO| CCL_REDUCE_SCATTER_FALLBACK_ALGO: 0
2026:08:17-21:48:16:63795:[0] |CCL_INFO| CCL_ALLGATHERV_MONOLITHIC_KERNEL: 0
2026:08:17-21:48:16:63795:[0] |CCL_INFO| CCL_ALLGATHERV_MONOLITHIC_PIPELINE_KERNEL: 1
2026:08:17-21:48:16:63795:[0] |CCL_INFO| CCL_ALLTOALLV_MONOLITHIC_KERNEL: 1
2026:08:17-21:48:16:63795:[0] |CCL_INFO| CCL_ALLTOALLV_MONOLITHIC_READ_KERNEL: 1
2026:08:17-21:48:16:63795:[0] |CCL_INFO| CCL_ALLGATHERV_PIPE_CHUNK_COUNT: 0
2026:08:17-21:48:16:63795:[0] |CCL_INFO| CCL_ALLREDUCE_PIPE_CHUNK_COUNT: 0
2026:08:17-21:48:16:63795:[0] |CCL_INFO| CCL_REDUCE_SCATTER_PIPE_CHUNK_COUNT: 0
2026:08:17-21:48:16:63795:[0] |CCL_INFO| CCL_REDUCE_PIPE_CHUNK_COUNT: 0
2026:08:17-21:48:16:63795:[0] |CCL_INFO| CCL_SYCL_ALLREDUCE_TMP_BUF: 0
2026:08:17-21:48:16:63795:[0] |CCL_INFO| CCL_SYCL_ALLREDUCE_SMALL_THRESHOLD: 524288
2026:08:17-21:48:16:63795:[0] |CCL_INFO| CCL_SYCL_ALLREDUCE_MEDIUM_THRESHOLD: 16777216
2026:08:17-21:48:16:63795:[0] |CCL_INFO| CCL_SYCL_ALLREDUCE_SCALEOUT_THRESHOLD: 4294967296
2026:08:17-21:48:16:63795:[0] |CCL_INFO| CCL_SYCL_ALLREDUCE_SCALEOUT: auto
2026:08:17-21:48:16:63795:[0] |CCL_INFO| CCL_SYCL_ALLREDUCE_ARC: 0
2026:08:17-21:48:16:63795:[0] |CCL_INFO| CCL_SYCL_ALLREDUCE_LL_THRESHOLD: 4096
2026:08:17-21:48:16:63795:[0] |CCL_INFO| CCL_SYCL_REDUCE_SCATTER_TMP_BUF: 0
2026:08:17-21:48:16:63795:[0] |CCL_INFO| CCL_SYCL_REDUCE_SCATTER_SMALL_THRESHOLD: 2097152
2026:08:17-21:48:16:63795:[0] |CCL_INFO| CCL_SYCL_REDUCE_SCATTER_MEDIUM_THRESHOLD: 67108864
2026:08:17-21:48:16:63795:[0] |CCL_INFO| CCL_SYCL_REDUCE_SCATTER_SCALEOUT_THRESHOLD: 4294967296
2026:08:17-21:48:16:63795:[0] |CCL_INFO| CCL_SYCL_REDUCE_SCATTER_SCALEOUT: auto
2026:08:17-21:48:16:63795:[0] |CCL_INFO| CCL_SYCL_REDUCE_SCATTER_LL_THRESHOLD: 512
2026:08:17-21:48:16:63795:[0] |CCL_INFO| CCL_SYCL_ALLGATHERV_TMP_BUF: 0
2026:08:17-21:48:16:63795:[0] |CCL_INFO| CCL_SYCL_ALLGATHERV_SMALL_THRESHOLD: 131072
2026:08:17-21:48:16:63795:[0] |CCL_INFO| CCL_SYCL_ALLGATHERV_MEDIUM_THRESHOLD: 2097152
2026:08:17-21:48:16:63795:[0] |CCL_INFO| CCL_SYCL_ALLGATHERV_SCALEOUT_THRESHOLD: 1073741824
2026:08:17-21:48:16:63795:[0] |CCL_INFO| CCL_SYCL_ALLGATHERV_SCALEOUT: auto
2026:08:17-21:48:16:63795:[0] |CCL_INFO| CCL_SYCL_ALLGATHERV_LL_THRESHOLD: 2048
2026:08:17-21:48:16:63795:[0] |CCL_INFO| CCL_SYCL_ALLGATHERV_SCALEOUT_OVERLAP: 1
2026:08:17-21:48:16:63795:[0] |CCL_INFO| CCL_SYCL_BROADCAST_TMP_BUF: 0
2026:08:17-21:48:16:63795:[0] |CCL_INFO| CCL_SYCL_BROADCAST_SMALL_THRESHOLD: 524288
2026:08:17-21:48:16:63795:[0] |CCL_INFO| CCL_SYCL_BROADCAST_SCALEOUT_THRESHOLD: 4294967296
2026:08:17-21:48:16:63795:[0] |CCL_INFO| CCL_SYCL_ALLTOALL_ARC_LL: 0
2026:08:17-21:48:16:63795:[0] |CCL_INFO| CCL_ENABLE_SYCL_KERNELS: 1
2026:08:17-21:48:16:63795:[0] |CCL_INFO| CCL_SYCL_CCL_BARRIER: 0
2026:08:17-21:48:16:63795:[0] |CCL_INFO| CCL_SYCL_KERNEL_SYNC: 1
2026:08:17-21:48:16:63795:[0] |CCL_INFO| CCL_SYCL_SINGLE_NODE_ALGORITHM: 1
2026:08:17-21:48:16:63795:[0] |CCL_INFO| CCL_SYCL_AUTO_USE_TMP_BUF: 1
2026:08:17-21:48:16:63795:[0] |CCL_INFO| CCL_SYCL_FORCE_USE_TMP_BUF_SCALEOUT: 1
2026:08:17-21:48:16:63795:[0] |CCL_INFO| CCL_SYCL_COPY_ENGINE: 0
2026:08:17-21:48:16:63795:[0] |CCL_INFO| CCL_SYCL_KERNEL_COPY: 1
2026:08:17-21:48:16:63795:[0] |CCL_INFO| CCL_SYCL_ESIMD: 0
2026:08:17-21:48:16:63795:[0] |CCL_INFO| CCL_SYCL_FULL_VECTOR: 1
2026:08:17-21:48:16:63795:[0] |CCL_INFO| CCL_SYCL_TMP_BUF_SIZE: 402653184
2026:08:17-21:48:16:63795:[0] |CCL_INFO| CCL_SYCL_SCALEOUT_HOST_BUF_SIZE: 1073741824
2026:08:17-21:48:16:63795:[0] |CCL_INFO| CCL_SYCL_SCALEOUT_DEVICE_BUF_SIZE: 1073741824
2026:08:17-21:48:16:63795:[0] |CCL_INFO| CCL_SYCL_KERNELS_LINE_SIZE: 128
2026:08:17-21:48:16:63795:[0] |CCL_INFO| CCL_SYCL_SCALEOUT_BUF_ALLOC_MODE: hwloc
2026:08:17-21:48:16:63795:[0] |CCL_INFO| CCL_SYCL_PT2PT_READ: 0
2026:08:17-21:48:16:63795:[0] |CCL_INFO| CCL_SYCL_PT2PT_ENABLE: 1
2026:08:17-21:48:16:63795:[0] |CCL_INFO| CCL_SYCL_MAX_PIPELINE_CHUNK_SIZE: 33554432
2026:08:17-21:48:16:63795:[0] |CCL_INFO| CCL_SYCL_PIPELINE_CHUNK_SIZE: <not specified>
2026:08:17-21:48:16:63795:[0] |CCL_INFO| CCL_SYCL_ENABLE_PIPELINE_GPU_RDMA: 0
2026:08:17-21:48:16:63795:[0] |CCL_INFO| CCL_SYCL_ENABLE_DIRECT_GPU_RDMA: 0
2026:08:17-21:48:16:63795:[0] |CCL_INFO| CCL_SYCL_PIPELINE_GPU_RDMA: 0
2026:08:17-21:48:16:63795:[0] |CCL_INFO| CCL_SYCL_SUB_COMMUICATOR: 1
2026:08:17-21:48:16:63795:[0] |CCL_INFO| CCL_SYCL_FORCE_PCIE: 0
2026:08:17-21:48:16:63795:[0] |CCL_INFO| CCL_ALLREDUCE_NREDUCE_BUFFERING: 0
2026:08:17-21:48:16:63795:[0] |CCL_INFO| CCL_ALLREDUCE_NREDUCE_SEGMENT_SIZE: <not specified>
2026:08:17-21:48:16:63795:[0] |CCL_INFO| CCL_DTREE_PARTITION_COUNT: <not specified>
2026:08:17-21:48:16:63795:[0] |CCL_INFO| CCL_ALLREDUCE_2D_CHUNK_COUNT: 1
2026:08:17-21:48:16:63795:[0] |CCL_INFO| CCL_ALLREDUCE_2D_MIN_CHUNK_SIZE: 65536
2026:08:17-21:48:16:63795:[0] |CCL_INFO| CCL_ALLREDUCE_2D_SWITCH_DIMS: 0
2026:08:17-21:48:16:63795:[0] |CCL_INFO| CCL_CHECK_INPLACE_ALIASING: 1
2026:08:17-21:48:16:63795:[0] |CCL_INFO| CCL_ALLTOALL_SCATTER_MAX_OPS: <not specified>
2026:08:17-21:48:16:63795:[0] |CCL_INFO| CCL_BACKEND: native
2026:08:17-21:48:16:63795:[0] |CCL_INFO| CCL_LOCAL_RANK: <not specified>
2026:08:17-21:48:16:63795:[0] |CCL_INFO| CCL_LOCAL_SIZE: <not specified>
2026:08:17-21:48:16:63795:[0] |CCL_INFO| CCL_PROCESS_LAUNCHER: pmix
2026:08:17-21:48:16:63795:[0] |CCL_INFO| CCL_MPI_LIBRARY_PATH: <not specified>
2026:08:17-21:48:16:63795:[0] |CCL_INFO| CCL_OFI_LIBRARY_PATH: <not specified>
2026:08:17-21:48:16:63795:[0] |CCL_INFO| CCL_UMF_ENABLE: 0
2026:08:17-21:48:16:63795:[0] |CCL_INFO| CCL_UMF_LIBRARY_PATH: <not specified>
2026:08:17-21:48:16:63795:[0] |CCL_INFO| CCL_TOPO_ALGO: 1
2026:08:17-21:48:16:63795:[0] |CCL_INFO| CCL_TOPO_COLOR: ze
2026:08:17-21:48:16:63795:[0] |CCL_INFO| CCL_TOPO_P2P_ACCESS: <not specified>
2026:08:17-21:48:16:63795:[0] |CCL_INFO| CCL_TOPO_FABRIC_VERTEX_CONNECTION_CHECK: 1
2026:08:17-21:48:16:63795:[0] |CCL_INFO| CCL_TOPO_WA_FABRIC_VERTEX_CONNECTION_CHECK: 0
2026:08:17-21:48:16:63795:[0] |CCL_INFO| CCL_USE_MPI_BCAST_WA: 0
2026:08:17-21:48:16:63795:[0] |CCL_INFO| CCL_USE_ROOT_PRINT_WA: 0
2026:08:17-21:48:16:63795:[0] |CCL_INFO| CCL_KERNEL_PATH: /opt/aurora/26.26.0/oneapi/ccl/latest/lib/ccl/kernels/
2026:08:17-21:48:16:63795:[0] |CCL_INFO| CCL_KERNEL_DEBUG: 0
2026:08:17-21:48:16:63795:[0] |CCL_INFO| CCL_KERNEL_GROUP_SIZE: 32
2026:08:17-21:48:16:63795:[0] |CCL_INFO| CCL_KERNEL_GROUP_COUNT: <not specified>
2026:08:17-21:48:16:63795:[0] |CCL_INFO| CCL_KERNEL_MEM_ALIGN: 128
2026:08:17-21:48:16:63795:[0] |CCL_INFO| CCL_KERNEL_SYNC: 1
2026:08:17-21:48:16:63795:[0] |CCL_INFO| CCL_KERNEL_1S_LEAD: 0
2026:08:17-21:48:16:63795:[0] |CCL_INFO| CCL_KERNEL_1S_USE_COPY_OPS: 0
2026:08:17-21:48:16:63795:[0] |CCL_INFO| CCL_KERNEL_1S_IPC_WA: 0
2026:08:17-21:48:16:63795:[0] |CCL_INFO| CCL_KERNEL_CLOSE_FD_WA: 1
2026:08:17-21:48:16:63795:[0] |CCL_INFO| CCL_SYCL_OUTPUT_EVENT: 1
2026:08:17-21:48:16:63795:[0] |CCL_INFO| CCL_BARRIER_SYNC: 0
2026:08:17-21:48:16:63795:[0] |CCL_INFO| CCL_ZE_DEPS_SYNC: 0
2026:08:17-21:48:16:63795:[0] |CCL_INFO| CCL_USE_HMEM: 1
2026:08:17-21:48:16:63795:[0] |CCL_INFO| CCL_ZE_BARRIER: 0
2026:08:17-21:48:16:63795:[0] |CCL_INFO| CCL_ZE_BIDIR_ALGO: 1
2026:08:17-21:48:16:63795:[0] |CCL_INFO| CCL_ZE_CACHE: 1
2026:08:17-21:48:16:63795:[0] |CCL_INFO| CCL_ZE_DEVICE_CACHE_EVICT_SMALLEST: 1
2026:08:17-21:48:16:63795:[0] |CCL_INFO| CCL_ZE_DEVICE_CACHE_UPPER_LIMIT: 838860800
2026:08:17-21:48:16:63795:[0] |CCL_INFO| CCL_ZE_DEVICE_CACHE_NUM_BLOCKS_IN_CHUNK: 1
2026:08:17-21:48:16:63795:[0] |CCL_INFO| CCL_ZE_DEVICE_CACHE_POLICY: chunk
2026:08:17-21:48:16:63795:[0] |CCL_INFO| CCL_ZE_PTR_REGISTER_THRESHOLD: 4294967296
2026:08:17-21:48:16:63795:[0] |CCL_INFO| CCL_ZE_CACHE_OPEN_IPC_HANDLES: 1
2026:08:17-21:48:16:63795:[0] |CCL_INFO| CCL_ZE_CACHE_OPEN_IPC_HANDLES_THRESHOLD: 1000
2026:08:17-21:48:16:63795:[0] |CCL_INFO| CCL_ZE_CACHE_GET_IPC_HANDLES_THRESHOLD: 1000
2026:08:17-21:48:16:63795:[0] |CCL_INFO| CCL_ZE_CACHE_GET_IPC_HANDLES: 1
2026:08:17-21:48:16:63795:[0] |CCL_INFO| CCL_ZE_SINGLE_LIST: 1
2026:08:17-21:48:16:63795:[0] |CCL_INFO| CCL_ZE_DISABLE_FAMILY_CHECK: 0
2026:08:17-21:48:16:63795:[0] |CCL_INFO| CCL_ZE_DISABLE_PORT_CHECK: 0
2026:08:17-21:48:16:63795:[0] |CCL_INFO| CCL_ZE_ENABLE_OVERSUBSCRIPTION_FALLBACK: 1
2026:08:17-21:48:16:63795:[0] |CCL_INFO| CCL_ZE_ENABLE_OVERSUBSCRIPTION_THROW: 1
2026:08:17-21:48:16:63795:[0] |CCL_INFO| CCL_ZE_SERIALIZE: 0
2026:08:17-21:48:16:63795:[0] |CCL_INFO| CCL_ZE_COPY_ENGINE: link
2026:08:17-21:48:16:63795:[0] |CCL_INFO| CCL_ZE_H2D_COPY_ENGINE: none
2026:08:17-21:48:16:63795:[0] |CCL_INFO| CCL_ZE_D2D_COPY_ENGINE: none
2026:08:17-21:48:16:63795:[0] |CCL_INFO| CCL_ZE_MAX_COMPUTE_QUEUES: 1
2026:08:17-21:48:16:63795:[0] |CCL_INFO| CCL_ZE_MAX_COPY_QUEUES: <not specified>
2026:08:17-21:48:16:63795:[0] |CCL_INFO| CCL_ZE_ENABLE_CCS_FALLBACK_FOR_COPY: 1
2026:08:17-21:48:16:63795:[0] |CCL_INFO| CCL_ZE_LIST_DUMP: 0
2026:08:17-21:48:16:63795:[0] |CCL_INFO| CCL_ZE_QUEUE_INDEX_OFFSET: 0
2026:08:17-21:48:16:63795:[0] |CCL_INFO| CCL_ZE_CLOSE_IPC_WA: 0
2026:08:17-21:48:16:63795:[0] |CCL_INFO| CCL_ZE_LIBRARY_PATH: <not specified>
2026:08:17-21:48:16:63795:[0] |CCL_INFO| CCL_ZE_ENABLE: 1
2026:08:17-21:48:16:63795:[0] |CCL_INFO| CCL_ZE_FINI_WA: 0
2026:08:17-21:48:16:63795:[0] |CCL_INFO| CCL_ZE_MULTI_WORKERS: 0
2026:08:17-21:48:16:63795:[0] |CCL_INFO| CCL_ZE_AUTO_TUNE_PORTS: 1
2026:08:17-21:48:16:63795:[0] |CCL_INFO| CCL_ZE_IPC_EXCHANGE: pidfd
2026:08:17-21:48:16:63795:[0] |CCL_INFO| CCL_ZE_DRM_BDF_SUPPORT: 1
2026:08:17-21:48:16:63795:[0] |CCL_INFO| CCL_ZE_PT2PT_READ: 1
2026:08:17-21:48:16:63795:[0] |CCL_INFO| CCL_ZE_TYPE2_TUNE_PORTS: undetected
2026:08:17-21:48:16:63795:[0] |CCL_INFO| CCL_DRMFD_DEV_RENDER_DIR_PATH: 
2026:08:17-21:48:16:63795:[0] |CCL_INFO| CCL_DRMFD_DEV_RENDER_SUFFIX: 
2026:08:17-21:48:16:63795:[0] |CCL_INFO| CCL_IPC_ALLGATHERV_WA: 1
2026:08:17-21:48:16:63795:[0] |CCL_INFO| CCL_PMIX_LIBRARY_PATH: <not specified>
2026:08:17-21:48:16:63795:[0] |CCL_INFO| CCL_ITT_LEVEL: 0
2026:08:17-21:48:16:63795:[0] |CCL_INFO| CCL_DEBUG_TIMESTAMPS_LEVEL: 0
2026:08:17-21:48:16:63795:[0] |CCL_INFO| CCL_BF16: avx512bf
2026:08:17-21:48:16:63795:[0] |CCL_INFO| CCL_FP16: avx512fp16
2026:08:17-21:48:16:63795:[0] |CCL_INFO| CCL_ROOT: /opt/aurora/26.26.0/oneapi/ccl/latest
2026:08:17-21:48:16:63795:[0] |CCL_INFO| I_MPI_ROOT: <not specified>
2026:08:17-21:48:16:63795:[0] |CCL_INFO| FI_PROVIDER_PATH: /opt/cray/libfabric/1.22.0/lib64:/opt/cray/libfabric/1.22.0/lib64/prov
2026:08:17-21:48:16:63795:[0] |CCL_INFO| FI_PROVIDER: cxi
2026:08:17-21:48:16:63795:[0] |CCL_INFO| level zero driver version: 17007402
2026:08:17-21:48:16:63795:[0] |CCL_INFO| all vertices connected: is_matrix_connected: 1
 fabric connectivity matrix: 
              [R]0x558cfa02acb8              [R]0x558cf1d5cfb8              [R]0x558cfa04c9f8              [R]0x558cfa04d8c8              [R]0x558cfa04bd28              [R]0x558cfa059368              [R]0x558cfa0496d8              [R]0x558cfa04dd68              [R]0x558cfa048178              [R]0x558cf1d60c58              [R]0x558cfa047288              [R]0x558cfa049788
[R]0x558cfa02acb8              X              1              1              1              1              1              1              1              1              1              1              1
[R]0x558cf1d5cfb8              1              X              1              1              1              1              1              1              1              1              1              1
[R]0x558cfa04c9f8              1              1              X              1              1              1              1              1              1              1              1              1
[R]0x558cfa04d8c8              1              1              1              X              1              1              1              1              1              1              1              1
[R]0x558cfa04bd28              1              1              1              1              X              1              1              1              1              1              1              1
[R]0x558cfa059368              1              1              1              1              1              X              1              1              1              1              1              1
[R]0x558cfa0496d8              1              1              1              1              1              1              X              1              1              1              1              1
[R]0x558cfa04dd68              1              1              1              1              1              1              1              X              1              1              1              1
[R]0x558cfa048178              1              1              1              1              1              1              1              1              X              1              1              1
[R]0x558cf1d60c58              1              1              1              1              1              1              1              1              1              X              1              1
[R]0x558cfa047288              1              1              1              1              1              1              1              1              1              1              X              1
[R]0x558cfa049788              1              1              1              1              1              1              1              1              1              1              1              X

2026:08:17-21:48:16:63795:[0] |CCL_INFO| ze_rank_info_vec: 
{
  comm_size: 192
    host: { idx: 0, name: x4120c5s3b0n0 }
      rank: { idx: 132, device_uuid: { 10, 94, 116, 20, 229, 81, 118, 129, 0, 0, 0, 0, 0, 0, 0, 1 }, subdev_count: 0, subdev_id: na }
      rank: { idx: 133, device_uuid: { 10, 94, 116, 20, 229, 81, 118, 129, 0, 0, 0, 0, 0, 0, 0, 2 }, subdev_count: 0, subdev_id: na }
      rank: { idx: 134, device_uuid: { 45, 144, 105, 248, 55, 68, 145, 129, 0, 0, 0, 0, 0, 0, 0, 1 }, subdev_count: 0, subdev_id: na }
      rank: { idx: 135, device_uuid: { 45, 144, 105, 248, 55, 68, 145, 129, 0, 0, 0, 0, 0, 0, 0, 2 }, subdev_count: 0, subdev_id: na }
      rank: { idx: 136, device_uuid: { 111, 50, 22, 250, 240, 244, 3, 85, 0, 0, 0, 0, 0, 0, 0, 1 }, subdev_count: 0, subdev_id: na }
      rank: { idx: 137, device_uuid: { 111, 50, 22, 250, 240, 244, 3, 85, 0, 0, 0, 0, 0, 0, 0, 2 }, subdev_count: 0, subdev_id: na }
      rank: { idx: 138, device_uuid: { 132, 36, 239, 183, 57, 64, 62, 130, 0, 0, 0, 0, 0, 0, 0, 1 }, subdev_count: 0, subdev_id: na }
      rank: { idx: 139, device_uuid: { 132, 36, 239, 183, 57, 64, 62, 130, 0, 0, 0, 0, 0, 0, 0, 2 }, subdev_count: 0, subdev_id: na }
      rank: { idx: 140, device_uuid: { 104, 21, 5, 168, 161, 74, 243, 73, 0, 0, 0, 0, 0, 0, 0, 1 }, subdev_count: 0, subdev_id: na }
      rank: { idx: 141, device_uuid: { 104, 21, 5, 168, 161, 74, 243, 73, 0, 0, 0, 0, 0, 0, 0, 2 }, subdev_count: 0, subdev_id: na }
      rank: { idx: 142, device_uuid: { 75, 28, 62, 84, 86, 51, 220, 99, 0, 0, 0, 0, 0, 0, 0, 1 }, subdev_count: 0, subdev_id: na }
      rank: { idx: 143, device_uuid: { 75, 28, 62, 84, 86, 51, 220, 99, 0, 0, 0, 0, 0, 0, 0, 2 }, subdev_count: 0, subdev_id: na }
    host: { idx: 1, name: x4205c6s5b0n0 }
      rank: { idx: 144, device_uuid: { 90, 220, 174, 75, 95, 63, 135, 202, 0, 0, 0, 0, 0, 0, 0, 1 }, subdev_count: 0, subdev_id: na }
      rank: { idx: 145, device_uuid: { 90, 220, 174, 75, 95, 63, 135, 202, 0, 0, 0, 0, 0, 0, 0, 2 }, subdev_count: 0, subdev_id: na }
      rank: { idx: 146, device_uuid: { 221, 6, 43, 88, 18, 9, 146, 160, 0, 0, 0, 0, 0, 0, 0, 1 }, subdev_count: 0, subdev_id: na }
      rank: { idx: 147, device_uuid: { 221, 6, 43, 88, 18, 9, 146, 160, 0, 0, 0, 0, 0, 0, 0, 2 }, subdev_count: 0, subdev_id: na }
      rank: { idx: 148, device_uuid: { 55, 152, 59, 172, 17, 230, 48, 205, 0, 0, 0, 0, 0, 0, 0, 1 }, subdev_count: 0, subdev_id: na }
      rank: { idx: 149, device_uuid: { 55, 152, 59, 172, 17, 230, 48, 205, 0, 0, 0, 0, 0, 0, 0, 2 }, subdev_count: 0, subdev_id: na }
      rank: { idx: 150, device_uuid: { 80, 220, 244, 24, 82, 56, 12, 162, 0, 0, 0, 0, 0, 0, 0, 1 }, subdev_count: 0, subdev_id: na }
      rank: { idx: 151, device_uuid: { 80, 220, 244, 24, 82, 56, 12, 162, 0, 0, 0, 0, 0, 0, 0, 2 }, subdev_count: 0, subdev_id: na }
      rank: { idx: 152, device_uuid: { 76, 174, 182, 254, 112, 48, 233, 9, 0, 0, 0, 0, 0, 0, 0, 1 }, subdev_count: 0, subdev_id: na }
      rank: { idx: 153, device_uuid: { 76, 174, 182, 254, 112, 48, 233, 9, 0, 0, 0, 0, 0, 0, 0, 2 }, subdev_count: 0, subdev_id: na }
      rank: { idx: 154, device_uuid: { 67, 122, 99, 37, 76, 86, 204, 204, 0, 0, 0, 0, 0, 0, 0, 1 }, subdev_count: 0, subdev_id: na }
      rank: { idx: 155, device_uuid: { 67, 122, 99, 37, 76, 86, 204, 204, 0, 0, 0, 0, 0, 0, 0, 2 }, subdev_count: 0, subdev_id: na }
    host: { idx: 2, name: x4214c5s6b0n0 }
      rank: { idx: 24, device_uuid: { 134, 191, 182, 23, 129, 33, 100, 143, 0, 0, 0, 0, 0, 0, 0, 1 }, subdev_count: 0, subdev_id: na }
      rank: { idx: 25, device_uuid: { 134, 191, 182, 23, 129, 33, 100, 143, 0, 0, 0, 0, 0, 0, 0, 2 }, subdev_count: 0, subdev_id: na }
      rank: { idx: 26, device_uuid: { 160, 253, 78, 135, 250, 46, 191, 209, 0, 0, 0, 0, 0, 0, 0, 1 }, subdev_count: 0, subdev_id: na }
      rank: { idx: 27, device_uuid: { 160, 253, 78, 135, 250, 46, 191, 209, 0, 0, 0, 0, 0, 0, 0, 2 }, subdev_count: 0, subdev_id: na }
      rank: { idx: 28, device_uuid: { 30, 9, 104, 245, 172, 244, 217, 62, 0, 0, 0, 0, 0, 0, 0, 1 }, subdev_count: 0, subdev_id: na }
      rank: { idx: 29, device_uuid: { 30, 9, 104, 245, 172, 244, 217, 62, 0, 0, 0, 0, 0, 0, 0, 2 }, subdev_count: 0, subdev_id: na }
      rank: { idx: 30, device_uuid: { 226, 37, 63, 29, 191, 254, 24, 74, 0, 0, 0, 0, 0, 0, 0, 1 }, subdev_count: 0, subdev_id: na }
      rank: { idx: 31, device_uuid: { 226, 37, 63, 29, 191, 254, 24, 74, 0, 0, 0, 0, 0, 0, 0, 2 }, subdev_count: 0, subdev_id: na }
      rank: { idx: 32, device_uuid: { 25, 237, 164, 223, 127, 47, 151, 36, 0, 0, 0, 0, 0, 0, 0, 1 }, subdev_count: 0, subdev_id: na }
      rank: { idx: 33, device_uuid: { 25, 237, 164, 223, 127, 47, 151, 36, 0, 0, 0, 0, 0, 0, 0, 2 }, subdev_count: 0, subdev_id: na }
      rank: { idx: 34, device_uuid: { 179, 36, 200, 44, 215, 229, 81, 130, 0, 0, 0, 0, 0, 0, 0, 1 }, subdev_count: 0, subdev_id: na }
      rank: { idx: 35, device_uuid: { 179, 36, 200, 44, 215, 229, 81, 130, 0, 0, 0, 0, 0, 0, 0, 2 }, subdev_count: 0, subdev_id: na }
    host: { idx: 3, name: x4305c1s2b0n0 }
      rank: { idx: 0, device_uuid: { 87, 74, 87, 81, 52, 7, 229, 47, 0, 0, 0, 0, 0, 0, 0, 1 }, subdev_count: 0, subdev_id: na }
      rank: { idx: 1, device_uuid: { 87, 74, 87, 81, 52, 7, 229, 47, 0, 0, 0, 0, 0, 0, 0, 2 }, subdev_count: 0, subdev_id: na }
      rank: { idx: 2, device_uuid: { 46, 54, 143, 48, 239, 119, 173, 42, 0, 0, 0, 0, 0, 0, 0, 1 }, subdev_count: 0, subdev_id: na }
      rank: { idx: 3, device_uuid: { 46, 54, 143, 48, 239, 119, 173, 42, 0, 0, 0, 0, 0, 0, 0, 2 }, subdev_count: 0, subdev_id: na }
      rank: { idx: 4, device_uuid: { 37, 136, 174, 22, 82, 154, 160, 231, 0, 0, 0, 0, 0, 0, 0, 1 }, subdev_count: 0, subdev_id: na }
      rank: { idx: 5, device_uuid: { 37, 136, 174, 22, 82, 154, 160, 231, 0, 0, 0, 0, 0, 0, 0, 2 }, subdev_count: 0, subdev_id: na }
      rank: { idx: 6, device_uuid: { 250, 194, 152, 141, 46, 130, 161, 129, 0, 0, 0, 0, 0, 0, 0, 1 }, subdev_count: 0, subdev_id: na }
      rank: { idx: 7, device_uuid: { 250, 194, 152, 141, 46, 130, 161, 129, 0, 0, 0, 0, 0, 0, 0, 2 }, subdev_count: 0, subdev_id: na }
      rank: { idx: 8, device_uuid: { 186, 173, 69, 205, 194, 139, 194, 134, 0, 0, 0, 0, 0, 0, 0, 1 }, subdev_count: 0, subdev_id: na }
      rank: { idx: 9, device_uuid: { 186, 173, 69, 205, 194, 139, 194, 134, 0, 0, 0, 0, 0, 0, 0, 2 }, subdev_count: 0, subdev_id: na }
      rank: { idx: 10, device_uuid: { 193, 17, 62, 52, 231, 17, 33, 183, 0, 0, 0, 0, 0, 0, 0, 1 }, subdev_count: 0, subdev_id: na }
      rank: { idx: 11, device_uuid: { 193, 17, 62, 52, 231, 17, 33, 183, 0, 0, 0, 0, 0, 0, 0, 2 }, subdev_count: 0, subdev_id: na }
    host: { idx: 4, name: x4305c1s3b0n0 }
      rank: { idx: 12, device_uuid: { 80, 142, 91, 92, 37, 230, 24, 250, 0, 0, 0, 0, 0, 0, 0, 1 }, subdev_count: 0, subdev_id: na }
      rank: { idx: 13, device_uuid: { 80, 142, 91, 92, 37, 230, 24, 250, 0, 0, 0, 0, 0, 0, 0, 2 }, subdev_count: 0, subdev_id: na }
      rank: { idx: 14, device_uuid: { 10, 177, 56, 46, 214, 21, 164, 120, 0, 0, 0, 0, 0, 0, 0, 1 }, subdev_count: 0, subdev_id: na }
      rank: { idx: 15, device_uuid: { 10, 177, 56, 46, 214, 21, 164, 120, 0, 0, 0, 0, 0, 0, 0, 2 }, subdev_count: 0, subdev_id: na }
      rank: { idx: 16, device_uuid: { 212, 190, 123, 3, 186, 22, 101, 174, 0, 0, 0, 0, 0, 0, 0, 1 }, subdev_count: 0, subdev_id: na }
      rank: { idx: 17, device_uuid: { 212, 190, 123, 3, 186, 22, 101, 174, 0, 0, 0, 0, 0, 0, 0, 2 }, subdev_count: 0, subdev_id: na }
      rank: { idx: 18, device_uuid: { 251, 87, 31, 247, 14, 245, 254, 118, 0, 0, 0, 0, 0, 0, 0, 1 }, subdev_count: 0, subdev_id: na }
      rank: { idx: 19, device_uuid: { 251, 87, 31, 247, 14, 245, 254, 118, 0, 0, 0, 0, 0, 0, 0, 2 }, subdev_count: 0, subdev_id: na }
      rank: { idx: 20, device_uuid: { 181, 235, 92, 90, 183, 255, 250, 211, 0, 0, 0, 0, 0, 0, 0, 1 }, subdev_count: 0, subdev_id: na }
      rank: { idx: 21, device_uuid: { 181, 235, 92, 90, 183, 255, 250, 211, 0, 0, 0, 0, 0, 0, 0, 2 }, subdev_count: 0, subdev_id: na }
      rank: { idx: 22, device_uuid: { 23, 1, 247, 132, 101, 121, 144, 250, 0, 0, 0, 0, 0, 0, 0, 1 }, subdev_count: 0, subdev_id: na }
      rank: { idx: 23, device_uuid: { 23, 1, 247, 132, 101, 121, 144, 250, 0, 0, 0, 0, 0, 0, 0, 2 }, subdev_count: 0, subdev_id: na }
    host: { idx: 5, name: x4312c4s4b0n0 }
      rank: { idx: 36, device_uuid: { 198, 130, 35, 59, 185, 84, 163, 244, 0, 0, 0, 0, 0, 0, 0, 1 }, subdev_count: 0, subdev_id: na }
      rank: { idx: 37, device_uuid: { 198, 130, 35, 59, 185, 84, 163, 244, 0, 0, 0, 0, 0, 0, 0, 2 }, subdev_count: 0, subdev_id: na }
      rank: { idx: 38, device_uuid: { 235, 120, 171, 122, 207, 242, 98, 72, 0, 0, 0, 0, 0, 0, 0, 1 }, subdev_count: 0, subdev_id: na }
      rank: { idx: 39, device_uuid: { 235, 120, 171, 122, 207, 242, 98, 72, 0, 0, 0, 0, 0, 0, 0, 2 }, subdev_count: 0, subdev_id: na }
      rank: { idx: 40, device_uuid: { 121, 107, 38, 68, 183, 128, 137, 99, 0, 0, 0, 0, 0, 0, 0, 1 }, subdev_count: 0, subdev_id: na }
      rank: { idx: 41, device_uuid: { 121, 107, 38, 68, 183, 128, 137, 99, 0, 0, 0, 0, 0, 0, 0, 2 }, subdev_count: 0, subdev_id: na }
      rank: { idx: 42, device_uuid: { 12, 121, 121, 212, 185, 225, 37, 150, 0, 0, 0, 0, 0, 0, 0, 1 }, subdev_count: 0, subdev_id: na }
      rank: { idx: 43, device_uuid: { 12, 121, 121, 212, 185, 225, 37, 150, 0, 0, 0, 0, 0, 0, 0, 2 }, subdev_count: 0, subdev_id: na }
      rank: { idx: 44, device_uuid: { 115, 24, 55, 144, 85, 219, 69, 246, 0, 0, 0, 0, 0, 0, 0, 1 }, subdev_count: 0, subdev_id: na }
      rank: { idx: 45, device_uuid: { 115, 24, 55, 144, 85, 219, 69, 246, 0, 0, 0, 0, 0, 0, 0, 2 }, subdev_count: 0, subdev_id: na }
      rank: { idx: 46, device_uuid: { 89, 151, 176, 200, 89, 126, 183, 191, 0, 0, 0, 0, 0, 0, 0, 1 }, subdev_count: 0, subdev_id: na }
      rank: { idx: 47, device_uuid: { 89, 151, 176, 200, 89, 126, 183, 191, 0, 0, 0, 0, 0, 0, 0, 2 }, subdev_count: 0, subdev_id: na }
    host: { idx: 6, name: x4315c1s2b0n0 }
      rank: { idx: 48, device_uuid: { 24, 1, 99, 249, 194, 190, 97, 1, 0, 0, 0, 0, 0, 0, 0, 1 }, subdev_count: 0, subdev_id: na }
      rank: { idx: 49, device_uuid: { 24, 1, 99, 249, 194, 190, 97, 1, 0, 0, 0, 0, 0, 0, 0, 2 }, subdev_count: 0, subdev_id: na }
      rank: { idx: 50, device_uuid: { 200, 144, 107, 77, 108, 220, 194, 126, 0, 0, 0, 0, 0, 0, 0, 1 }, subdev_count: 0, subdev_id: na }
      rank: { idx: 51, device_uuid: { 200, 144, 107, 77, 108, 220, 194, 126, 0, 0, 0, 0, 0, 0, 0, 2 }, subdev_count: 0, subdev_id: na }
      rank: { idx: 52, device_uuid: { 15, 195, 89, 15, 221, 213, 46, 139, 0, 0, 0, 0, 0, 0, 0, 1 }, subdev_count: 0, subdev_id: na }
      rank: { idx: 53, device_uuid: { 15, 195, 89, 15, 221, 213, 46, 139, 0, 0, 0, 0, 0, 0, 0, 2 }, subdev_count: 0, subdev_id: na }
      rank: { idx: 54, device_uuid: { 172, 229, 249, 212, 83, 196, 169, 45, 0, 0, 0, 0, 0, 0, 0, 1 }, subdev_count: 0, subdev_id: na }
      rank: { idx: 55, device_uuid: { 172, 229, 249, 212, 83, 196, 169, 45, 0, 0, 0, 0, 0, 0, 0, 2 }, subdev_count: 0, subdev_id: na }
      rank: { idx: 56, device_uuid: { 174, 99, 42, 54, 188, 138, 102, 62, 0, 0, 0, 0, 0, 0, 0, 1 }, subdev_count: 0, subdev_id: na }
      rank: { idx: 57, device_uuid: { 174, 99, 42, 54, 188, 138, 102, 62, 0, 0, 0, 0, 0, 0, 0, 2 }, subdev_count: 0, subdev_id: na }
      rank: { idx: 58, device_uuid: { 30, 233, 5, 252, 32, 159, 43, 140, 0, 0, 0, 0, 0, 0, 0, 1 }, subdev_count: 0, subdev_id: na }
      rank: { idx: 59, device_uuid: { 30, 233, 5, 252, 32, 159, 43, 140, 0, 0, 0, 0, 0, 0, 0, 2 }, subdev_count: 0, subdev_id: na }
    host: { idx: 7, name: x4318c0s0b0n0 }
      rank: { idx: 120, device_uuid: { 236, 192, 112, 58, 192, 102, 158, 161, 0, 0, 0, 0, 0, 0, 0, 1 }, subdev_count: 0, subdev_id: na }
      rank: { idx: 121, device_uuid: { 236, 192, 112, 58, 192, 102, 158, 161, 0, 0, 0, 0, 0, 0, 0, 2 }, subdev_count: 0, subdev_id: na }
      rank: { idx: 122, device_uuid: { 177, 58, 142, 102, 23, 62, 240, 83, 0, 0, 0, 0, 0, 0, 0, 1 }, subdev_count: 0, subdev_id: na }
      rank: { idx: 123, device_uuid: { 177, 58, 142, 102, 23, 62, 240, 83, 0, 0, 0, 0, 0, 0, 0, 2 }, subdev_count: 0, subdev_id: na }
      rank: { idx: 124, device_uuid: { 127, 145, 56, 46, 239, 34, 201, 188, 0, 0, 0, 0, 0, 0, 0, 1 }, subdev_count: 0, subdev_id: na }
      rank: { idx: 125, device_uuid: { 127, 145, 56, 46, 239, 34, 201, 188, 0, 0, 0, 0, 0, 0, 0, 2 }, subdev_count: 0, subdev_id: na }
      rank: { idx: 126, device_uuid: { 171, 223, 153, 103, 49, 11, 128, 82, 0, 0, 0, 0, 0, 0, 0, 1 }, subdev_count: 0, subdev_id: na }
      rank: { idx: 127, device_uuid: { 171, 223, 153, 103, 49, 11, 128, 82, 0, 0, 0, 0, 0, 0, 0, 2 }, subdev_count: 0, subdev_id: na }
      rank: { idx: 128, device_uuid: { 6, 204, 216, 205, 167, 77, 115, 49, 0, 0, 0, 0, 0, 0, 0, 1 }, subdev_count: 0, subdev_id: na }
      rank: { idx: 129, device_uuid: { 6, 204, 216, 205, 167, 77, 115, 49, 0, 0, 0, 0, 0, 0, 0, 2 }, subdev_count: 0, subdev_id: na }
      rank: { idx: 130, device_uuid: { 225, 159, 130, 247, 254, 31, 115, 162, 0, 0, 0, 0, 0, 0, 0, 1 }, subdev_count: 0, subdev_id: na }
      rank: { idx: 131, device_uuid: { 225, 159, 130, 247, 254, 31, 115, 162, 0, 0, 0, 0, 0, 0, 0, 2 }, subdev_count: 0, subdev_id: na }
    host: { idx: 8, name: x4407c3s6b0n0 }
      rank: { idx: 96, device_uuid: { 167, 116, 200, 223, 214, 220, 254, 114, 0, 0, 0, 0, 0, 0, 0, 1 }, subdev_count: 0, subdev_id: na }
      rank: { idx: 97, device_uuid: { 167, 116, 200, 223, 214, 220, 254, 114, 0, 0, 0, 0, 0, 0, 0, 2 }, subdev_count: 0, subdev_id: na }
      rank: { idx: 98, device_uuid: { 69, 150, 251, 69, 61, 19, 106, 180, 0, 0, 0, 0, 0, 0, 0, 1 }, subdev_count: 0, subdev_id: na }
      rank: { idx: 99, device_uuid: { 69, 150, 251, 69, 61, 19, 106, 180, 0, 0, 0, 0, 0, 0, 0, 2 }, subdev_count: 0, subdev_id: na }
      rank: { idx: 100, device_uuid: { 172, 175, 248, 170, 22, 107, 107, 47, 0, 0, 0, 0, 0, 0, 0, 1 }, subdev_count: 0, subdev_id: na }
      rank: { idx: 101, device_uuid: { 172, 175, 248, 170, 22, 107, 107, 47, 0, 0, 0, 0, 0, 0, 0, 2 }, subdev_count: 0, subdev_id: na }
      rank: { idx: 102, device_uuid: { 157, 17, 220, 226, 34, 124, 214, 77, 0, 0, 0, 0, 0, 0, 0, 1 }, subdev_count: 0, subdev_id: na }
      rank: { idx: 103, device_uuid: { 157, 17, 220, 226, 34, 124, 214, 77, 0, 0, 0, 0, 0, 0, 0, 2 }, subdev_count: 0, subdev_id: na }
      rank: { idx: 104, device_uuid: { 16, 75, 103, 142, 74, 88, 65, 239, 0, 0, 0, 0, 0, 0, 0, 1 }, subdev_count: 0, subdev_id: na }
      rank: { idx: 105, device_uuid: { 16, 75, 103, 142, 74, 88, 65, 239, 0, 0, 0, 0, 0, 0, 0, 2 }, subdev_count: 0, subdev_id: na }
      rank: { idx: 106, device_uuid: { 60, 77, 187, 50, 96, 170, 77, 183, 0, 0, 0, 0, 0, 0, 0, 1 }, subdev_count: 0, subdev_id: na }
      rank: { idx: 107, device_uuid: { 60, 77, 187, 50, 96, 170, 77, 183, 0, 0, 0, 0, 0, 0, 0, 2 }, subdev_count: 0, subdev_id: na }
    host: { idx: 9, name: x4407c7s5b0n0 }
      rank: { idx: 108, device_uuid: { 145, 70, 139, 188, 193, 147, 36, 184, 0, 0, 0, 0, 0, 0, 0, 1 }, subdev_count: 0, subdev_id: na }
      rank: { idx: 109, device_uuid: { 145, 70, 139, 188, 193, 147, 36, 184, 0, 0, 0, 0, 0, 0, 0, 2 }, subdev_count: 0, subdev_id: na }
      rank: { idx: 110, device_uuid: { 159, 170, 200, 42, 16, 137, 103, 200, 0, 0, 0, 0, 0, 0, 0, 1 }, subdev_count: 0, subdev_id: na }
      rank: { idx: 111, device_uuid: { 159, 170, 200, 42, 16, 137, 103, 200, 0, 0, 0, 0, 0, 0, 0, 2 }, subdev_count: 0, subdev_id: na }
      rank: { idx: 112, device_uuid: { 64, 234, 47, 65, 7, 210, 218, 67, 0, 0, 0, 0, 0, 0, 0, 1 }, subdev_count: 0, subdev_id: na }
      rank: { idx: 113, device_uuid: { 64, 234, 47, 65, 7, 210, 218, 67, 0, 0, 0, 0, 0, 0, 0, 2 }, subdev_count: 0, subdev_id: na }
      rank: { idx: 114, device_uuid: { 186, 183, 160, 241, 59, 180, 110, 207, 0, 0, 0, 0, 0, 0, 0, 1 }, subdev_count: 0, subdev_id: na }
      rank: { idx: 115, device_uuid: { 186, 183, 160, 241, 59, 180, 110, 207, 0, 0, 0, 0, 0, 0, 0, 2 }, subdev_count: 0, subdev_id: na }
      rank: { idx: 116, device_uuid: { 16, 64, 73, 169, 116, 243, 32, 11, 0, 0, 0, 0, 0, 0, 0, 1 }, subdev_count: 0, subdev_id: na }
      rank: { idx: 117, device_uuid: { 16, 64, 73, 169, 116, 243, 32, 11, 0, 0, 0, 0, 0, 0, 0, 2 }, subdev_count: 0, subdev_id: na }
      rank: { idx: 118, device_uuid: { 69, 200, 136, 225, 248, 162, 221, 83, 0, 0, 0, 0, 0, 0, 0, 1 }, subdev_count: 0, subdev_id: na }
      rank: { idx: 119, device_uuid: { 69, 200, 136, 225, 248, 162, 221, 83, 0, 0, 0, 0, 0, 0, 0, 2 }, subdev_count: 0, subdev_id: na }
    host: { idx: 10, name: x4415c3s2b0n0 }
      rank: { idx: 60, device_uuid: { 55, 137, 64, 219, 96, 210, 55, 144, 0, 0, 0, 0, 0, 0, 0, 1 }, subdev_count: 0, subdev_id: na }
      rank: { idx: 61, device_uuid: { 55, 137, 64, 219, 96, 210, 55, 144, 0, 0, 0, 0, 0, 0, 0, 2 }, subdev_count: 0, subdev_id: na }
      rank: { idx: 62, device_uuid: { 163, 112, 116, 86, 126, 22, 69, 25, 0, 0, 0, 0, 0, 0, 0, 1 }, subdev_count: 0, subdev_id: na }
      rank: { idx: 63, device_uuid: { 163, 112, 116, 86, 126, 22, 69, 25, 0, 0, 0, 0, 0, 0, 0, 2 }, subdev_count: 0, subdev_id: na }
      rank: { idx: 64, device_uuid: { 43, 231, 29, 105, 34, 177, 252, 178, 0, 0, 0, 0, 0, 0, 0, 1 }, subdev_count: 0, subdev_id: na }
      rank: { idx: 65, device_uuid: { 43, 231, 29, 105, 34, 177, 252, 178, 0, 0, 0, 0, 0, 0, 0, 2 }, subdev_count: 0, subdev_id: na }
      rank: { idx: 66, device_uuid: { 30, 88, 114, 48, 226, 34, 137, 76, 0, 0, 0, 0, 0, 0, 0, 1 }, subdev_count: 0, subdev_id: na }
      rank: { idx: 67, device_uuid: { 30, 88, 114, 48, 226, 34, 137, 76, 0, 0, 0, 0, 0, 0, 0, 2 }, subdev_count: 0, subdev_id: na }
      rank: { idx: 68, device_uuid: { 34, 202, 50, 106, 159, 159, 19, 0, 0, 0, 0, 0, 0, 0, 0, 1 }, subdev_count: 0, subdev_id: na }
      rank: { idx: 69, device_uuid: { 34, 202, 50, 106, 159, 159, 19, 0, 0, 0, 0, 0, 0, 0, 0, 2 }, subdev_count: 0, subdev_id: na }
      rank: { idx: 70, device_uuid: { 27, 136, 233, 84, 255, 137, 161, 79, 0, 0, 0, 0, 0, 0, 0, 1 }, subdev_count: 0, subdev_id: na }
      rank: { idx: 71, device_uuid: { 27, 136, 233, 84, 255, 137, 161, 79, 0, 0, 0, 0, 0, 0, 0, 2 }, subdev_count: 0, subdev_id: na }
    host: { idx: 11, name: x4417c5s3b0n0 }
      rank: { idx: 72, device_uuid: { 222, 214, 135, 247, 159, 53, 128, 188, 0, 0, 0, 0, 0, 0, 0, 1 }, subdev_count: 0, subdev_id: na }
      rank: { idx: 73, device_uuid: { 222, 214, 135, 247, 159, 53, 128, 188, 0, 0, 0, 0, 0, 0, 0, 2 }, subdev_count: 0, subdev_id: na }
      rank: { idx: 74, device_uuid: { 189, 59, 195, 209, 165, 254, 196, 206, 0, 0, 0, 0, 0, 0, 0, 1 }, subdev_count: 0, subdev_id: na }
      rank: { idx: 75, device_uuid: { 189, 59, 195, 209, 165, 254, 196, 206, 0, 0, 0, 0, 0, 0, 0, 2 }, subdev_count: 0, subdev_id: na }
      rank: { idx: 76, device_uuid: { 96, 23, 122, 57, 188, 56, 196, 178, 0, 0, 0, 0, 0, 0, 0, 1 }, subdev_count: 0, subdev_id: na }
      rank: { idx: 77, device_uuid: { 96, 23, 122, 57, 188, 56, 196, 178, 0, 0, 0, 0, 0, 0, 0, 2 }, subdev_count: 0, subdev_id: na }
      rank: { idx: 78, device_uuid: { 169, 186, 56, 204, 89, 117, 10, 23, 0, 0, 0, 0, 0, 0, 0, 1 }, subdev_count: 0, subdev_id: na }
      rank: { idx: 79, device_uuid: { 169, 186, 56, 204, 89, 117, 10, 23, 0, 0, 0, 0, 0, 0, 0, 2 }, subdev_count: 0, subdev_id: na }
      rank: { idx: 80, device_uuid: { 233, 83, 144, 165, 158, 124, 52, 196, 0, 0, 0, 0, 0, 0, 0, 1 }, subdev_count: 0, subdev_id: na }
      rank: { idx: 81, device_uuid: { 233, 83, 144, 165, 158, 124, 52, 196, 0, 0, 0, 0, 0, 0, 0, 2 }, subdev_count: 0, subdev_id: na }
      rank: { idx: 82, device_uuid: { 60, 205, 212, 88, 137, 11, 114, 35, 0, 0, 0, 0, 0, 0, 0, 1 }, subdev_count: 0, subdev_id: na }
      rank: { idx: 83, device_uuid: { 60, 205, 212, 88, 137, 11, 114, 35, 0, 0, 0, 0, 0, 0, 0, 2 }, subdev_count: 0, subdev_id: na }
    host: { idx: 12, name: x4514c7s4b0n0 }
      rank: { idx: 84, device_uuid: { 53, 63, 204, 196, 194, 218, 210, 154, 0, 0, 0, 0, 0, 0, 0, 1 }, subdev_count: 0, subdev_id: na }
      rank: { idx: 85, device_uuid: { 53, 63, 204, 196, 194, 218, 210, 154, 0, 0, 0, 0, 0, 0, 0, 2 }, subdev_count: 0, subdev_id: na }
      rank: { idx: 86, device_uuid: { 210, 92, 208, 87, 102, 67, 238, 21, 0, 0, 0, 0, 0, 0, 0, 1 }, subdev_count: 0, subdev_id: na }
      rank: { idx: 87, device_uuid: { 210, 92, 208, 87, 102, 67, 238, 21, 0, 0, 0, 0, 0, 0, 0, 2 }, subdev_count: 0, subdev_id: na }
      rank: { idx: 88, device_uuid: { 31, 162, 172, 253, 62, 185, 239, 105, 0, 0, 0, 0, 0, 0, 0, 1 }, subdev_count: 0, subdev_id: na }
      rank: { idx: 89, device_uuid: { 31, 162, 172, 253, 62, 185, 239, 105, 0, 0, 0, 0, 0, 0, 0, 2 }, subdev_count: 0, subdev_id: na }
      rank: { idx: 90, device_uuid: { 65, 164, 86, 77, 69, 61, 169, 103, 0, 0, 0, 0, 0, 0, 0, 1 }, subdev_count: 0, subdev_id: na }
      rank: { idx: 91, device_uuid: { 65, 164, 86, 77, 69, 61, 169, 103, 0, 0, 0, 0, 0, 0, 0, 2 }, subdev_count: 0, subdev_id: na }
      rank: { idx: 92, device_uuid: { 22, 94, 129, 139, 74, 61, 70, 5, 0, 0, 0, 0, 0, 0, 0, 1 }, subdev_count: 0, subdev_id: na }
      rank: { idx: 93, device_uuid: { 22, 94, 129, 139, 74, 61, 70, 5, 0, 0, 0, 0, 0, 0, 0, 2 }, subdev_count: 0, subdev_id: na }
      rank: { idx: 94, device_uuid: { 180, 104, 193, 222, 19, 116, 18, 4, 0, 0, 0, 0, 0, 0, 0, 1 }, subdev_count: 0, subdev_id: na }
      rank: { idx: 95, device_uuid: { 180, 104, 193, 222, 19, 116, 18, 4, 0, 0, 0, 0, 0, 0, 0, 2 }, subdev_count: 0, subdev_id: na }
    host: { idx: 13, name: x4604c5s3b0n0 }
      rank: { idx: 156, device_uuid: { 185, 250, 248, 110, 18, 152, 126, 240, 0, 0, 0, 0, 0, 0, 0, 1 }, subdev_count: 0, subdev_id: na }
      rank: { idx: 157, device_uuid: { 185, 250, 248, 110, 18, 152, 126, 240, 0, 0, 0, 0, 0, 0, 0, 2 }, subdev_count: 0, subdev_id: na }
      rank: { idx: 158, device_uuid: { 36, 102, 92, 130, 240, 202, 177, 80, 0, 0, 0, 0, 0, 0, 0, 1 }, subdev_count: 0, subdev_id: na }
      rank: { idx: 159, device_uuid: { 36, 102, 92, 130, 240, 202, 177, 80, 0, 0, 0, 0, 0, 0, 0, 2 }, subdev_count: 0, subdev_id: na }
      rank: { idx: 160, device_uuid: { 58, 158, 206, 219, 75, 41, 236, 87, 0, 0, 0, 0, 0, 0, 0, 1 }, subdev_count: 0, subdev_id: na }
      rank: { idx: 161, device_uuid: { 58, 158, 206, 219, 75, 41, 236, 87, 0, 0, 0, 0, 0, 0, 0, 2 }, subdev_count: 0, subdev_id: na }
      rank: { idx: 162, device_uuid: { 153, 227, 166, 220, 129, 8, 76, 131, 0, 0, 0, 0, 0, 0, 0, 1 }, subdev_count: 0, subdev_id: na }
      rank: { idx: 163, device_uuid: { 153, 227, 166, 220, 129, 8, 76, 131, 0, 0, 0, 0, 0, 0, 0, 2 }, subdev_count: 0, subdev_id: na }
      rank: { idx: 164, device_uuid: { 167, 19, 39, 172, 75, 72, 244, 78, 0, 0, 0, 0, 0, 0, 0, 1 }, subdev_count: 0, subdev_id: na }
      rank: { idx: 165, device_uuid: { 167, 19, 39, 172, 75, 72, 244, 78, 0, 0, 0, 0, 0, 0, 0, 2 }, subdev_count: 0, subdev_id: na }
      rank: { idx: 166, device_uuid: { 209, 61, 111, 116, 102, 115, 227, 232, 0, 0, 0, 0, 0, 0, 0, 1 }, subdev_count: 0, subdev_id: na }
      rank: { idx: 167, device_uuid: { 209, 61, 111, 116, 102, 115, 227, 232, 0, 0, 0, 0, 0, 0, 0, 2 }, subdev_count: 0, subdev_id: na }
    host: { idx: 14, name: x4611c6s7b0n0 }
      rank: { idx: 168, device_uuid: { 181, 144, 204, 18, 126, 124, 104, 139, 0, 0, 0, 0, 0, 0, 0, 1 }, subdev_count: 0, subdev_id: na }
      rank: { idx: 169, device_uuid: { 181, 144, 204, 18, 126, 124, 104, 139, 0, 0, 0, 0, 0, 0, 0, 2 }, subdev_count: 0, subdev_id: na }
      rank: { idx: 170, device_uuid: { 44, 102, 32, 184, 217, 84, 42, 84, 0, 0, 0, 0, 0, 0, 0, 1 }, subdev_count: 0, subdev_id: na }
      rank: { idx: 171, device_uuid: { 44, 102, 32, 184, 217, 84, 42, 84, 0, 0, 0, 0, 0, 0, 0, 2 }, subdev_count: 0, subdev_id: na }
      rank: { idx: 172, device_uuid: { 199, 194, 253, 95, 118, 10, 189, 151, 0, 0, 0, 0, 0, 0, 0, 1 }, subdev_count: 0, subdev_id: na }
      rank: { idx: 173, device_uuid: { 199, 194, 253, 95, 118, 10, 189, 151, 0, 0, 0, 0, 0, 0, 0, 2 }, subdev_count: 0, subdev_id: na }
      rank: { idx: 174, device_uuid: { 79, 43, 208, 173, 58, 16, 23, 109, 0, 0, 0, 0, 0, 0, 0, 1 }, subdev_count: 0, subdev_id: na }
      rank: { idx: 175, device_uuid: { 79, 43, 208, 173, 58, 16, 23, 109, 0, 0, 0, 0, 0, 0, 0, 2 }, subdev_count: 0, subdev_id: na }
      rank: { idx: 176, device_uuid: { 21, 217, 10, 97, 220, 123, 115, 97, 0, 0, 0, 0, 0, 0, 0, 1 }, subdev_count: 0, subdev_id: na }
      rank: { idx: 177, device_uuid: { 21, 217, 10, 97, 220, 123, 115, 97, 0, 0, 0, 0, 0, 0, 0, 2 }, subdev_count: 0, subdev_id: na }
      rank: { idx: 178, device_uuid: { 255, 218, 2, 255, 107, 182, 186, 212, 0, 0, 0, 0, 0, 0, 0, 1 }, subdev_count: 0, subdev_id: na }
      rank: { idx: 179, device_uuid: { 255, 218, 2, 255, 107, 182, 186, 212, 0, 0, 0, 0, 0, 0, 0, 2 }, subdev_count: 0, subdev_id: na }
    host: { idx: 15, name: x4714c1s6b0n0 }
      rank: { idx: 180, device_uuid: { 160, 177, 173, 209, 50, 188, 135, 168, 0, 0, 0, 0, 0, 0, 0, 1 }, subdev_count: 0, subdev_id: na }
      rank: { idx: 181, device_uuid: { 160, 177, 173, 209, 50, 188, 135, 168, 0, 0, 0, 0, 0, 0, 0, 2 }, subdev_count: 0, subdev_id: na }
      rank: { idx: 182, device_uuid: { 115, 214, 219, 32, 220, 52, 178, 121, 0, 0, 0, 0, 0, 0, 0, 1 }, subdev_count: 0, subdev_id: na }
      rank: { idx: 183, device_uuid: { 115, 214, 219, 32, 220, 52, 178, 121, 0, 0, 0, 0, 0, 0, 0, 2 }, subdev_count: 0, subdev_id: na }
      rank: { idx: 184, device_uuid: { 108, 101, 253, 222, 38, 121, 93, 50, 0, 0, 0, 0, 0, 0, 0, 1 }, subdev_count: 0, subdev_id: na }
      rank: { idx: 185, device_uuid: { 108, 101, 253, 222, 38, 121, 93, 50, 0, 0, 0, 0, 0, 0, 0, 2 }, subdev_count: 0, subdev_id: na }
      rank: { idx: 186, device_uuid: { 37, 151, 60, 115, 58, 57, 115, 124, 0, 0, 0, 0, 0, 0, 0, 1 }, subdev_count: 0, subdev_id: na }
      rank: { idx: 187, device_uuid: { 37, 151, 60, 115, 58, 57, 115, 124, 0, 0, 0, 0, 0, 0, 0, 2 }, subdev_count: 0, subdev_id: na }
      rank: { idx: 188, device_uuid: { 254, 150, 110, 73, 207, 242, 26, 19, 0, 0, 0, 0, 0, 0, 0, 1 }, subdev_count: 0, subdev_id: na }
      rank: { idx: 189, device_uuid: { 254, 150, 110, 73, 207, 242, 26, 19, 0, 0, 0, 0, 0, 0, 0, 2 }, subdev_count: 0, subdev_id: na }
      rank: { idx: 190, device_uuid: { 201, 202, 149, 113, 200, 54, 243, 174, 0, 0, 0, 0, 0, 0, 0, 1 }, subdev_count: 0, subdev_id: na }
      rank: { idx: 191, device_uuid: { 201, 202, 149, 113, 200, 54, 243, 174, 0, 0, 0, 0, 0, 0, 0, 2 }, subdev_count: 0, subdev_id: na }
}
2026:08:17-21:48:16:63795:[0] |CCL_INFO| host: 0, plane 0 contains ranks: 132 135 136 138 140 143 
2026:08:17-21:48:16:63795:[0] |CCL_INFO| host: 0, plane 1 contains ranks: 133 134 137 139 141 142 
2026:08:17-21:48:16:63795:[0] |CCL_INFO| host: 1, plane 0 contains ranks: 144 147 148 150 152 155 
2026:08:17-21:48:16:63795:[0] |CCL_INFO| host: 1, plane 1 contains ranks: 145 146 149 151 153 154 
2026:08:17-21:48:16:63795:[0] |CCL_INFO| host: 2, plane 0 contains ranks: 24 27 28 30 32 35 
2026:08:17-21:48:16:63795:[0] |CCL_INFO| host: 2, plane 1 contains ranks: 25 26 29 31 33 34 
2026:08:17-21:48:16:63795:[0] |CCL_INFO| host: 3, plane 0 contains ranks: 0 3 4 6 8 11 
2026:08:17-21:48:16:63795:[0] |CCL_INFO| host: 3, plane 1 contains ranks: 1 2 5 7 9 10 
2026:08:17-21:48:16:63795:[0] |CCL_INFO| host: 4, plane 0 contains ranks: 12 15 16 18 20 23 
2026:08:17-21:48:16:63795:[0] |CCL_INFO| host: 4, plane 1 contains ranks: 13 14 17 19 21 22 
2026:08:17-21:48:16:63795:[0] |CCL_INFO| host: 5, plane 0 contains ranks: 36 39 40 42 44 47 
2026:08:17-21:48:16:63795:[0] |CCL_INFO| host: 5, plane 1 contains ranks: 37 38 41 43 45 46 
2026:08:17-21:48:16:63795:[0] |CCL_INFO| host: 6, plane 0 contains ranks: 48 51 52 54 56 59 
2026:08:17-21:48:16:63795:[0] |CCL_INFO| host: 6, plane 1 contains ranks: 49 50 53 55 57 58 
2026:08:17-21:48:16:63795:[0] |CCL_INFO| host: 7, plane 0 contains ranks: 120 123 124 126 128 131 
2026:08:17-21:48:16:63795:[0] |CCL_INFO| host: 7, plane 1 contains ranks: 121 122 125 127 129 130 
2026:08:17-21:48:16:63795:[0] |CCL_INFO| host: 8, plane 0 contains ranks: 96 99 100 102 104 107 
2026:08:17-21:48:16:63795:[0] |CCL_INFO| host: 8, plane 1 contains ranks: 97 98 101 103 105 106 
2026:08:17-21:48:16:63795:[0] |CCL_INFO| host: 9, plane 0 contains ranks: 108 111 112 114 116 119 
2026:08:17-21:48:16:63795:[0] |CCL_INFO| host: 9, plane 1 contains ranks: 109 110 113 115 117 118 
2026:08:17-21:48:16:63795:[0] |CCL_INFO| host: 10, plane 0 contains ranks: 60 63 64 66 68 71 
2026:08:17-21:48:16:63795:[0] |CCL_INFO| host: 10, plane 1 contains ranks: 61 62 65 67 69 70 
2026:08:17-21:48:16:63795:[0] |CCL_INFO| host: 11, plane 0 contains ranks: 72 75 76 78 80 83 
2026:08:17-21:48:16:63795:[0] |CCL_INFO| host: 11, plane 1 contains ranks: 73 74 77 79 81 82 
2026:08:17-21:48:16:63795:[0] |CCL_INFO| host: 12, plane 0 contains ranks: 84 87 88 90 92 95 
2026:08:17-21:48:16:63795:[0] |CCL_INFO| host: 12, plane 1 contains ranks: 85 86 89 91 93 94 
2026:08:17-21:48:16:63795:[0] |CCL_INFO| host: 13, plane 0 contains ranks: 156 159 160 162 164 167 
2026:08:17-21:48:16:63795:[0] |CCL_INFO| host: 13, plane 1 contains ranks: 157 158 161 163 165 166 
2026:08:17-21:48:16:63795:[0] |CCL_INFO| host: 14, plane 0 contains ranks: 168 171 172 174 176 179 
2026:08:17-21:48:16:63795:[0] |CCL_INFO| host: 14, plane 1 contains ranks: 169 170 173 175 177 178 
2026:08:17-21:48:16:63795:[0] |CCL_INFO| host: 15, plane 0 contains ranks: 180 183 184 186 188 191 
2026:08:17-21:48:16:63795:[0] |CCL_INFO| host: 15, plane 1 contains ranks: 181 182 185 187 189 190 
2026:08:17-21:48:16:63795:[0] |CCL_INFO| rank_info_vec: 
{
  comm_size: 192
    host: { idx: 0, name: x4120c5s3b0n0 }
      rank: { idx: 132, local_proc_idx: 0, uuid: 00097342-13222928-1787003296604873 }
      rank: { idx: 133, local_proc_idx: 1, uuid: 00097343-62092696-1787003296604840 }
      rank: { idx: 134, local_proc_idx: 2, uuid: 00097344-23136032-1787003296604866 }
      rank: { idx: 135, local_proc_idx: 3, uuid: 00097345-14524991-1787003296604802 }
      rank: { idx: 136, local_proc_idx: 4, uuid: 00097346-59672088-1787003296604826 }
      rank: { idx: 137, local_proc_idx: 5, uuid: 00097347-12064989-1787003296604824 }
      rank: { idx: 138, local_proc_idx: 6, uuid: 00097348-12354148-1787003296604838 }
      rank: { idx: 139, local_proc_idx: 7, uuid: 00097349-19080188-1787003296604804 }
      rank: { idx: 140, local_proc_idx: 8, uuid: 00097350-11312511-1787003296604877 }
      rank: { idx: 141, local_proc_idx: 9, uuid: 00097351-84337455-1787003296604864 }
      rank: { idx: 142, local_proc_idx: 10, uuid: 00097352-22360904-1787003296604859 }
      rank: { idx: 143, local_proc_idx: 11, uuid: 00097353-73495896-1787003296604822 }
    host: { idx: 1, name: x4205c6s5b0n0 }
      rank: { idx: 144, local_proc_idx: 0, uuid: 00050412-67467321-1787003296604974 }
      rank: { idx: 145, local_proc_idx: 1, uuid: 00050413-12771792-1787003296604972 }
      rank: { idx: 146, local_proc_idx: 2, uuid: 00050414-18094608-1787003296604935 }
      rank: { idx: 147, local_proc_idx: 3, uuid: 00050415-14416744-1787003296604915 }
      rank: { idx: 148, local_proc_idx: 4, uuid: 00050416-91221449-1787003296605005 }
      rank: { idx: 149, local_proc_idx: 5, uuid: 00050417-65729175-1787003296604967 }
      rank: { idx: 150, local_proc_idx: 6, uuid: 00050418-50450337-1787003296604964 }
      rank: { idx: 151, local_proc_idx: 7, uuid: 00050419-10120781-1787003296604927 }
      rank: { idx: 152, local_proc_idx: 8, uuid: 00050420-17746200-1787003296604981 }
      rank: { idx: 153, local_proc_idx: 9, uuid: 00050421-53459219-1787003296604978 }
      rank: { idx: 154, local_proc_idx: 10, uuid: 00050422-17746200-1787003296604981 }
      rank: { idx: 155, local_proc_idx: 11, uuid: 00050423-20352474-1787003296604966 }
    host: { idx: 2, name: x4214c5s6b0n0 }
      rank: { idx: 24, local_proc_idx: 0, uuid: 00153712-11157588-1787003296605082 }
      rank: { idx: 25, local_proc_idx: 1, uuid: 00153713-17322670-1787003296605080 }
      rank: { idx: 26, local_proc_idx: 2, uuid: 00153714-11157588-1787003296605082 }
      rank: { idx: 27, local_proc_idx: 3, uuid: 00153715-48608361-1787003296605077 }
      rank: { idx: 28, local_proc_idx: 4, uuid: 00153716-15254419-1787003296605116 }
      rank: { idx: 29, local_proc_idx: 5, uuid: 00153717-15884504-1787003296605603 }
      rank: { idx: 30, local_proc_idx: 6, uuid: 00153718-21250501-1787003296605114 }
      rank: { idx: 31, local_proc_idx: 7, uuid: 00153719-17777452-1787003296605041 }
      rank: { idx: 32, local_proc_idx: 8, uuid: 00153720-15861124-1787003296605084 }
      rank: { idx: 33, local_proc_idx: 9, uuid: 00153721-17079712-1787003296605073 }
      rank: { idx: 34, local_proc_idx: 10, uuid: 00153722-11811989-1787003296605050 }
      rank: { idx: 35, local_proc_idx: 11, uuid: 00153723-17777452-1787003296605041 }
    host: { idx: 3, name: x4305c1s2b0n0 }
      rank: { idx: 0, local_proc_idx: 0, uuid: 00063795-16436731-1787003296605165 }
      rank: { idx: 1, local_proc_idx: 1, uuid: 00063796-69563162-1787003296605154 }
      rank: { idx: 2, local_proc_idx: 2, uuid: 00063797-14324163-1787003296605141 }
      rank: { idx: 3, local_proc_idx: 3, uuid: 00063798-13888512-1787003296605127 }
      rank: { idx: 4, local_proc_idx: 4, uuid: 00063799-11266024-1787003296605202 }
      rank: { idx: 5, local_proc_idx: 5, uuid: 00063800-71044215-1787003296605620 }
      rank: { idx: 6, local_proc_idx: 6, uuid: 00063801-18702180-1787003296605188 }
      rank: { idx: 7, local_proc_idx: 7, uuid: 00063802-21373393-1787003296605121 }
      rank: { idx: 8, local_proc_idx: 8, uuid: 00063803-16037759-1787003296605151 }
      rank: { idx: 9, local_proc_idx: 9, uuid: 00063804-70088128-1787003296605149 }
      rank: { idx: 10, local_proc_idx: 10, uuid: 00063805-89744811-1787003296605171 }
      rank: { idx: 11, local_proc_idx: 11, uuid: 00063806-64426080-1787003296605133 }
    host: { idx: 4, name: x4305c1s3b0n0 }
      rank: { idx: 12, local_proc_idx: 0, uuid: 00062821-18683898-1787003296605249 }
      rank: { idx: 13, local_proc_idx: 1, uuid: 00062822-16928263-1787003296605239 }
      rank: { idx: 14, local_proc_idx: 2, uuid: 00062823-18413827-1787003296605235 }
      rank: { idx: 15, local_proc_idx: 3, uuid: 00062824-19748053-1787003296605198 }
      rank: { idx: 16, local_proc_idx: 4, uuid: 00062825-21085854-1787003296605227 }
      rank: { idx: 17, local_proc_idx: 5, uuid: 00062826-84545317-1787003296605676 }
      rank: { idx: 18, local_proc_idx: 6, uuid: 00062827-10538075-1787003296605174 }
      rank: { idx: 19, local_proc_idx: 7, uuid: 00062828-69563162-1787003296605154 }
      rank: { idx: 20, local_proc_idx: 8, uuid: 00062829-17026400-1787003296605246 }
      rank: { idx: 21, local_proc_idx: 9, uuid: 00062830-37719378-1787003296605208 }
      rank: { idx: 22, local_proc_idx: 10, uuid: 00062831-12836976-1787003296605205 }
      rank: { idx: 23, local_proc_idx: 11, uuid: 00062832-13630023-1787003296605173 }
    host: { idx: 5, name: x4312c4s4b0n0 }
      rank: { idx: 36, local_proc_idx: 0, uuid: 00036021-12960846-1787003296606536 }
      rank: { idx: 37, local_proc_idx: 1, uuid: 00036022-93602082-1787003296606516 }
      rank: { idx: 38, local_proc_idx: 2, uuid: 00036023-20328063-1787003296606523 }
      rank: { idx: 39, local_proc_idx: 3, uuid: 00036024-16068801-1787003296606475 }
      rank: { idx: 40, local_proc_idx: 4, uuid: 00036025-10957200-1787003296606519 }
      rank: { idx: 41, local_proc_idx: 5, uuid: 00036026-11060188-1787003296606985 }
      rank: { idx: 42, local_proc_idx: 6, uuid: 00036027-19031399-1787003296606534 }
      rank: { idx: 43, local_proc_idx: 7, uuid: 00036028-88387427-1787003296606495 }
      rank: { idx: 44, local_proc_idx: 8, uuid: 00036029-17618931-1787003296606538 }
      rank: { idx: 45, local_proc_idx: 9, uuid: 00036030-66785043-1787003296606531 }
      rank: { idx: 46, local_proc_idx: 10, uuid: 00036031-65182445-1787003296606524 }
      rank: { idx: 47, local_proc_idx: 11, uuid: 00036032-16320230-1787003296606489 }
    host: { idx: 6, name: x4315c1s2b0n0 }
      rank: { idx: 48, local_proc_idx: 0, uuid: 00118522-55204737-1787003296604985 }
      rank: { idx: 49, local_proc_idx: 1, uuid: 00118523-20728568-1787003296604980 }
      rank: { idx: 50, local_proc_idx: 2, uuid: 00118524-20199299-1787003296604959 }
      rank: { idx: 51, local_proc_idx: 3, uuid: 00118525-42963914-1787003296604936 }
      rank: { idx: 52, local_proc_idx: 4, uuid: 00118526-19081549-1787003296605037 }
      rank: { idx: 53, local_proc_idx: 5, uuid: 00118527-19125942-1787003296605496 }
      rank: { idx: 54, local_proc_idx: 6, uuid: 00118528-61282858-1787003296605006 }
      rank: { idx: 55, local_proc_idx: 7, uuid: 00118529-20352474-1787003296604966 }
      rank: { idx: 56, local_proc_idx: 8, uuid: 00118530-13763685-1787003296605007 }
      rank: { idx: 57, local_proc_idx: 9, uuid: 00118531-41766892-1787003296604989 }
      rank: { idx: 58, local_proc_idx: 10, uuid: 00118532-41766892-1787003296604989 }
      rank: { idx: 59, local_proc_idx: 11, uuid: 00118533-71191830-1787003296604988 }
    host: { idx: 7, name: x4318c0s0b0n0 }
      rank: { idx: 120, local_proc_idx: 0, uuid: 00008244-79973375-1787003296605196 }
      rank: { idx: 121, local_proc_idx: 1, uuid: 00008245-19915371-1787003296605178 }
      rank: { idx: 122, local_proc_idx: 2, uuid: 00008246-19915371-1787003296605178 }
      rank: { idx: 123, local_proc_idx: 3, uuid: 00008247-13630023-1787003296605173 }
      rank: { idx: 124, local_proc_idx: 4, uuid: 00008248-70166619-1787003296605214 }
      rank: { idx: 125, local_proc_idx: 5, uuid: 00008249-84394693-1787003296605669 }
      rank: { idx: 126, local_proc_idx: 6, uuid: 00008250-18702180-1787003296605188 }
      rank: { idx: 127, local_proc_idx: 7, uuid: 00008251-16037759-1787003296605151 }
      rank: { idx: 128, local_proc_idx: 8, uuid: 00008252-92929561-1787003296605185 }
      rank: { idx: 129, local_proc_idx: 9, uuid: 00008253-89744811-1787003296605171 }
      rank: { idx: 130, local_proc_idx: 10, uuid: 00008254-20954781-1787003296605160 }
      rank: { idx: 131, local_proc_idx: 11, uuid: 00008255-81739374-1787003296605143 }
    host: { idx: 8, name: x4407c3s6b0n0 }
      rank: { idx: 96, local_proc_idx: 0, uuid: 00203045-20804965-1787003296605100 }
      rank: { idx: 97, local_proc_idx: 1, uuid: 00203046-20555013-1787003296605085 }
      rank: { idx: 98, local_proc_idx: 2, uuid: 00203047-15265026-1787003296605063 }
      rank: { idx: 99, local_proc_idx: 3, uuid: 00203048-57660389-1787003296605052 }
      rank: { idx: 100, local_proc_idx: 4, uuid: 00203049-20804965-1787003296605100 }
      rank: { idx: 101, local_proc_idx: 5, uuid: 00203050-48190008-1787003296605536 }
      rank: { idx: 102, local_proc_idx: 6, uuid: 00203051-67469051-1787003296605087 }
      rank: { idx: 103, local_proc_idx: 7, uuid: 00203052-11446411-1787003296605036 }
      rank: { idx: 104, local_proc_idx: 8, uuid: 00203053-17322670-1787003296605080 }
      rank: { idx: 105, local_proc_idx: 9, uuid: 00203054-27507313-1787003296605075 }
      rank: { idx: 106, local_proc_idx: 10, uuid: 00203055-34094620-1787003296605081 }
      rank: { idx: 107, local_proc_idx: 11, uuid: 00203056-10461132-1787003296605054 }
    host: { idx: 9, name: x4407c7s5b0n0 }
      rank: { idx: 108, local_proc_idx: 0, uuid: 00022237-83037914-1787003296605090 }
      rank: { idx: 109, local_proc_idx: 1, uuid: 00022238-48608361-1787003296605077 }
      rank: { idx: 110, local_proc_idx: 2, uuid: 00022239-11157588-1787003296605082 }
      rank: { idx: 111, local_proc_idx: 3, uuid: 00022240-53393000-1787003296605038 }
      rank: { idx: 112, local_proc_idx: 4, uuid: 00022241-11811989-1787003296605050 }
      rank: { idx: 113, local_proc_idx: 5, uuid: 00022242-13787559-1787003296605526 }
      rank: { idx: 114, local_proc_idx: 6, uuid: 00022243-11320935-1787003296605029 }
      rank: { idx: 115, local_proc_idx: 7, uuid: 00022244-61282858-1787003296605006 }
      rank: { idx: 116, local_proc_idx: 8, uuid: 00022245-16365121-1787003296605105 }
      rank: { idx: 117, local_proc_idx: 9, uuid: 00022246-17079712-1787003296605073 }
      rank: { idx: 118, local_proc_idx: 10, uuid: 00022247-18687571-1787003296605076 }
      rank: { idx: 119, local_proc_idx: 11, uuid: 00022248-19081549-1787003296605037 }
    host: { idx: 10, name: x4415c3s2b0n0 }
      rank: { idx: 60, local_proc_idx: 0, uuid: 00119093-94163252-1787003296604899 }
      rank: { idx: 61, local_proc_idx: 1, uuid: 00119094-90200888-1787003296604885 }
      rank: { idx: 62, local_proc_idx: 2, uuid: 00119095-41657685-1787003296604876 }
      rank: { idx: 63, local_proc_idx: 3, uuid: 00119096-12354148-1787003296604838 }
      rank: { idx: 64, local_proc_idx: 4, uuid: 00119097-41657685-1787003296604876 }
      rank: { idx: 65, local_proc_idx: 5, uuid: 00119098-13738616-1787003296605353 }
      rank: { idx: 66, local_proc_idx: 6, uuid: 00119099-12854507-1787003296604852 }
      rank: { idx: 67, local_proc_idx: 7, uuid: 00119100-12354148-1787003296604838 }
      rank: { idx: 68, local_proc_idx: 8, uuid: 00119101-14243579-1787003296604908 }
      rank: { idx: 69, local_proc_idx: 9, uuid: 00119102-20534852-1787003296604860 }
      rank: { idx: 70, local_proc_idx: 10, uuid: 00119103-44742194-1787003296604890 }
      rank: { idx: 71, local_proc_idx: 11, uuid: 00119104-12064989-1787003296604824 }
    host: { idx: 11, name: x4417c5s3b0n0 }
      rank: { idx: 72, local_proc_idx: 0, uuid: 00010384-20917598-1787003296605619 }
      rank: { idx: 73, local_proc_idx: 1, uuid: 00010385-12917246-1787003296605611 }
      rank: { idx: 74, local_proc_idx: 2, uuid: 00010386-13514013-1787003296605632 }
      rank: { idx: 75, local_proc_idx: 3, uuid: 00010387-20169002-1787003296605591 }
      rank: { idx: 76, local_proc_idx: 4, uuid: 00010388-12949755-1787003296605671 }
      rank: { idx: 77, local_proc_idx: 5, uuid: 00010389-12444664-1787003296606116 }
      rank: { idx: 78, local_proc_idx: 6, uuid: 00010390-12677930-1787003296605657 }
      rank: { idx: 79, local_proc_idx: 7, uuid: 00010391-20917598-1787003296605619 }
      rank: { idx: 80, local_proc_idx: 8, uuid: 00010392-13905376-1787003296605646 }
      rank: { idx: 81, local_proc_idx: 9, uuid: 00010393-16552249-1787003296605631 }
      rank: { idx: 82, local_proc_idx: 10, uuid: 00010394-18601998-1787003296605595 }
      rank: { idx: 83, local_proc_idx: 11, uuid: 00010395-21187889-1787003296605573 }
    host: { idx: 12, name: x4514c7s4b0n0 }
      rank: { idx: 84, local_proc_idx: 0, uuid: 00180192-14665100-1787003296605095 }
      rank: { idx: 85, local_proc_idx: 1, uuid: 00180193-12016760-1787003296605057 }
      rank: { idx: 86, local_proc_idx: 2, uuid: 00180194-15029166-1787003296605056 }
      rank: { idx: 87, local_proc_idx: 3, uuid: 00180195-16975519-1787003296605013 }
      rank: { idx: 88, local_proc_idx: 4, uuid: 00180196-13963225-1787003296605074 }
      rank: { idx: 89, local_proc_idx: 5, uuid: 00180197-20903626-1787003296605559 }
      rank: { idx: 90, local_proc_idx: 6, uuid: 00180198-18451208-1787003296605069 }
      rank: { idx: 91, local_proc_idx: 7, uuid: 00180199-20171528-1787003296605072 }
      rank: { idx: 92, local_proc_idx: 8, uuid: 00180200-11730536-1787003296605103 }
      rank: { idx: 93, local_proc_idx: 9, uuid: 00180201-17821616-1787003296605101 }
      rank: { idx: 94, local_proc_idx: 10, uuid: 00180202-16177535-1787003296605098 }
      rank: { idx: 95, local_proc_idx: 11, uuid: 00180203-19006705-1787003296605030 }
    host: { idx: 13, name: x4604c5s3b0n0 }
      rank: { idx: 156, local_proc_idx: 0, uuid: 00011109-62092696-1787003296604840 }
      rank: { idx: 157, local_proc_idx: 1, uuid: 00011110-31685631-1787003296604841 }
      rank: { idx: 158, local_proc_idx: 2, uuid: 00011111-46631703-1787003296604837 }
      rank: { idx: 159, local_proc_idx: 3, uuid: 00011112-16962042-1787003296604780 }
      rank: { idx: 160, local_proc_idx: 4, uuid: 00011113-40851226-1787003296604816 }
      rank: { idx: 161, local_proc_idx: 5, uuid: 00011114-10032504-1787003296604807 }
      rank: { idx: 162, local_proc_idx: 6, uuid: 00011115-00401752-1787003296604782 }
      rank: { idx: 163, local_proc_idx: 7, uuid: 00011116-16790994-1787003296604773 }
      rank: { idx: 164, local_proc_idx: 8, uuid: 00011117-12064989-1787003296604824 }
      rank: { idx: 165, local_proc_idx: 9, uuid: 00011118-15679179-1787003296604791 }
      rank: { idx: 166, local_proc_idx: 10, uuid: 00011119-10032504-1787003296604807 }
      rank: { idx: 167, local_proc_idx: 11, uuid: 00011120-14756731-1787003296604756 }
    host: { idx: 14, name: x4611c6s7b0n0 }
      rank: { idx: 168, local_proc_idx: 0, uuid: 00097636-12280970-1787003296604951 }
      rank: { idx: 169, local_proc_idx: 1, uuid: 00097637-21244699-1787003296604941 }
      rank: { idx: 170, local_proc_idx: 2, uuid: 00097638-29853531-1787003296604947 }
      rank: { idx: 171, local_proc_idx: 3, uuid: 00097639-16138629-1787003296604925 }
      rank: { idx: 172, local_proc_idx: 4, uuid: 00097640-18957074-1787003296604970 }
      rank: { idx: 173, local_proc_idx: 5, uuid: 00097641-20199299-1787003296604959 }
      rank: { idx: 174, local_proc_idx: 6, uuid: 00097642-50450337-1787003296604964 }
      rank: { idx: 175, local_proc_idx: 7, uuid: 00097643-19095265-1787003296604917 }
      rank: { idx: 176, local_proc_idx: 8, uuid: 00097644-21057409-1787003296604934 }
      rank: { idx: 177, local_proc_idx: 9, uuid: 00097645-26602176-1787003296604933 }
      rank: { idx: 178, local_proc_idx: 10, uuid: 00097646-37167527-1787003296604909 }
      rank: { idx: 179, local_proc_idx: 11, uuid: 00097647-91943177-1787003296604892 }
    host: { idx: 15, name: x4714c1s6b0n0 }
      rank: { idx: 180, local_proc_idx: 0, uuid: 00114530-18328545-1787003296605062 }
      rank: { idx: 181, local_proc_idx: 1, uuid: 00114531-52468481-1787003296605031 }
      rank: { idx: 182, local_proc_idx: 2, uuid: 00114532-11320935-1787003296605029 }
      rank: { idx: 183, local_proc_idx: 3, uuid: 00114533-10212608-1787003296604990 }
      rank: { idx: 184, local_proc_idx: 4, uuid: 00114534-11320935-1787003296605029 }
      rank: { idx: 185, local_proc_idx: 5, uuid: 00114535-16975519-1787003296605013 }
      rank: { idx: 186, local_proc_idx: 6, uuid: 00114536-12559109-1787003296605018 }
      rank: { idx: 187, local_proc_idx: 7, uuid: 00114537-16975519-1787003296605013 }
      rank: { idx: 188, local_proc_idx: 8, uuid: 00114538-57660389-1787003296605052 }
      rank: { idx: 189, local_proc_idx: 9, uuid: 00114539-10031184-1787003296605040 }
      rank: { idx: 190, local_proc_idx: 10, uuid: 00114540-19006705-1787003296605030 }
      rank: { idx: 191, local_proc_idx: 11, uuid: 00114541-13426782-1787003296604993 }
}
2026:08:17-21:48:16:63795:[0] |CCL_INFO| topo_manager:
{
  comm_size: 192
  single_node: 0
  single_card: 0
  host_rank_counts: 12 12 12 12 12 12 12 12 12 12 12 12 12 12 12 12 
  intra_card_colors: 3000 3000 3001 3001 3002 3002 3003 3003 3004 3004 3005 3005 4000 4000 4001 4001 4002 4002 4003 4003 4004 4004 4005 4005 2000 2000 2001 2001 2002 2002 2003 2003 2004 2004 2005 2005 5000 5000 5001 5001 5002 5002 5003 5003 5004 5004 5005 5005 6000 6000 6001 6001 6002 6002 6003 6003 6004 6004 6005 6005 10000 10000 10001 10001 10002 10002 10003 10003 10004 10004 10005 10005 11000 11000 11001 11001 11002 11002 11003 11003 11004 11004 11005 11005 12000 12000 12001 12001 12002 12002 12003 12003 12004 12004 12005 12005 8000 8000 8001 8001 8002 8002 8003 8003 8004 8004 8005 8005 9000 9000 9001 9001 9002 9002 9003 9003 9004 9004 9005 9005 7000 7000 7001 7001 7002 7002 7003 7003 7004 7004 7005 7005 0 0 1 1 2 2 3 3 4 4 5 5 1000 1000 1001 1001 1002 1002 1003 1003 1004 1004 1005 1005 13000 13000 13001 13001 13002 13002 13003 13003 13004 13004 13005 13005 14000 14000 14001 14001 14002 14002 14003 14003 14004 14004 14005 14005 15000 15000 15001 15001 15002 15002 15003 15003 15004 15004 15005 15005 
  inter_card_colors: 3000 3001 3001 3000 3000 3001 3000 3001 3000 3001 3001 3000 4000 4001 4001 4000 4000 4001 4000 4001 4000 4001 4001 4000 2000 2001 2001 2000 2000 2001 2000 2001 2000 2001 2001 2000 5000 5001 5001 5000 5000 5001 5000 5001 5000 5001 5001 5000 6000 6001 6001 6000 6000 6001 6000 6001 6000 6001 6001 6000 10000 10001 10001 10000 10000 10001 10000 10001 10000 10001 10001 10000 11000 11001 11001 11000 11000 11001 11000 11001 11000 11001 11001 11000 12000 12001 12001 12000 12000 12001 12000 12001 12000 12001 12001 12000 8000 8001 8001 8000 8000 8001 8000 8001 8000 8001 8001 8000 9000 9001 9001 9000 9000 9001 9000 9001 9000 9001 9001 9000 7000 7001 7001 7000 7000 7001 7000 7001 7000 7001 7001 7000 0 1 1 0 0 1 0 1 0 1 1 0 1000 1001 1001 1000 1000 1001 1000 1001 1000 1001 1001 1000 13000 13001 13001 13000 13000 13001 13000 13001 13000 13001 13001 13000 14000 14001 14001 14000 14000 14001 14000 14001 14000 14001 14001 14000 15000 15001 15001 15000 15000 15001 15000 15001 15000 15001 15001 15000 
  p2p_access: 1
  ports_healthy: 1
}
2026:08:17-21:48:16:11109:[156] |CCL_INFO| stream: { type: gpu, in_order: 0, device: Intel(R) Data Center GPU Max 1550, device_family: family2 }
2026:08:17-21:48:16: 8244:[120] |CCL_INFO| stream: { type: gpu, in_order: 0, device: Intel(R) Data Center GPU Max 1550, device_family: family2 }
2026:08:17-21:48:16: 8246:[122] |CCL_INFO| stream: { type: gpu, in_order: 0, device: Intel(R) Data Center GPU Max 1550, device_family: family2 }
2026:08:17-21:48:16: 8247:[123] |CCL_INFO| stream: { type: gpu, in_order: 0, device: Intel(R) Data Center GPU Max 1550, device_family: family2 }
2026:08:17-21:48:16:203045:[96] |CCL_INFO| stream: { type: gpu, in_order: 0, device: Intel(R) Data Center GPU Max 1550, device_family: family2 }
2026:08:17-21:48:16: 8248:[124] |CCL_INFO| stream: { type: gpu, in_order: 0, device: Intel(R) Data Center GPU Max 1550, device_family: family2 }
2026:08:17-21:48:16:203046:[97] |CCL_INFO| stream: { type: gpu, in_order: 0, device: Intel(R) Data Center GPU Max 1550, device_family: family2 }
2026:08:17-21:48:16: 8250:[126] |CCL_INFO| stream: { type: gpu, in_order: 0, device: Intel(R) Data Center GPU Max 1550, device_family: family2 }
2026:08:17-21:48:16:203047:[98] |CCL_INFO| stream: { type: gpu, in_order: 0, device: Intel(R) Data Center GPU Max 1550, device_family: family2 }
2026:08:17-21:48:16: 8251:[127] |CCL_INFO| stream: { type: gpu, in_order: 0, device: Intel(R) Data Center GPU Max 1550, device_family: family2 }
2026:08:17-21:48:16:63795:[0] |CCL_INFO| stream: { type: gpu, in_order: 0, device: Intel(R) Data Center GPU Max 1550, device_family: family2 }
2026:08:17-21:48:16:203048:[99] |CCL_INFO| stream: { type: gpu, in_order: 0, device: Intel(R) Data Center GPU Max 1550, device_family: family2 }
2026:08:17-21:48:16: 8252:[128] |CCL_INFO| stream: { type: gpu, in_order: 0, device: Intel(R) Data Center GPU Max 1550, device_family: family2 }
2026:08:17-21:48:16:203051:[102] |CCL_INFO| stream: { type: gpu, in_order: 0, device: Intel(R) Data Center GPU Max 1550, device_family: family2 }
2026:08:17-21:48:16: 8253:[129] |CCL_INFO| stream: { type: gpu, in_order: 0, device: Intel(R) Data Center GPU Max 1550, device_family: family2 }
2026:08:17-21:48:16:203052:[103] |CCL_INFO| stream: { type: gpu, in_order: 0, device: Intel(R) Data Center GPU Max 1550, device_family: family2 }
2026:08:17-21:48:16: 8254:[130] |CCL_INFO| stream: { type: gpu, in_order: 0, device: Intel(R) Data Center GPU Max 1550, device_family: family2 }
2026:08:17-21:48:16:97342:[132] |CCL_INFO| stream: { type: gpu, in_order: 0, device: Intel(R) Data Center GPU Max 1550, device_family: family2 }
2026:08:17-21:48:16:50412:[144] |CCL_INFO| stream: { type: gpu, in_order: 0, device: Intel(R) Data Center GPU Max 1550, device_family: family2 }
2026:08:17-21:48:16:203054:[105] |CCL_INFO| stream: { type: gpu, in_order: 0, device: Intel(R) Data Center GPU Max 1550, device_family: family2 }
2026:08:17-21:48:16: 8255:[131] |CCL_INFO| stream: { type: gpu, in_order: 0, device: Intel(R) Data Center GPU Max 1550, device_family: family2 }
2026:08:17-21:48:16:50413:[145] |CCL_INFO| stream: { type: gpu, in_order: 0, device: Intel(R) Data Center GPU Max 1550, device_family: family2 }
2026:08:17-21:48:16:11110:[157] |CCL_INFO| stream: { type: gpu, in_order: 0, device: Intel(R) Data Center GPU Max 1550, device_family: family2 }
2026:08:17-21:48:16:118522:[48] |CCL_INFO| stream: { type: gpu, in_order: 0, device: Intel(R) Data Center GPU Max 1550, device_family: family2 }
2026:08:17-21:48:16:119093:[60] |CCL_INFO| stream: { type: gpu, in_order: 0, device: Intel(R) Data Center GPU Max 1550, device_family: family2 }
2026:08:17-21:48:16:203055:[106] |CCL_INFO| stream: { type: gpu, in_order: 0, device: Intel(R) Data Center GPU Max 1550, device_family: family2 }
2026:08:17-21:48:16: 8245:[121] |CCL_INFO| stream: { type: gpu, in_order: 0, device: Intel(R) Data Center GPU Max 1550, device_family: family2 }
2026:08:17-21:48:16:97343:[133] |CCL_INFO| stream: { type: gpu, in_order: 0, device: Intel(R) Data Center GPU Max 1550, device_family: family2 }
2026:08:17-21:48:16:50414:[146] |CCL_INFO| stream: { type: gpu, in_order: 0, device: Intel(R) Data Center GPU Max 1550, device_family: family2 }
2026:08:17-21:48:16:62821:[12] |CCL_INFO| stream: { type: gpu, in_order: 0, device: Intel(R) Data Center GPU Max 1550, device_family: family2 }
2026:08:17-21:48:16:153712:[24] |CCL_INFO| stream: { type: gpu, in_order: 0, device: Intel(R) Data Center GPU Max 1550, device_family: family2 }
2026:08:17-21:48:16:118523:[49] |CCL_INFO| stream: { type: gpu, in_order: 0, device: Intel(R) Data Center GPU Max 1550, device_family: family2 }
2026:08:17-21:48:16:119094:[61] |CCL_INFO| stream: { type: gpu, in_order: 0, device: Intel(R) Data Center GPU Max 1550, device_family: family2 }
2026:08:17-21:48:16:203049:[100] |CCL_INFO| stream: { type: gpu, in_order: 0, device: Intel(R) Data Center GPU Max 1550, device_family: family2 }
2026:08:17-21:48:16:97344:[134] |CCL_INFO| stream: { type: gpu, in_order: 0, device: Intel(R) Data Center GPU Max 1550, device_family: family2 }
2026:08:17-21:48:16:50415:[147] |CCL_INFO| stream: { type: gpu, in_order: 0, device: Intel(R) Data Center GPU Max 1550, device_family: family2 }
2026:08:17-21:48:16:118524:[50] |CCL_INFO| stream: { type: gpu, in_order: 0, device: Intel(R) Data Center GPU Max 1550, device_family: family2 }
2026:08:17-21:48:16:119095:[62] |CCL_INFO| stream: { type: gpu, in_order: 0, device: Intel(R) Data Center GPU Max 1550, device_family: family2 }
2026:08:17-21:48:16:10384:[72] |CCL_INFO| stream: { type: gpu, in_order: 0, device: Intel(R) Data Center GPU Max 1550, device_family: family2 }
2026:08:17-21:48:16:203053:[104] |CCL_INFO| stream: { type: gpu, in_order: 0, device: Intel(R) Data Center GPU Max 1550, device_family: family2 }
2026:08:17-21:48:16:97345:[135] |CCL_INFO| stream: { type: gpu, in_order: 0, device: Intel(R) Data Center GPU Max 1550, device_family: family2 }
2026:08:17-21:48:16:50416:[148] |CCL_INFO| stream: { type: gpu, in_order: 0, device: Intel(R) Data Center GPU Max 1550, device_family: family2 }
2026:08:17-21:48:16:114530:[180] |CCL_INFO| stream: { type: gpu, in_order: 0, device: Intel(R) Data Center GPU Max 1550, device_family: family2 }
2026:08:17-21:48:16:63796:[1] |CCL_INFO| stream: { type: gpu, in_order: 0, device: Intel(R) Data Center GPU Max 1550, device_family: family2 }
2026:08:17-21:48:16:118525:[51] |CCL_INFO| stream: { type: gpu, in_order: 0, device: Intel(R) Data Center GPU Max 1550, device_family: family2 }
2026:08:17-21:48:16:119096:[63] |CCL_INFO| stream: { type: gpu, in_order: 0, device: Intel(R) Data Center GPU Max 1550, device_family: family2 }
2026:08:17-21:48:16:10385:[73] |CCL_INFO| stream: { type: gpu, in_order: 0, device: Intel(R) Data Center GPU Max 1550, device_family: family2 }
2026:08:17-21:48:16:203056:[107] |CCL_INFO| stream: { type: gpu, in_order: 0, device: Intel(R) Data Center GPU Max 1550, device_family: family2 }
2026:08:17-21:48:16:22237:[108] |CCL_INFO| stream: { type: gpu, in_order: 0, device: Intel(R) Data Center GPU Max 1550, device_family: family2 }
2026:08:17-21:48:16:97346:[136] |CCL_INFO| stream: { type: gpu, in_order: 0, device: Intel(R) Data Center GPU Max 1550, device_family: family2 }
2026:08:17-21:48:16:50418:[150] |CCL_INFO| stream: { type: gpu, in_order: 0, device: Intel(R) Data Center GPU Max 1550, device_family: family2 }
2026:08:17-21:48:16:11111:[158] |CCL_INFO| stream: { type: gpu, in_order: 0, device: Intel(R) Data Center GPU Max 1550, device_family: family2 }
2026:08:17-21:48:16:114531:[181] |CCL_INFO| stream: { type: gpu, in_order: 0, device: Intel(R) Data Center GPU Max 1550, device_family: family2 }
2026:08:17-21:48:16:63797:[2] |CCL_INFO| stream: { type: gpu, in_order: 0, device: Intel(R) Data Center GPU Max 1550, device_family: family2 }
2026:08:17-21:48:16:153713:[25] |CCL_INFO| stream: { type: gpu, in_order: 0, device: Intel(R) Data Center GPU Max 1550, device_family: family2 }
2026:08:17-21:48:16:118526:[52] |CCL_INFO| stream: { type: gpu, in_order: 0, device: Intel(R) Data Center GPU Max 1550, device_family: family2 }
2026:08:17-21:48:16:119097:[64] |CCL_INFO| stream: { type: gpu, in_order: 0, device: Intel(R) Data Center GPU Max 1550, device_family: family2 }
2026:08:17-21:48:16:10386:[74] |CCL_INFO| stream: { type: gpu, in_order: 0, device: Intel(R) Data Center GPU Max 1550, device_family: family2 }
2026:08:17-21:48:16:180192:[84] |CCL_INFO| stream: { type: gpu, in_order: 0, device: Intel(R) Data Center GPU Max 1550, device_family: family2 }
2026:08:17-21:48:16:22238:[109] |CCL_INFO| stream: { type: gpu, in_order: 0, device: Intel(R) Data Center GPU Max 1550, device_family: family2 }
2026:08:17-21:48:16:97348:[138] |CCL_INFO| stream: { type: gpu, in_order: 0, device: Intel(R) Data Center GPU Max 1550, device_family: family2 }
2026:08:17-21:48:16:50419:[151] |CCL_INFO| stream: { type: gpu, in_order: 0, device: Intel(R) Data Center GPU Max 1550, device_family: family2 }
2026:08:17-21:48:16:11112:[159] |CCL_INFO| stream: { type: gpu, in_order: 0, device: Intel(R) Data Center GPU Max 1550, device_family: family2 }
2026:08:17-21:48:16:97636:[168] |CCL_INFO| stream: { type: gpu, in_order: 0, device: Intel(R) Data Center GPU Max 1550, device_family: family2 }
2026:08:17-21:48:16:114532:[182] |CCL_INFO| stream: { type: gpu, in_order: 0, device: Intel(R) Data Center GPU Max 1550, device_family: family2 }
2026:08:17-21:48:16:63798:[3] |CCL_INFO| stream: { type: gpu, in_order: 0, device: Intel(R) Data Center GPU Max 1550, device_family: family2 }
2026:08:17-21:48:16:62822:[13] |CCL_INFO| stream: { type: gpu, in_order: 0, device: Intel(R) Data Center GPU Max 1550, device_family: family2 }
2026:08:17-21:48:16:153714:[26] |CCL_INFO| stream: { type: gpu, in_order: 0, device: Intel(R) Data Center GPU Max 1550, device_family: family2 }
2026:08:17-21:48:16:36021:[36] |CCL_INFO| stream: { type: gpu, in_order: 0, device: Intel(R) Data Center GPU Max 1550, device_family: family2 }
2026:08:17-21:48:16:118528:[54] |CCL_INFO| stream: { type: gpu, in_order: 0, device: Intel(R) Data Center GPU Max 1550, device_family: family2 }
2026:08:17-21:48:16:119099:[66] |CCL_INFO| stream: { type: gpu, in_order: 0, device: Intel(R) Data Center GPU Max 1550, device_family: family2 }
2026:08:17-21:48:16:10387:[75] |CCL_INFO| stream: { type: gpu, in_order: 0, device: Intel(R) Data Center GPU Max 1550, device_family: family2 }
2026:08:17-21:48:16:180193:[85] |CCL_INFO| stream: { type: gpu, in_order: 0, device: Intel(R) Data Center GPU Max 1550, device_family: family2 }
2026:08:17-21:48:16:22239:[110] |CCL_INFO| stream: { type: gpu, in_order: 0, device: Intel(R) Data Center GPU Max 1550, device_family: family2 }
2026:08:17-21:48:16:97349:[139] |CCL_INFO| stream: { type: gpu, in_order: 0, device: Intel(R) Data Center GPU Max 1550, device_family: family2 }
2026:08:17-21:48:16:50420:[152] |CCL_INFO| stream: { type: gpu, in_order: 0, device: Intel(R) Data Center GPU Max 1550, device_family: family2 }
2026:08:17-21:48:16:11113:[160] |CCL_INFO| stream: { type: gpu, in_order: 0, device: Intel(R) Data Center GPU Max 1550, device_family: family2 }
2026:08:17-21:48:16:97637:[169] |CCL_INFO| stream: { type: gpu, in_order: 0, device: Intel(R) Data Center GPU Max 1550, device_family: family2 }
2026:08:17-21:48:16:114533:[183] |CCL_INFO| stream: { type: gpu, in_order: 0, device: Intel(R) Data Center GPU Max 1550, device_family: family2 }
2026:08:17-21:48:16:63799:[4] |CCL_INFO| stream: { type: gpu, in_order: 0, device: Intel(R) Data Center GPU Max 1550, device_family: family2 }
2026:08:17-21:48:16:62823:[14] |CCL_INFO| stream: { type: gpu, in_order: 0, device: Intel(R) Data Center GPU Max 1550, device_family: family2 }
2026:08:17-21:48:16:153715:[27] |CCL_INFO| stream: { type: gpu, in_order: 0, device: Intel(R) Data Center GPU Max 1550, device_family: family2 }
2026:08:17-21:48:16:36022:[37] |CCL_INFO| stream: { type: gpu, in_order: 0, device: Intel(R) Data Center GPU Max 1550, device_family: family2 }
2026:08:17-21:48:16:118529:[55] |CCL_INFO| stream: { type: gpu, in_order: 0, device: Intel(R) Data Center GPU Max 1550, device_family: family2 }
2026:08:17-21:48:16:119100:[67] |CCL_INFO| stream: { type: gpu, in_order: 0, device: Intel(R) Data Center GPU Max 1550, device_family: family2 }
2026:08:17-21:48:16:10388:[76] |CCL_INFO| stream: { type: gpu, in_order: 0, device: Intel(R) Data Center GPU Max 1550, device_family: family2 }
2026:08:17-21:48:16:180194:[86] |CCL_INFO| stream: { type: gpu, in_order: 0, device: Intel(R) Data Center GPU Max 1550, device_family: family2 }
2026:08:17-21:48:16:22240:[111] |CCL_INFO| stream: { type: gpu, in_order: 0, device: Intel(R) Data Center GPU Max 1550, device_family: family2 }
2026:08:17-21:48:16:97350:[140] |CCL_INFO| stream: { type: gpu, in_order: 0, device: Intel(R) Data Center GPU Max 1550, device_family: family2 }
2026:08:17-21:48:16:50421:[153] |CCL_INFO| stream: { type: gpu, in_order: 0, device: Intel(R) Data Center GPU Max 1550, device_family: family2 }
2026:08:17-21:48:16:11115:[162] |CCL_INFO| stream: { type: gpu, in_order: 0, device: Intel(R) Data Center GPU Max 1550, device_family: family2 }
2026:08:17-21:48:16:97638:[170] |CCL_INFO| stream: { type: gpu, in_order: 0, device: Intel(R) Data Center GPU Max 1550, device_family: family2 }
2026:08:17-21:48:16:114534:[184] |CCL_INFO| stream: { type: gpu, in_order: 0, device: Intel(R) Data Center GPU Max 1550, device_family: family2 }
2026:08:17-21:48:16:63800:[5] |CCL_INFO| stream: { type: gpu, in_order: 0, device: Intel(R) Data Center GPU Max 1550, device_family: family2 }
2026:08:17-21:48:16:62824:[15] |CCL_INFO| stream: { type: gpu, in_order: 0, device: Intel(R) Data Center GPU Max 1550, device_family: family2 }
2026:08:17-21:48:16:153716:[28] |CCL_INFO| stream: { type: gpu, in_order: 0, device: Intel(R) Data Center GPU Max 1550, device_family: family2 }
2026:08:17-21:48:16:36023:[38] |CCL_INFO| stream: { type: gpu, in_order: 0, device: Intel(R) Data Center GPU Max 1550, device_family: family2 }
2026:08:17-21:48:16:118530:[56] |CCL_INFO| stream: { type: gpu, in_order: 0, device: Intel(R) Data Center GPU Max 1550, device_family: family2 }
2026:08:17-21:48:16:119101:[68] |CCL_INFO| stream: { type: gpu, in_order: 0, device: Intel(R) Data Center GPU Max 1550, device_family: family2 }
2026:08:17-21:48:16:10390:[78] |CCL_INFO| stream: { type: gpu, in_order: 0, device: Intel(R) Data Center GPU Max 1550, device_family: family2 }
2026:08:17-21:48:16:180195:[87] |CCL_INFO| stream: { type: gpu, in_order: 0, device: Intel(R) Data Center GPU Max 1550, device_family: family2 }
2026:08:17-21:48:16:22241:[112] |CCL_INFO| stream: { type: gpu, in_order: 0, device: Intel(R) Data Center GPU Max 1550, device_family: family2 }
2026:08:17-21:48:16:97351:[141] |CCL_INFO| stream: { type: gpu, in_order: 0, device: Intel(R) Data Center GPU Max 1550, device_family: family2 }
2026:08:17-21:48:16:50422:[154] |CCL_INFO| stream: { type: gpu, in_order: 0, device: Intel(R) Data Center GPU Max 1550, device_family: family2 }
2026:08:17-21:48:16:11116:[163] |CCL_INFO| stream: { type: gpu, in_order: 0, device: Intel(R) Data Center GPU Max 1550, device_family: family2 }
2026:08:17-21:48:16:97639:[171] |CCL_INFO| stream: { type: gpu, in_order: 0, device: Intel(R) Data Center GPU Max 1550, device_family: family2 }
2026:08:17-21:48:16:114536:[186] |CCL_INFO| stream: { type: gpu, in_order: 0, device: Intel(R) Data Center GPU Max 1550, device_family: family2 }
2026:08:17-21:48:16:63801:[6] |CCL_INFO| stream: { type: gpu, in_order: 0, device: Intel(R) Data Center GPU Max 1550, device_family: family2 }
2026:08:17-21:48:16:62825:[16] |CCL_INFO| stream: { type: gpu, in_order: 0, device: Intel(R) Data Center GPU Max 1550, device_family: family2 }
2026:08:17-21:48:16:153718:[30] |CCL_INFO| stream: { type: gpu, in_order: 0, device: Intel(R) Data Center GPU Max 1550, device_family: family2 }
2026:08:17-21:48:16:36024:[39] |CCL_INFO| stream: { type: gpu, in_order: 0, device: Intel(R) Data Center GPU Max 1550, device_family: family2 }
2026:08:17-21:48:16:118531:[57] |CCL_INFO| stream: { type: gpu, in_order: 0, device: Intel(R) Data Center GPU Max 1550, device_family: family2 }
2026:08:17-21:48:16:119102:[69] |CCL_INFO| stream: { type: gpu, in_order: 0, device: Intel(R) Data Center GPU Max 1550, device_family: family2 }
2026:08:17-21:48:16:10391:[79] |CCL_INFO| stream: { type: gpu, in_order: 0, device: Intel(R) Data Center GPU Max 1550, device_family: family2 }
2026:08:17-21:48:16:180196:[88] |CCL_INFO| stream: { type: gpu, in_order: 0, device: Intel(R) Data Center GPU Max 1550, device_family: family2 }
2026:08:17-21:48:16:22243:[114] |CCL_INFO| stream: { type: gpu, in_order: 0, device: Intel(R) Data Center GPU Max 1550, device_family: family2 }
2026:08:17-21:48:16:97352:[142] |CCL_INFO| stream: { type: gpu, in_order: 0, device: Intel(R) Data Center GPU Max 1550, device_family: family2 }
2026:08:17-21:48:16:50423:[155] |CCL_INFO| stream: { type: gpu, in_order: 0, device: Intel(R) Data Center GPU Max 1550, device_family: family2 }
2026:08:17-21:48:16:11117:[164] |CCL_INFO| stream: { type: gpu, in_order: 0, device: Intel(R) Data Center GPU Max 1550, device_family: family2 }
2026:08:17-21:48:16:97640:[172] |CCL_INFO| stream: { type: gpu, in_order: 0, device: Intel(R) Data Center GPU Max 1550, device_family: family2 }
2026:08:17-21:48:16:114537:[187] |CCL_INFO| stream: { type: gpu, in_order: 0, device: Intel(R) Data Center GPU Max 1550, device_family: family2 }
2026:08:17-21:48:16:63802:[7] |CCL_INFO| stream: { type: gpu, in_order: 0, device: Intel(R) Data Center GPU Max 1550, device_family: family2 }
2026:08:17-21:48:16:62827:[18] |CCL_INFO| stream: { type: gpu, in_order: 0, device: Intel(R) Data Center GPU Max 1550, device_family: family2 }
2026:08:17-21:48:16:153719:[31] |CCL_INFO| stream: { type: gpu, in_order: 0, device: Intel(R) Data Center GPU Max 1550, device_family: family2 }
2026:08:17-21:48:16:36025:[40] |CCL_INFO| stream: { type: gpu, in_order: 0, device: Intel(R) Data Center GPU Max 1550, device_family: family2 }
2026:08:17-21:48:16:118532:[58] |CCL_INFO| stream: { type: gpu, in_order: 0, device: Intel(R) Data Center GPU Max 1550, device_family: family2 }
2026:08:17-21:48:16:119103:[70] |CCL_INFO| stream: { type: gpu, in_order: 0, device: Intel(R) Data Center GPU Max 1550, device_family: family2 }
2026:08:17-21:48:16:10392:[80] |CCL_INFO| stream: { type: gpu, in_order: 0, device: Intel(R) Data Center GPU Max 1550, device_family: family2 }
2026:08:17-21:48:16:180198:[90] |CCL_INFO| stream: { type: gpu, in_order: 0, device: Intel(R) Data Center GPU Max 1550, device_family: family2 }
2026:08:17-21:48:16:22244:[115] |CCL_INFO| stream: { type: gpu, in_order: 0, device: Intel(R) Data Center GPU Max 1550, device_family: family2 }
2026:08:17-21:48:16:97353:[143] |CCL_INFO| stream: { type: gpu, in_order: 0, device: Intel(R) Data Center GPU Max 1550, device_family: family2 }
2026:08:17-21:48:16:11118:[165] |CCL_INFO| stream: { type: gpu, in_order: 0, device: Intel(R) Data Center GPU Max 1550, device_family: family2 }
2026:08:17-21:48:16:97642:[174] |CCL_INFO| stream: { type: gpu, in_order: 0, device: Intel(R) Data Center GPU Max 1550, device_family: family2 }
2026:08:17-21:48:16:114538:[188] |CCL_INFO| stream: { type: gpu, in_order: 0, device: Intel(R) Data Center GPU Max 1550, device_family: family2 }
2026:08:17-21:48:16:63803:[8] |CCL_INFO| stream: { type: gpu, in_order: 0, device: Intel(R) Data Center GPU Max 1550, device_family: family2 }
2026:08:17-21:48:16:62828:[19] |CCL_INFO| stream: { type: gpu, in_order: 0, device: Intel(R) Data Center GPU Max 1550, device_family: family2 }
2026:08:17-21:48:16:153720:[32] |CCL_INFO| stream: { type: gpu, in_order: 0, device: Intel(R) Data Center GPU Max 1550, device_family: family2 }
2026:08:17-21:48:16:36027:[42] |CCL_INFO| stream: { type: gpu, in_order: 0, device: Intel(R) Data Center GPU Max 1550, device_family: family2 }
2026:08:17-21:48:16:118533:[59] |CCL_INFO| stream: { type: gpu, in_order: 0, device: Intel(R) Data Center GPU Max 1550, device_family: family2 }
2026:08:17-21:48:16:119104:[71] |CCL_INFO| stream: { type: gpu, in_order: 0, device: Intel(R) Data Center GPU Max 1550, device_family: family2 }
2026:08:17-21:48:16:10393:[81] |CCL_INFO| stream: { type: gpu, in_order: 0, device: Intel(R) Data Center GPU Max 1550, device_family: family2 }
2026:08:17-21:48:16:180199:[91] |CCL_INFO| stream: { type: gpu, in_order: 0, device: Intel(R) Data Center GPU Max 1550, device_family: family2 }
2026:08:17-21:48:16:22245:[116] |CCL_INFO| stream: { type: gpu, in_order: 0, device: Intel(R) Data Center GPU Max 1550, device_family: family2 }
2026:08:17-21:48:16:11119:[166] |CCL_INFO| stream: { type: gpu, in_order: 0, device: Intel(R) Data Center GPU Max 1550, device_family: family2 }
2026:08:17-21:48:16:97643:[175] |CCL_INFO| stream: { type: gpu, in_order: 0, device: Intel(R) Data Center GPU Max 1550, device_family: family2 }
2026:08:17-21:48:16:114539:[189] |CCL_INFO| stream: { type: gpu, in_order: 0, device: Intel(R) Data Center GPU Max 1550, device_family: family2 }
2026:08:17-21:48:16:63804:[9] |CCL_INFO| stream: { type: gpu, in_order: 0, device: Intel(R) Data Center GPU Max 1550, device_family: family2 }
2026:08:17-21:48:16:62829:[20] |CCL_INFO| stream: { type: gpu, in_order: 0, device: Intel(R) Data Center GPU Max 1550, device_family: family2 }
2026:08:17-21:48:16:153721:[33] |CCL_INFO| stream: { type: gpu, in_order: 0, device: Intel(R) Data Center GPU Max 1550, device_family: family2 }
2026:08:17-21:48:16:36028:[43] |CCL_INFO| stream: { type: gpu, in_order: 0, device: Intel(R) Data Center GPU Max 1550, device_family: family2 }
2026:08:17-21:48:16:10394:[82] |CCL_INFO| stream: { type: gpu, in_order: 0, device: Intel(R) Data Center GPU Max 1550, device_family: family2 }
2026:08:17-21:48:16:180200:[92] |CCL_INFO| stream: { type: gpu, in_order: 0, device: Intel(R) Data Center GPU Max 1550, device_family: family2 }
2026:08:17-21:48:16:22246:[117] |CCL_INFO| stream: { type: gpu, in_order: 0, device: Intel(R) Data Center GPU Max 1550, device_family: family2 }
2026:08:17-21:48:16:11120:[167] |CCL_INFO| stream: { type: gpu, in_order: 0, device: Intel(R) Data Center GPU Max 1550, device_family: family2 }
2026:08:17-21:48:16:97644:[176] |CCL_INFO| stream: { type: gpu, in_order: 0, device: Intel(R) Data Center GPU Max 1550, device_family: family2 }
2026:08:17-21:48:16:114540:[190] |CCL_INFO| stream: { type: gpu, in_order: 0, device: Intel(R) Data Center GPU Max 1550, device_family: family2 }
2026:08:17-21:48:16:63805:[10] |CCL_INFO| stream: { type: gpu, in_order: 0, device: Intel(R) Data Center GPU Max 1550, device_family: family2 }
2026:08:17-21:48:16:62830:[21] |CCL_INFO| stream: { type: gpu, in_order: 0, device: Intel(R) Data Center GPU Max 1550, device_family: family2 }
2026:08:17-21:48:16:153722:[34] |CCL_INFO| stream: { type: gpu, in_order: 0, device: Intel(R) Data Center GPU Max 1550, device_family: family2 }
2026:08:17-21:48:16:36029:[44] |CCL_INFO| stream: { type: gpu, in_order: 0, device: Intel(R) Data Center GPU Max 1550, device_family: family2 }
2026:08:17-21:48:16:10395:[83] |CCL_INFO| stream: { type: gpu, in_order: 0, device: Intel(R) Data Center GPU Max 1550, device_family: family2 }
2026:08:17-21:48:16:180201:[93] |CCL_INFO| stream: { type: gpu, in_order: 0, device: Intel(R) Data Center GPU Max 1550, device_family: family2 }
2026:08:17-21:48:16:22247:[118] |CCL_INFO| stream: { type: gpu, in_order: 0, device: Intel(R) Data Center GPU Max 1550, device_family: family2 }
2026:08:17-21:48:16:97645:[177] |CCL_INFO| stream: { type: gpu, in_order: 0, device: Intel(R) Data Center GPU Max 1550, device_family: family2 }
2026:08:17-21:48:16:114541:[191] |CCL_INFO| stream: { type: gpu, in_order: 0, device: Intel(R) Data Center GPU Max 1550, device_family: family2 }
2026:08:17-21:48:16:63806:[11] |CCL_INFO| stream: { type: gpu, in_order: 0, device: Intel(R) Data Center GPU Max 1550, device_family: family2 }
2026:08:17-21:48:16:62831:[22] |CCL_INFO| stream: { type: gpu, in_order: 0, device: Intel(R) Data Center GPU Max 1550, device_family: family2 }
2026:08:17-21:48:16:153723:[35] |CCL_INFO| stream: { type: gpu, in_order: 0, device: Intel(R) Data Center GPU Max 1550, device_family: family2 }
2026:08:17-21:48:16:36030:[45] |CCL_INFO| stream: { type: gpu, in_order: 0, device: Intel(R) Data Center GPU Max 1550, device_family: family2 }
2026:08:17-21:48:16:180202:[94] |CCL_INFO| stream: { type: gpu, in_order: 0, device: Intel(R) Data Center GPU Max 1550, device_family: family2 }
2026:08:17-21:48:16:22248:[119] |CCL_INFO| stream: { type: gpu, in_order: 0, device: Intel(R) Data Center GPU Max 1550, device_family: family2 }
2026:08:17-21:48:16:97646:[178] |CCL_INFO| stream: { type: gpu, in_order: 0, device: Intel(R) Data Center GPU Max 1550, device_family: family2 }
2026:08:17-21:48:16:62832:[23] |CCL_INFO| stream: { type: gpu, in_order: 0, device: Intel(R) Data Center GPU Max 1550, device_family: family2 }
2026:08:17-21:48:16:36031:[46] |CCL_INFO| stream: { type: gpu, in_order: 0, device: Intel(R) Data Center GPU Max 1550, device_family: family2 }
2026:08:17-21:48:16:180203:[95] |CCL_INFO| stream: { type: gpu, in_order: 0, device: Intel(R) Data Center GPU Max 1550, device_family: family2 }
2026:08:17-21:48:16:97647:[179] |CCL_INFO| stream: { type: gpu, in_order: 0, device: Intel(R) Data Center GPU Max 1550, device_family: family2 }
2026:08:17-21:48:16:36032:[47] |CCL_INFO| stream: { type: gpu, in_order: 0, device: Intel(R) Data Center GPU Max 1550, device_family: family2 }
2026:08:17-21:48:16:203050:[101] |CCL_INFO| stream: { type: gpu, in_order: 0, device: Intel(R) Data Center GPU Max 1550, device_family: family2 }
2026:08:17-21:48:16:36026:[41] |CCL_INFO| stream: { type: gpu, in_order: 0, device: Intel(R) Data Center GPU Max 1550, device_family: family2 }
2026:08:17-21:48:16:114535:[185] |CCL_INFO| stream: { type: gpu, in_order: 0, device: Intel(R) Data Center GPU Max 1550, device_family: family2 }
2026:08:17-21:48:16:11114:[161] |CCL_INFO| stream: { type: gpu, in_order: 0, device: Intel(R) Data Center GPU Max 1550, device_family: family2 }
2026:08:17-21:48:16:118527:[53] |CCL_INFO| stream: { type: gpu, in_order: 0, device: Intel(R) Data Center GPU Max 1550, device_family: family2 }
2026:08:17-21:48:16:97641:[173] |CCL_INFO| stream: { type: gpu, in_order: 0, device: Intel(R) Data Center GPU Max 1550, device_family: family2 }
2026:08:17-21:48:16:62826:[17] |CCL_INFO| stream: { type: gpu, in_order: 0, device: Intel(R) Data Center GPU Max 1550, device_family: family2 }
2026:08:17-21:48:16:97347:[137] |CCL_INFO| stream: { type: gpu, in_order: 0, device: Intel(R) Data Center GPU Max 1550, device_family: family2 }
2026:08:17-21:48:16:180197:[89] |CCL_INFO| stream: { type: gpu, in_order: 0, device: Intel(R) Data Center GPU Max 1550, device_family: family2 }
2026:08:17-21:48:16: 8249:[125] |CCL_INFO| stream: { type: gpu, in_order: 0, device: Intel(R) Data Center GPU Max 1550, device_family: family2 }
2026:08:17-21:48:16:119098:[65] |CCL_INFO| stream: { type: gpu, in_order: 0, device: Intel(R) Data Center GPU Max 1550, device_family: family2 }
2026:08:17-21:48:16:153717:[29] |CCL_INFO| stream: { type: gpu, in_order: 0, device: Intel(R) Data Center GPU Max 1550, device_family: family2 }
2026:08:17-21:48:16:50417:[149] |CCL_INFO| stream: { type: gpu, in_order: 0, device: Intel(R) Data Center GPU Max 1550, device_family: family2 }
2026:08:17-21:48:16:10389:[77] |CCL_INFO| stream: { type: gpu, in_order: 0, device: Intel(R) Data Center GPU Max 1550, device_family: family2 }
2026:08:17-21:48:16:22242:[113] |CCL_INFO| stream: { type: gpu, in_order: 0, device: Intel(R) Data Center GPU Max 1550, device_family: family2 }
2026:08:17-21:48:16:63797:[2] |CCL_INFO| stream: { type: gpu, in_order: 1, device: Intel(R) Data Center GPU Max 1550, device_family: family2 }
2026:08:17-21:48:16:63797:[2] |CCL_INFO| stream: { type: gpu, in_order: 1, device: Intel(R) Data Center GPU Max 1550, device_family: family2 }
2026:08:17-21:48:16:63799:[4] |CCL_INFO| stream: { type: gpu, in_order: 1, device: Intel(R) Data Center GPU Max 1550, device_family: family2 }
2026:08:17-21:48:16:63799:[4] |CCL_INFO| stream: { type: gpu, in_order: 1, device: Intel(R) Data Center GPU Max 1550, device_family: family2 }
2026:08:17-21:48:16:63802:[7] |CCL_INFO| stream: { type: gpu, in_order: 1, device: Intel(R) Data Center GPU Max 1550, device_family: family2 }
2026:08:17-21:48:16:63802:[7] |CCL_INFO| stream: { type: gpu, in_order: 1, device: Intel(R) Data Center GPU Max 1550, device_family: family2 }
2026:08:17-21:48:16:63804:[9] |CCL_INFO| stream: { type: gpu, in_order: 1, device: Intel(R) Data Center GPU Max 1550, device_family: family2 }
2026:08:17-21:48:16:63804:[9] |CCL_INFO| stream: { type: gpu, in_order: 1, device: Intel(R) Data Center GPU Max 1550, device_family: family2 }
2026:08:17-21:48:16:63805:[10] |CCL_INFO| stream: { type: gpu, in_order: 1, device: Intel(R) Data Center GPU Max 1550, device_family: family2 }
2026:08:17-21:48:16:63805:[10] |CCL_INFO| stream: { type: gpu, in_order: 1, device: Intel(R) Data Center GPU Max 1550, device_family: family2 }
2026:08:17-21:48:16:63806:[11] |CCL_INFO| stream: { type: gpu, in_order: 1, device: Intel(R) Data Center GPU Max 1550, device_family: family2 }
2026:08:17-21:48:16:63806:[11] |CCL_INFO| stream: { type: gpu, in_order: 1, device: Intel(R) Data Center GPU Max 1550, device_family: family2 }
2026:08:17-21:48:16:63795:[0] |CCL_INFO| stream: { type: gpu, in_order: 1, device: Intel(R) Data Center GPU Max 1550, device_family: family2 }
2026:08:17-21:48:16:63795:[0] |CCL_INFO| stream: { type: gpu, in_order: 1, device: Intel(R) Data Center GPU Max 1550, device_family: family2 }
2026:08:17-21:48:16:63796:[1] |CCL_INFO| stream: { type: gpu, in_order: 1, device: Intel(R) Data Center GPU Max 1550, device_family: family2 }
2026:08:17-21:48:16:63796:[1] |CCL_INFO| stream: { type: gpu, in_order: 1, device: Intel(R) Data Center GPU Max 1550, device_family: family2 }
2026:08:17-21:48:16:63798:[3] |CCL_INFO| stream: { type: gpu, in_order: 1, device: Intel(R) Data Center GPU Max 1550, device_family: family2 }
2026:08:17-21:48:16:63798:[3] |CCL_INFO| stream: { type: gpu, in_order: 1, device: Intel(R) Data Center GPU Max 1550, device_family: family2 }
2026:08:17-21:48:16:63800:[5] |CCL_INFO| stream: { type: gpu, in_order: 1, device: Intel(R) Data Center GPU Max 1550, device_family: family2 }
2026:08:17-21:48:16:63800:[5] |CCL_INFO| stream: { type: gpu, in_order: 1, device: Intel(R) Data Center GPU Max 1550, device_family: family2 }
2026:08:17-21:48:16:63801:[6] |CCL_INFO| stream: { type: gpu, in_order: 1, device: Intel(R) Data Center GPU Max 1550, device_family: family2 }
2026:08:17-21:48:16:63801:[6] |CCL_INFO| stream: { type: gpu, in_order: 1, device: Intel(R) Data Center GPU Max 1550, device_family: family2 }
2026:08:17-21:48:16:63803:[8] |CCL_INFO| stream: { type: gpu, in_order: 1, device: Intel(R) Data Center GPU Max 1550, device_family: family2 }
2026:08:17-21:48:16:63803:[8] |CCL_INFO| stream: { type: gpu, in_order: 1, device: Intel(R) Data Center GPU Max 1550, device_family: family2 }
2026:08:17-21:48:17:62822:[13] |CCL_INFO| stream: { type: gpu, in_order: 1, device: Intel(R) Data Center GPU Max 1550, device_family: family2 }
2026:08:17-21:48:17:62822:[13] |CCL_INFO| stream: { type: gpu, in_order: 1, device: Intel(R) Data Center GPU Max 1550, device_family: family2 }
2026:08:17-21:48:17:62823:[14] |CCL_INFO| stream: { type: gpu, in_order: 1, device: Intel(R) Data Center GPU Max 1550, device_family: family2 }
2026:08:17-21:48:17:62823:[14] |CCL_INFO| stream: { type: gpu, in_order: 1, device: Intel(R) Data Center GPU Max 1550, device_family: family2 }
2026:08:17-21:48:17:11109:[156] |CCL_INFO| stream: { type: gpu, in_order: 1, device: Intel(R) Data Center GPU Max 1550, device_family: family2 }
2026:08:17-21:48:17:62824:[15] |CCL_INFO| stream: { type: gpu, in_order: 1, device: Intel(R) Data Center GPU Max 1550, device_family: family2 }
2026:08:17-21:48:17:62824:[15] |CCL_INFO| stream: { type: gpu, in_order: 1, device: Intel(R) Data Center GPU Max 1550, device_family: family2 }
2026:08:17-21:48:17:62821:[12] |CCL_INFO| stream: { type: gpu, in_order: 1, device: Intel(R) Data Center GPU Max 1550, device_family: family2 }
2026:08:17-21:48:17:62821:[12] |CCL_INFO| stream: { type: gpu, in_order: 1, device: Intel(R) Data Center GPU Max 1550, device_family: family2 }
2026:08:17-21:48:17:62825:[16] |CCL_INFO| stream: { type: gpu, in_order: 1, device: Intel(R) Data Center GPU Max 1550, device_family: family2 }
2026:08:17-21:48:17:62825:[16] |CCL_INFO| stream: { type: gpu, in_order: 1, device: Intel(R) Data Center GPU Max 1550, device_family: family2 }
2026:08:17-21:48:17:62826:[17] |CCL_INFO| stream: { type: gpu, in_order: 1, device: Intel(R) Data Center GPU Max 1550, device_family: family2 }
2026:08:17-21:48:17:62826:[17] |CCL_INFO| stream: { type: gpu, in_order: 1, device: Intel(R) Data Center GPU Max 1550, device_family: family2 }
2026:08:17-21:48:17:62827:[18] |CCL_INFO| stream: { type: gpu, in_order: 1, device: Intel(R) Data Center GPU Max 1550, device_family: family2 }
2026:08:17-21:48:17:62827:[18] |CCL_INFO| stream: { type: gpu, in_order: 1, device: Intel(R) Data Center GPU Max 1550, device_family: family2 }
2026:08:17-21:48:17:11110:[157] |CCL_INFO| stream: { type: gpu, in_order: 1, device: Intel(R) Data Center GPU Max 1550, device_family: family2 }
2026:08:17-21:48:17:11110:[157] |CCL_INFO| stream: { type: gpu, in_order: 1, device: Intel(R) Data Center GPU Max 1550, device_family: family2 }
2026:08:17-21:48:17:62828:[19] |CCL_INFO| stream: { type: gpu, in_order: 1, device: Intel(R) Data Center GPU Max 1550, device_family: family2 }
2026:08:17-21:48:17:62828:[19] |CCL_INFO| stream: { type: gpu, in_order: 1, device: Intel(R) Data Center GPU Max 1550, device_family: family2 }
2026:08:17-21:48:17:11111:[158] |CCL_INFO| stream: { type: gpu, in_order: 1, device: Intel(R) Data Center GPU Max 1550, device_family: family2 }
2026:08:17-21:48:17:11111:[158] |CCL_INFO| stream: { type: gpu, in_order: 1, device: Intel(R) Data Center GPU Max 1550, device_family: family2 }
2026:08:17-21:48:17:62829:[20] |CCL_INFO| stream: { type: gpu, in_order: 1, device: Intel(R) Data Center GPU Max 1550, device_family: family2 }
2026:08:17-21:48:17:62829:[20] |CCL_INFO| stream: { type: gpu, in_order: 1, device: Intel(R) Data Center GPU Max 1550, device_family: family2 }
2026:08:17-21:48:17:62830:[21] |CCL_INFO| stream: { type: gpu, in_order: 1, device: Intel(R) Data Center GPU Max 1550, device_family: family2 }
2026:08:17-21:48:17:62830:[21] |CCL_INFO| stream: { type: gpu, in_order: 1, device: Intel(R) Data Center GPU Max 1550, device_family: family2 }
2026:08:17-21:48:17:11112:[159] |CCL_INFO| stream: { type: gpu, in_order: 1, device: Intel(R) Data Center GPU Max 1550, device_family: family2 }
2026:08:17-21:48:17:11112:[159] |CCL_INFO| stream: { type: gpu, in_order: 1, device: Intel(R) Data Center GPU Max 1550, device_family: family2 }
2026:08:17-21:48:17:62831:[22] |CCL_INFO| stream: { type: gpu, in_order: 1, device: Intel(R) Data Center GPU Max 1550, device_family: family2 }
2026:08:17-21:48:17:62831:[22] |CCL_INFO| stream: { type: gpu, in_order: 1, device: Intel(R) Data Center GPU Max 1550, device_family: family2 }
2026:08:17-21:48:17:11120:[167] |CCL_INFO| stream: { type: gpu, in_order: 1, device: Intel(R) Data Center GPU Max 1550, device_family: family2 }
2026:08:17-21:48:17:11120:[167] |CCL_INFO| stream: { type: gpu, in_order: 1, device: Intel(R) Data Center GPU Max 1550, device_family: family2 }
2026:08:17-21:48:17:62832:[23] |CCL_INFO| stream: { type: gpu, in_order: 1, device: Intel(R) Data Center GPU Max 1550, device_family: family2 }
2026:08:17-21:48:17:62832:[23] |CCL_INFO| stream: { type: gpu, in_order: 1, device: Intel(R) Data Center GPU Max 1550, device_family: family2 }
2026:08:17-21:48:17:11109:[156] |CCL_INFO| stream: { type: gpu, in_order: 1, device: Intel(R) Data Center GPU Max 1550, device_family: family2 }
2026:08:17-21:48:17:11113:[160] |CCL_INFO| stream: { type: gpu, in_order: 1, device: Intel(R) Data Center GPU Max 1550, device_family: family2 }
2026:08:17-21:48:17:11113:[160] |CCL_INFO| stream: { type: gpu, in_order: 1, device: Intel(R) Data Center GPU Max 1550, device_family: family2 }
2026:08:17-21:48:17:11114:[161] |CCL_INFO| stream: { type: gpu, in_order: 1, device: Intel(R) Data Center GPU Max 1550, device_family: family2 }
2026:08:17-21:48:17:11114:[161] |CCL_INFO| stream: { type: gpu, in_order: 1, device: Intel(R) Data Center GPU Max 1550, device_family: family2 }
2026:08:17-21:48:17:11115:[162] |CCL_INFO| stream: { type: gpu, in_order: 1, device: Intel(R) Data Center GPU Max 1550, device_family: family2 }
2026:08:17-21:48:17:11115:[162] |CCL_INFO| stream: { type: gpu, in_order: 1, device: Intel(R) Data Center GPU Max 1550, device_family: family2 }
2026:08:17-21:48:17:11116:[163] |CCL_INFO| stream: { type: gpu, in_order: 1, device: Intel(R) Data Center GPU Max 1550, device_family: family2 }
2026:08:17-21:48:17:11116:[163] |CCL_INFO| stream: { type: gpu, in_order: 1, device: Intel(R) Data Center GPU Max 1550, device_family: family2 }
2026:08:17-21:48:17:11117:[164] |CCL_INFO| stream: { type: gpu, in_order: 1, device: Intel(R) Data Center GPU Max 1550, device_family: family2 }
2026:08:17-21:48:17:11117:[164] |CCL_INFO| stream: { type: gpu, in_order: 1, device: Intel(R) Data Center GPU Max 1550, device_family: family2 }
2026:08:17-21:48:17:11118:[165] |CCL_INFO| stream: { type: gpu, in_order: 1, device: Intel(R) Data Center GPU Max 1550, device_family: family2 }
2026:08:17-21:48:17:11118:[165] |CCL_INFO| stream: { type: gpu, in_order: 1, device: Intel(R) Data Center GPU Max 1550, device_family: family2 }
2026:08:17-21:48:17:11119:[166] |CCL_INFO| stream: { type: gpu, in_order: 1, device: Intel(R) Data Center GPU Max 1550, device_family: family2 }
2026:08:17-21:48:17:11119:[166] |CCL_INFO| stream: { type: gpu, in_order: 1, device: Intel(R) Data Center GPU Max 1550, device_family: family2 }
2026:08:17-21:48:17:203045:[96] |CCL_INFO| stream: { type: gpu, in_order: 1, device: Intel(R) Data Center GPU Max 1550, device_family: family2 }
2026:08:17-21:48:17:203045:[96] |CCL_INFO| stream: { type: gpu, in_order: 1, device: Intel(R) Data Center GPU Max 1550, device_family: family2 }
2026:08:17-21:48:17:203047:[98] |CCL_INFO| stream: { type: gpu, in_order: 1, device: Intel(R) Data Center GPU Max 1550, device_family: family2 }
2026:08:17-21:48:17:203047:[98] |CCL_INFO| stream: { type: gpu, in_order: 1, device: Intel(R) Data Center GPU Max 1550, device_family: family2 }
2026:08:17-21:48:17:203048:[99] |CCL_INFO| stream: { type: gpu, in_order: 1, device: Intel(R) Data Center GPU Max 1550, device_family: family2 }
2026:08:17-21:48:17:203048:[99] |CCL_INFO| stream: { type: gpu, in_order: 1, device: Intel(R) Data Center GPU Max 1550, device_family: family2 }
2026:08:17-21:48:17:203050:[101] |CCL_INFO| stream: { type: gpu, in_order: 1, device: Intel(R) Data Center GPU Max 1550, device_family: family2 }
2026:08:17-21:48:17:203050:[101] |CCL_INFO| stream: { type: gpu, in_order: 1, device: Intel(R) Data Center GPU Max 1550, device_family: family2 }
2026:08:17-21:48:17:203052:[103] |CCL_INFO| stream: { type: gpu, in_order: 1, device: Intel(R) Data Center GPU Max 1550, device_family: family2 }
2026:08:17-21:48:17:203052:[103] |CCL_INFO| stream: { type: gpu, in_order: 1, device: Intel(R) Data Center GPU Max 1550, device_family: family2 }
2026:08:17-21:48:17:203046:[97] |CCL_INFO| stream: { type: gpu, in_order: 1, device: Intel(R) Data Center GPU Max 1550, device_family: family2 }
2026:08:17-21:48:17:203046:[97] |CCL_INFO| stream: { type: gpu, in_order: 1, device: Intel(R) Data Center GPU Max 1550, device_family: family2 }
2026:08:17-21:48:17:203049:[100] |CCL_INFO| stream: { type: gpu, in_order: 1, device: Intel(R) Data Center GPU Max 1550, device_family: family2 }
2026:08:17-21:48:17:203049:[100] |CCL_INFO| stream: { type: gpu, in_order: 1, device: Intel(R) Data Center GPU Max 1550, device_family: family2 }
2026:08:17-21:48:17:203051:[102] |CCL_INFO| stream: { type: gpu, in_order: 1, device: Intel(R) Data Center GPU Max 1550, device_family: family2 }
2026:08:17-21:48:17:203051:[102] |CCL_INFO| stream: { type: gpu, in_order: 1, device: Intel(R) Data Center GPU Max 1550, device_family: family2 }
2026:08:17-21:48:17:203053:[104] |CCL_INFO| stream: { type: gpu, in_order: 1, device: Intel(R) Data Center GPU Max 1550, device_family: family2 }
2026:08:17-21:48:17:203053:[104] |CCL_INFO| stream: { type: gpu, in_order: 1, device: Intel(R) Data Center GPU Max 1550, device_family: family2 }
2026:08:17-21:48:17:203054:[105] |CCL_INFO| stream: { type: gpu, in_order: 1, device: Intel(R) Data Center GPU Max 1550, device_family: family2 }
2026:08:17-21:48:17:203054:[105] |CCL_INFO| stream: { type: gpu, in_order: 1, device: Intel(R) Data Center GPU Max 1550, device_family: family2 }
2026:08:17-21:48:17:203055:[106] |CCL_INFO| stream: { type: gpu, in_order: 1, device: Intel(R) Data Center GPU Max 1550, device_family: family2 }
2026:08:17-21:48:17:203055:[106] |CCL_INFO| stream: { type: gpu, in_order: 1, device: Intel(R) Data Center GPU Max 1550, device_family: family2 }
2026:08:17-21:48:17:203056:[107] |CCL_INFO| stream: { type: gpu, in_order: 1, device: Intel(R) Data Center GPU Max 1550, device_family: family2 }
2026:08:17-21:48:17:203056:[107] |CCL_INFO| stream: { type: gpu, in_order: 1, device: Intel(R) Data Center GPU Max 1550, device_family: family2 }
2026:08:17-21:48:17:118523:[49] |CCL_INFO| stream: { type: gpu, in_order: 1, device: Intel(R) Data Center GPU Max 1550, device_family: family2 }
2026:08:17-21:48:17:118523:[49] |CCL_INFO| stream: { type: gpu, in_order: 1, device: Intel(R) Data Center GPU Max 1550, device_family: family2 }
2026:08:17-21:48:17:118524:[50] |CCL_INFO| stream: { type: gpu, in_order: 1, device: Intel(R) Data Center GPU Max 1550, device_family: family2 }
2026:08:17-21:48:17:118524:[50] |CCL_INFO| stream: { type: gpu, in_order: 1, device: Intel(R) Data Center GPU Max 1550, device_family: family2 }
2026:08:17-21:48:17:118525:[51] |CCL_INFO| stream: { type: gpu, in_order: 1, device: Intel(R) Data Center GPU Max 1550, device_family: family2 }
2026:08:17-21:48:17:118525:[51] |CCL_INFO| stream: { type: gpu, in_order: 1, device: Intel(R) Data Center GPU Max 1550, device_family: family2 }
2026:08:17-21:48:17:118527:[53] |CCL_INFO| stream: { type: gpu, in_order: 1, device: Intel(R) Data Center GPU Max 1550, device_family: family2 }
2026:08:17-21:48:17:118527:[53] |CCL_INFO| stream: { type: gpu, in_order: 1, device: Intel(R) Data Center GPU Max 1550, device_family: family2 }
2026:08:17-21:48:17:118522:[48] |CCL_INFO| stream: { type: gpu, in_order: 1, device: Intel(R) Data Center GPU Max 1550, device_family: family2 }
2026:08:17-21:48:17:118522:[48] |CCL_INFO| stream: { type: gpu, in_order: 1, device: Intel(R) Data Center GPU Max 1550, device_family: family2 }
2026:08:17-21:48:17:118526:[52] |CCL_INFO| stream: { type: gpu, in_order: 1, device: Intel(R) Data Center GPU Max 1550, device_family: family2 }
2026:08:17-21:48:17:118526:[52] |CCL_INFO| stream: { type: gpu, in_order: 1, device: Intel(R) Data Center GPU Max 1550, device_family: family2 }
2026:08:17-21:48:17:118528:[54] |CCL_INFO| stream: { type: gpu, in_order: 1, device: Intel(R) Data Center GPU Max 1550, device_family: family2 }
2026:08:17-21:48:17:118528:[54] |CCL_INFO| stream: { type: gpu, in_order: 1, device: Intel(R) Data Center GPU Max 1550, device_family: family2 }
2026:08:17-21:48:17:118529:[55] |CCL_INFO| stream: { type: gpu, in_order: 1, device: Intel(R) Data Center GPU Max 1550, device_family: family2 }
2026:08:17-21:48:17:118529:[55] |CCL_INFO| stream: { type: gpu, in_order: 1, device: Intel(R) Data Center GPU Max 1550, device_family: family2 }
2026:08:17-21:48:17:118530:[56] |CCL_INFO| stream: { type: gpu, in_order: 1, device: Intel(R) Data Center GPU Max 1550, device_family: family2 }
2026:08:17-21:48:17:118530:[56] |CCL_INFO| stream: { type: gpu, in_order: 1, device: Intel(R) Data Center GPU Max 1550, device_family: family2 }
2026:08:17-21:48:17:118531:[57] |CCL_INFO| stream: { type: gpu, in_order: 1, device: Intel(R) Data Center GPU Max 1550, device_family: family2 }
2026:08:17-21:48:17:118531:[57] |CCL_INFO| stream: { type: gpu, in_order: 1, device: Intel(R) Data Center GPU Max 1550, device_family: family2 }
2026:08:17-21:48:17:118532:[58] |CCL_INFO| stream: { type: gpu, in_order: 1, device: Intel(R) Data Center GPU Max 1550, device_family: family2 }
2026:08:17-21:48:17:118532:[58] |CCL_INFO| stream: { type: gpu, in_order: 1, device: Intel(R) Data Center GPU Max 1550, device_family: family2 }
2026:08:17-21:48:17:118533:[59] |CCL_INFO| stream: { type: gpu, in_order: 1, device: Intel(R) Data Center GPU Max 1550, device_family: family2 }
2026:08:17-21:48:17:118533:[59] |CCL_INFO| stream: { type: gpu, in_order: 1, device: Intel(R) Data Center GPU Max 1550, device_family: family2 }
2026:08:17-21:48:17:180192:[84] |CCL_INFO| stream: { type: gpu, in_order: 1, device: Intel(R) Data Center GPU Max 1550, device_family: family2 }
2026:08:17-21:48:17:180193:[85] |CCL_INFO| stream: { type: gpu, in_order: 1, device: Intel(R) Data Center GPU Max 1550, device_family: family2 }
2026:08:17-21:48:17:180193:[85] |CCL_INFO| stream: { type: gpu, in_order: 1, device: Intel(R) Data Center GPU Max 1550, device_family: family2 }
2026:08:17-21:48:17:180194:[86] |CCL_INFO| stream: { type: gpu, in_order: 1, device: Intel(R) Data Center GPU Max 1550, device_family: family2 }
2026:08:17-21:48:17:180194:[86] |CCL_INFO| stream: { type: gpu, in_order: 1, device: Intel(R) Data Center GPU Max 1550, device_family: family2 }
2026:08:17-21:48:17:180192:[84] |CCL_INFO| stream: { type: gpu, in_order: 1, device: Intel(R) Data Center GPU Max 1550, device_family: family2 }
2026:08:17-21:48:17:180195:[87] |CCL_INFO| stream: { type: gpu, in_order: 1, device: Intel(R) Data Center GPU Max 1550, device_family: family2 }
2026:08:17-21:48:17:180195:[87] |CCL_INFO| stream: { type: gpu, in_order: 1, device: Intel(R) Data Center GPU Max 1550, device_family: family2 }
2026:08:17-21:48:17:180196:[88] |CCL_INFO| stream: { type: gpu, in_order: 1, device: Intel(R) Data Center GPU Max 1550, device_family: family2 }
2026:08:17-21:48:17:180196:[88] |CCL_INFO| stream: { type: gpu, in_order: 1, device: Intel(R) Data Center GPU Max 1550, device_family: family2 }
2026:08:17-21:48:17:180197:[89] |CCL_INFO| stream: { type: gpu, in_order: 1, device: Intel(R) Data Center GPU Max 1550, device_family: family2 }
2026:08:17-21:48:17:180197:[89] |CCL_INFO| stream: { type: gpu, in_order: 1, device: Intel(R) Data Center GPU Max 1550, device_family: family2 }
2026:08:17-21:48:17:180198:[90] |CCL_INFO| stream: { type: gpu, in_order: 1, device: Intel(R) Data Center GPU Max 1550, device_family: family2 }
2026:08:17-21:48:17:180198:[90] |CCL_INFO| stream: { type: gpu, in_order: 1, device: Intel(R) Data Center GPU Max 1550, device_family: family2 }
2026:08:17-21:48:17:180199:[91] |CCL_INFO| stream: { type: gpu, in_order: 1, device: Intel(R) Data Center GPU Max 1550, device_family: family2 }
2026:08:17-21:48:17:180199:[91] |CCL_INFO| stream: { type: gpu, in_order: 1, device: Intel(R) Data Center GPU Max 1550, device_family: family2 }
2026:08:17-21:48:17:180200:[92] |CCL_INFO| stream: { type: gpu, in_order: 1, device: Intel(R) Data Center GPU Max 1550, device_family: family2 }
2026:08:17-21:48:17:180200:[92] |CCL_INFO| stream: { type: gpu, in_order: 1, device: Intel(R) Data Center GPU Max 1550, device_family: family2 }
2026:08:17-21:48:17:180201:[93] |CCL_INFO| stream: { type: gpu, in_order: 1, device: Intel(R) Data Center GPU Max 1550, device_family: family2 }
2026:08:17-21:48:17:180201:[93] |CCL_INFO| stream: { type: gpu, in_order: 1, device: Intel(R) Data Center GPU Max 1550, device_family: family2 }
2026:08:17-21:48:17:180202:[94] |CCL_INFO| stream: { type: gpu, in_order: 1, device: Intel(R) Data Center GPU Max 1550, device_family: family2 }
2026:08:17-21:48:17:180202:[94] |CCL_INFO| stream: { type: gpu, in_order: 1, device: Intel(R) Data Center GPU Max 1550, device_family: family2 }
2026:08:17-21:48:17:180203:[95] |CCL_INFO| stream: { type: gpu, in_order: 1, device: Intel(R) Data Center GPU Max 1550, device_family: family2 }
2026:08:17-21:48:17:180203:[95] |CCL_INFO| stream: { type: gpu, in_order: 1, device: Intel(R) Data Center GPU Max 1550, device_family: family2 }
2026:08:17-21:48:17:97636:[168] |CCL_INFO| stream: { type: gpu, in_order: 1, device: Intel(R) Data Center GPU Max 1550, device_family: family2 }
2026:08:17-21:48:17:97636:[168] |CCL_INFO| stream: { type: gpu, in_order: 1, device: Intel(R) Data Center GPU Max 1550, device_family: family2 }
2026:08:17-21:48:17:97637:[169] |CCL_INFO| stream: { type: gpu, in_order: 1, device: Intel(R) Data Center GPU Max 1550, device_family: family2 }
2026:08:17-21:48:17:97637:[169] |CCL_INFO| stream: { type: gpu, in_order: 1, device: Intel(R) Data Center GPU Max 1550, device_family: family2 }
2026:08:17-21:48:17:97638:[170] |CCL_INFO| stream: { type: gpu, in_order: 1, device: Intel(R) Data Center GPU Max 1550, device_family: family2 }
2026:08:17-21:48:17:97638:[170] |CCL_INFO| stream: { type: gpu, in_order: 1, device: Intel(R) Data Center GPU Max 1550, device_family: family2 }
2026:08:17-21:48:17:97647:[179] |CCL_INFO| stream: { type: gpu, in_order: 1, device: Intel(R) Data Center GPU Max 1550, device_family: family2 }
2026:08:17-21:48:17:97647:[179] |CCL_INFO| stream: { type: gpu, in_order: 1, device: Intel(R) Data Center GPU Max 1550, device_family: family2 }
2026:08:17-21:48:17:97639:[171] |CCL_INFO| stream: { type: gpu, in_order: 1, device: Intel(R) Data Center GPU Max 1550, device_family: family2 }
2026:08:17-21:48:17:97639:[171] |CCL_INFO| stream: { type: gpu, in_order: 1, device: Intel(R) Data Center GPU Max 1550, device_family: family2 }
2026:08:17-21:48:17:97640:[172] |CCL_INFO| stream: { type: gpu, in_order: 1, device: Intel(R) Data Center GPU Max 1550, device_family: family2 }
2026:08:17-21:48:17:97640:[172] |CCL_INFO| stream: { type: gpu, in_order: 1, device: Intel(R) Data Center GPU Max 1550, device_family: family2 }
2026:08:17-21:48:17:97641:[173] |CCL_INFO| stream: { type: gpu, in_order: 1, device: Intel(R) Data Center GPU Max 1550, device_family: family2 }
2026:08:17-21:48:17:97641:[173] |CCL_INFO| stream: { type: gpu, in_order: 1, device: Intel(R) Data Center GPU Max 1550, device_family: family2 }
2026:08:17-21:48:17:97642:[174] |CCL_INFO| stream: { type: gpu, in_order: 1, device: Intel(R) Data Center GPU Max 1550, device_family: family2 }
2026:08:17-21:48:17:97642:[174] |CCL_INFO| stream: { type: gpu, in_order: 1, device: Intel(R) Data Center GPU Max 1550, device_family: family2 }
2026:08:17-21:48:17:97643:[175] |CCL_INFO| stream: { type: gpu, in_order: 1, device: Intel(R) Data Center GPU Max 1550, device_family: family2 }
2026:08:17-21:48:17:97643:[175] |CCL_INFO| stream: { type: gpu, in_order: 1, device: Intel(R) Data Center GPU Max 1550, device_family: family2 }
2026:08:17-21:48:17:97644:[176] |CCL_INFO| stream: { type: gpu, in_order: 1, device: Intel(R) Data Center GPU Max 1550, device_family: family2 }
2026:08:17-21:48:17:97644:[176] |CCL_INFO| stream: { type: gpu, in_order: 1, device: Intel(R) Data Center GPU Max 1550, device_family: family2 }
2026:08:17-21:48:17:97645:[177] |CCL_INFO| stream: { type: gpu, in_order: 1, device: Intel(R) Data Center GPU Max 1550, device_family: family2 }
2026:08:17-21:48:17:97645:[177] |CCL_INFO| stream: { type: gpu, in_order: 1, device: Intel(R) Data Center GPU Max 1550, device_family: family2 }
2026:08:17-21:48:17:97646:[178] |CCL_INFO| stream: { type: gpu, in_order: 1, device: Intel(R) Data Center GPU Max 1550, device_family: family2 }
2026:08:17-21:48:17:97646:[178] |CCL_INFO| stream: { type: gpu, in_order: 1, device: Intel(R) Data Center GPU Max 1550, device_family: family2 }
2026:08:17-21:48:17:153712:[24] |CCL_INFO| stream: { type: gpu, in_order: 1, device: Intel(R) Data Center GPU Max 1550, device_family: family2 }
2026:08:17-21:48:17:153712:[24] |CCL_INFO| stream: { type: gpu, in_order: 1, device: Intel(R) Data Center GPU Max 1550, device_family: family2 }
2026:08:17-21:48:17:153713:[25] |CCL_INFO| stream: { type: gpu, in_order: 1, device: Intel(R) Data Center GPU Max 1550, device_family: family2 }
2026:08:17-21:48:17:153713:[25] |CCL_INFO| stream: { type: gpu, in_order: 1, device: Intel(R) Data Center GPU Max 1550, device_family: family2 }
2026:08:17-21:48:17:153714:[26] |CCL_INFO| stream: { type: gpu, in_order: 1, device: Intel(R) Data Center GPU Max 1550, device_family: family2 }
2026:08:17-21:48:17:153714:[26] |CCL_INFO| stream: { type: gpu, in_order: 1, device: Intel(R) Data Center GPU Max 1550, device_family: family2 }
2026:08:17-21:48:17:153715:[27] |CCL_INFO| stream: { type: gpu, in_order: 1, device: Intel(R) Data Center GPU Max 1550, device_family: family2 }
2026:08:17-21:48:17:153715:[27] |CCL_INFO| stream: { type: gpu, in_order: 1, device: Intel(R) Data Center GPU Max 1550, device_family: family2 }
2026:08:17-21:48:17:153716:[28] |CCL_INFO| stream: { type: gpu, in_order: 1, device: Intel(R) Data Center GPU Max 1550, device_family: family2 }
2026:08:17-21:48:17:153716:[28] |CCL_INFO| stream: { type: gpu, in_order: 1, device: Intel(R) Data Center GPU Max 1550, device_family: family2 }
2026:08:17-21:48:17:153717:[29] |CCL_INFO| stream: { type: gpu, in_order: 1, device: Intel(R) Data Center GPU Max 1550, device_family: family2 }
2026:08:17-21:48:17:153717:[29] |CCL_INFO| stream: { type: gpu, in_order: 1, device: Intel(R) Data Center GPU Max 1550, device_family: family2 }
2026:08:17-21:48:17:153718:[30] |CCL_INFO| stream: { type: gpu, in_order: 1, device: Intel(R) Data Center GPU Max 1550, device_family: family2 }
2026:08:17-21:48:17:153718:[30] |CCL_INFO| stream: { type: gpu, in_order: 1, device: Intel(R) Data Center GPU Max 1550, device_family: family2 }
2026:08:17-21:48:17:153719:[31] |CCL_INFO| stream: { type: gpu, in_order: 1, device: Intel(R) Data Center GPU Max 1550, device_family: family2 }
2026:08:17-21:48:17:153719:[31] |CCL_INFO| stream: { type: gpu, in_order: 1, device: Intel(R) Data Center GPU Max 1550, device_family: family2 }
2026:08:17-21:48:17:153720:[32] |CCL_INFO| stream: { type: gpu, in_order: 1, device: Intel(R) Data Center GPU Max 1550, device_family: family2 }
2026:08:17-21:48:17:153720:[32] |CCL_INFO| stream: { type: gpu, in_order: 1, device: Intel(R) Data Center GPU Max 1550, device_family: family2 }
2026:08:17-21:48:17:153721:[33] |CCL_INFO| stream: { type: gpu, in_order: 1, device: Intel(R) Data Center GPU Max 1550, device_family: family2 }
2026:08:17-21:48:17:153721:[33] |CCL_INFO| stream: { type: gpu, in_order: 1, device: Intel(R) Data Center GPU Max 1550, device_family: family2 }
2026:08:17-21:48:17:153722:[34] |CCL_INFO| stream: { type: gpu, in_order: 1, device: Intel(R) Data Center GPU Max 1550, device_family: family2 }
2026:08:17-21:48:17:153722:[34] |CCL_INFO| stream: { type: gpu, in_order: 1, device: Intel(R) Data Center GPU Max 1550, device_family: family2 }
2026:08:17-21:48:17:153723:[35] |CCL_INFO| stream: { type: gpu, in_order: 1, device: Intel(R) Data Center GPU Max 1550, device_family: family2 }
2026:08:17-21:48:17:153723:[35] |CCL_INFO| stream: { type: gpu, in_order: 1, device: Intel(R) Data Center GPU Max 1550, device_family: family2 }
2026:08:17-21:48:17:119094:[61] |CCL_INFO| stream: { type: gpu, in_order: 1, device: Intel(R) Data Center GPU Max 1550, device_family: family2 }
2026:08:17-21:48:17:119094:[61] |CCL_INFO| stream: { type: gpu, in_order: 1, device: Intel(R) Data Center GPU Max 1550, device_family: family2 }
2026:08:17-21:48:17:119096:[63] |CCL_INFO| stream: { type: gpu, in_order: 1, device: Intel(R) Data Center GPU Max 1550, device_family: family2 }
2026:08:17-21:48:17:119096:[63] |CCL_INFO| stream: { type: gpu, in_order: 1, device: Intel(R) Data Center GPU Max 1550, device_family: family2 }
2026:08:17-21:48:17:119103:[70] |CCL_INFO| stream: { type: gpu, in_order: 1, device: Intel(R) Data Center GPU Max 1550, device_family: family2 }
2026:08:17-21:48:17:119103:[70] |CCL_INFO| stream: { type: gpu, in_order: 1, device: Intel(R) Data Center GPU Max 1550, device_family: family2 }
2026:08:17-21:48:17:119093:[60] |CCL_INFO| stream: { type: gpu, in_order: 1, device: Intel(R) Data Center GPU Max 1550, device_family: family2 }
2026:08:17-21:48:17:119093:[60] |CCL_INFO| stream: { type: gpu, in_order: 1, device: Intel(R) Data Center GPU Max 1550, device_family: family2 }
2026:08:17-21:48:17:119095:[62] |CCL_INFO| stream: { type: gpu, in_order: 1, device: Intel(R) Data Center GPU Max 1550, device_family: family2 }
2026:08:17-21:48:17:119095:[62] |CCL_INFO| stream: { type: gpu, in_order: 1, device: Intel(R) Data Center GPU Max 1550, device_family: family2 }
2026:08:17-21:48:17:119097:[64] |CCL_INFO| stream: { type: gpu, in_order: 1, device: Intel(R) Data Center GPU Max 1550, device_family: family2 }
2026:08:17-21:48:17:119097:[64] |CCL_INFO| stream: { type: gpu, in_order: 1, device: Intel(R) Data Center GPU Max 1550, device_family: family2 }
2026:08:17-21:48:17:119098:[65] |CCL_INFO| stream: { type: gpu, in_order: 1, device: Intel(R) Data Center GPU Max 1550, device_family: family2 }
2026:08:17-21:48:17:119098:[65] |CCL_INFO| stream: { type: gpu, in_order: 1, device: Intel(R) Data Center GPU Max 1550, device_family: family2 }
2026:08:17-21:48:17:119099:[66] |CCL_INFO| stream: { type: gpu, in_order: 1, device: Intel(R) Data Center GPU Max 1550, device_family: family2 }
2026:08:17-21:48:17:119099:[66] |CCL_INFO| stream: { type: gpu, in_order: 1, device: Intel(R) Data Center GPU Max 1550, device_family: family2 }
2026:08:17-21:48:17:119100:[67] |CCL_INFO| stream: { type: gpu, in_order: 1, device: Intel(R) Data Center GPU Max 1550, device_family: family2 }
2026:08:17-21:48:17:119100:[67] |CCL_INFO| stream: { type: gpu, in_order: 1, device: Intel(R) Data Center GPU Max 1550, device_family: family2 }
2026:08:17-21:48:17:119101:[68] |CCL_INFO| stream: { type: gpu, in_order: 1, device: Intel(R) Data Center GPU Max 1550, device_family: family2 }
2026:08:17-21:48:17:119101:[68] |CCL_INFO| stream: { type: gpu, in_order: 1, device: Intel(R) Data Center GPU Max 1550, device_family: family2 }
2026:08:17-21:48:17:119102:[69] |CCL_INFO| stream: { type: gpu, in_order: 1, device: Intel(R) Data Center GPU Max 1550, device_family: family2 }
2026:08:17-21:48:17:119102:[69] |CCL_INFO| stream: { type: gpu, in_order: 1, device: Intel(R) Data Center GPU Max 1550, device_family: family2 }
2026:08:17-21:48:17:119104:[71] |CCL_INFO| stream: { type: gpu, in_order: 1, device: Intel(R) Data Center GPU Max 1550, device_family: family2 }
2026:08:17-21:48:17:119104:[71] |CCL_INFO| stream: { type: gpu, in_order: 1, device: Intel(R) Data Center GPU Max 1550, device_family: family2 }
2026:08:17-21:48:17:50414:[146] |CCL_INFO| stream: { type: gpu, in_order: 1, device: Intel(R) Data Center GPU Max 1550, device_family: family2 }
2026:08:17-21:48:17:50414:[146] |CCL_INFO| stream: { type: gpu, in_order: 1, device: Intel(R) Data Center GPU Max 1550, device_family: family2 }
2026:08:17-21:48:17:50415:[147] |CCL_INFO| stream: { type: gpu, in_order: 1, device: Intel(R) Data Center GPU Max 1550, device_family: family2 }
2026:08:17-21:48:17:50415:[147] |CCL_INFO| stream: { type: gpu, in_order: 1, device: Intel(R) Data Center GPU Max 1550, device_family: family2 }
2026:08:17-21:48:17:50420:[152] |CCL_INFO| stream: { type: gpu, in_order: 1, device: Intel(R) Data Center GPU Max 1550, device_family: family2 }
2026:08:17-21:48:17:50420:[152] |CCL_INFO| stream: { type: gpu, in_order: 1, device: Intel(R) Data Center GPU Max 1550, device_family: family2 }
2026:08:17-21:48:17:50421:[153] |CCL_INFO| stream: { type: gpu, in_order: 1, device: Intel(R) Data Center GPU Max 1550, device_family: family2 }
2026:08:17-21:48:17:50421:[153] |CCL_INFO| stream: { type: gpu, in_order: 1, device: Intel(R) Data Center GPU Max 1550, device_family: family2 }
2026:08:17-21:48:17:50412:[144] |CCL_INFO| stream: { type: gpu, in_order: 1, device: Intel(R) Data Center GPU Max 1550, device_family: family2 }
2026:08:17-21:48:17:50412:[144] |CCL_INFO| stream: { type: gpu, in_order: 1, device: Intel(R) Data Center GPU Max 1550, device_family: family2 }
2026:08:17-21:48:17:50413:[145] |CCL_INFO| stream: { type: gpu, in_order: 1, device: Intel(R) Data Center GPU Max 1550, device_family: family2 }
2026:08:17-21:48:17:50413:[145] |CCL_INFO| stream: { type: gpu, in_order: 1, device: Intel(R) Data Center GPU Max 1550, device_family: family2 }
2026:08:17-21:48:17:50416:[148] |CCL_INFO| stream: { type: gpu, in_order: 1, device: Intel(R) Data Center GPU Max 1550, device_family: family2 }
2026:08:17-21:48:17:50416:[148] |CCL_INFO| stream: { type: gpu, in_order: 1, device: Intel(R) Data Center GPU Max 1550, device_family: family2 }
2026:08:17-21:48:17:50417:[149] |CCL_INFO| stream: { type: gpu, in_order: 1, device: Intel(R) Data Center GPU Max 1550, device_family: family2 }
2026:08:17-21:48:17:50417:[149] |CCL_INFO| stream: { type: gpu, in_order: 1, device: Intel(R) Data Center GPU Max 1550, device_family: family2 }
2026:08:17-21:48:17:50418:[150] |CCL_INFO| stream: { type: gpu, in_order: 1, device: Intel(R) Data Center GPU Max 1550, device_family: family2 }
2026:08:17-21:48:17:50418:[150] |CCL_INFO| stream: { type: gpu, in_order: 1, device: Intel(R) Data Center GPU Max 1550, device_family: family2 }
2026:08:17-21:48:17:50419:[151] |CCL_INFO| stream: { type: gpu, in_order: 1, device: Intel(R) Data Center GPU Max 1550, device_family: family2 }
2026:08:17-21:48:17:50419:[151] |CCL_INFO| stream: { type: gpu, in_order: 1, device: Intel(R) Data Center GPU Max 1550, device_family: family2 }
2026:08:17-21:48:17:50422:[154] |CCL_INFO| stream: { type: gpu, in_order: 1, device: Intel(R) Data Center GPU Max 1550, device_family: family2 }
2026:08:17-21:48:17:50422:[154] |CCL_INFO| stream: { type: gpu, in_order: 1, device: Intel(R) Data Center GPU Max 1550, device_family: family2 }
2026:08:17-21:48:17:50423:[155] |CCL_INFO| stream: { type: gpu, in_order: 1, device: Intel(R) Data Center GPU Max 1550, device_family: family2 }
2026:08:17-21:48:17:50423:[155] |CCL_INFO| stream: { type: gpu, in_order: 1, device: Intel(R) Data Center GPU Max 1550, device_family: family2 }
2026:08:17-21:48:17: 8245:[121] |CCL_INFO| stream: { type: gpu, in_order: 1, device: Intel(R) Data Center GPU Max 1550, device_family: family2 }
2026:08:17-21:48:17: 8245:[121] |CCL_INFO| stream: { type: gpu, in_order: 1, device: Intel(R) Data Center GPU Max 1550, device_family: family2 }
2026:08:17-21:48:17: 8246:[122] |CCL_INFO| stream: { type: gpu, in_order: 1, device: Intel(R) Data Center GPU Max 1550, device_family: family2 }
2026:08:17-21:48:17: 8246:[122] |CCL_INFO| stream: { type: gpu, in_order: 1, device: Intel(R) Data Center GPU Max 1550, device_family: family2 }
2026:08:17-21:48:17: 8247:[123] |CCL_INFO| stream: { type: gpu, in_order: 1, device: Intel(R) Data Center GPU Max 1550, device_family: family2 }
2026:08:17-21:48:17: 8247:[123] |CCL_INFO| stream: { type: gpu, in_order: 1, device: Intel(R) Data Center GPU Max 1550, device_family: family2 }
2026:08:17-21:48:17: 8254:[130] |CCL_INFO| stream: { type: gpu, in_order: 1, device: Intel(R) Data Center GPU Max 1550, device_family: family2 }
2026:08:17-21:48:17: 8254:[130] |CCL_INFO| stream: { type: gpu, in_order: 1, device: Intel(R) Data Center GPU Max 1550, device_family: family2 }
2026:08:17-21:48:17: 8244:[120] |CCL_INFO| stream: { type: gpu, in_order: 1, device: Intel(R) Data Center GPU Max 1550, device_family: family2 }
2026:08:17-21:48:17: 8244:[120] |CCL_INFO| stream: { type: gpu, in_order: 1, device: Intel(R) Data Center GPU Max 1550, device_family: family2 }
2026:08:17-21:48:17: 8248:[124] |CCL_INFO| stream: { type: gpu, in_order: 1, device: Intel(R) Data Center GPU Max 1550, device_family: family2 }
2026:08:17-21:48:17: 8248:[124] |CCL_INFO| stream: { type: gpu, in_order: 1, device: Intel(R) Data Center GPU Max 1550, device_family: family2 }
2026:08:17-21:48:17: 8249:[125] |CCL_INFO| stream: { type: gpu, in_order: 1, device: Intel(R) Data Center GPU Max 1550, device_family: family2 }
2026:08:17-21:48:17: 8249:[125] |CCL_INFO| stream: { type: gpu, in_order: 1, device: Intel(R) Data Center GPU Max 1550, device_family: family2 }
2026:08:17-21:48:17: 8250:[126] |CCL_INFO| stream: { type: gpu, in_order: 1, device: Intel(R) Data Center GPU Max 1550, device_family: family2 }
2026:08:17-21:48:17: 8250:[126] |CCL_INFO| stream: { type: gpu, in_order: 1, device: Intel(R) Data Center GPU Max 1550, device_family: family2 }
2026:08:17-21:48:17: 8251:[127] |CCL_INFO| stream: { type: gpu, in_order: 1, device: Intel(R) Data Center GPU Max 1550, device_family: family2 }
2026:08:17-21:48:17: 8251:[127] |CCL_INFO| stream: { type: gpu, in_order: 1, device: Intel(R) Data Center GPU Max 1550, device_family: family2 }
2026:08:17-21:48:17: 8252:[128] |CCL_INFO| stream: { type: gpu, in_order: 1, device: Intel(R) Data Center GPU Max 1550, device_family: family2 }
2026:08:17-21:48:17: 8252:[128] |CCL_INFO| stream: { type: gpu, in_order: 1, device: Intel(R) Data Center GPU Max 1550, device_family: family2 }
2026:08:17-21:48:17: 8253:[129] |CCL_INFO| stream: { type: gpu, in_order: 1, device: Intel(R) Data Center GPU Max 1550, device_family: family2 }
2026:08:17-21:48:17: 8253:[129] |CCL_INFO| stream: { type: gpu, in_order: 1, device: Intel(R) Data Center GPU Max 1550, device_family: family2 }
2026:08:17-21:48:17: 8255:[131] |CCL_INFO| stream: { type: gpu, in_order: 1, device: Intel(R) Data Center GPU Max 1550, device_family: family2 }
2026:08:17-21:48:17: 8255:[131] |CCL_INFO| stream: { type: gpu, in_order: 1, device: Intel(R) Data Center GPU Max 1550, device_family: family2 }
2026:08:17-21:48:17:36021:[36] |CCL_INFO| stream: { type: gpu, in_order: 1, device: Intel(R) Data Center GPU Max 1550, device_family: family2 }
2026:08:17-21:48:17:36021:[36] |CCL_INFO| stream: { type: gpu, in_order: 1, device: Intel(R) Data Center GPU Max 1550, device_family: family2 }
2026:08:17-21:48:17:36022:[37] |CCL_INFO| stream: { type: gpu, in_order: 1, device: Intel(R) Data Center GPU Max 1550, device_family: family2 }
2026:08:17-21:48:17:36022:[37] |CCL_INFO| stream: { type: gpu, in_order: 1, device: Intel(R) Data Center GPU Max 1550, device_family: family2 }
2026:08:17-21:48:17:36023:[38] |CCL_INFO| stream: { type: gpu, in_order: 1, device: Intel(R) Data Center GPU Max 1550, device_family: family2 }
2026:08:17-21:48:17:36023:[38] |CCL_INFO| stream: { type: gpu, in_order: 1, device: Intel(R) Data Center GPU Max 1550, device_family: family2 }
2026:08:17-21:48:17:36026:[41] |CCL_INFO| stream: { type: gpu, in_order: 1, device: Intel(R) Data Center GPU Max 1550, device_family: family2 }
2026:08:17-21:48:17:36026:[41] |CCL_INFO| stream: { type: gpu, in_order: 1, device: Intel(R) Data Center GPU Max 1550, device_family: family2 }
2026:08:17-21:48:17:36030:[45] |CCL_INFO| stream: { type: gpu, in_order: 1, device: Intel(R) Data Center GPU Max 1550, device_family: family2 }
2026:08:17-21:48:17:36030:[45] |CCL_INFO| stream: { type: gpu, in_order: 1, device: Intel(R) Data Center GPU Max 1550, device_family: family2 }
2026:08:17-21:48:17:36024:[39] |CCL_INFO| stream: { type: gpu, in_order: 1, device: Intel(R) Data Center GPU Max 1550, device_family: family2 }
2026:08:17-21:48:17:36024:[39] |CCL_INFO| stream: { type: gpu, in_order: 1, device: Intel(R) Data Center GPU Max 1550, device_family: family2 }
2026:08:17-21:48:17:36025:[40] |CCL_INFO| stream: { type: gpu, in_order: 1, device: Intel(R) Data Center GPU Max 1550, device_family: family2 }
2026:08:17-21:48:17:36025:[40] |CCL_INFO| stream: { type: gpu, in_order: 1, device: Intel(R) Data Center GPU Max 1550, device_family: family2 }
2026:08:17-21:48:17:36027:[42] |CCL_INFO| stream: { type: gpu, in_order: 1, device: Intel(R) Data Center GPU Max 1550, device_family: family2 }
2026:08:17-21:48:17:36027:[42] |CCL_INFO| stream: { type: gpu, in_order: 1, device: Intel(R) Data Center GPU Max 1550, device_family: family2 }
2026:08:17-21:48:17:36028:[43] |CCL_INFO| stream: { type: gpu, in_order: 1, device: Intel(R) Data Center GPU Max 1550, device_family: family2 }
2026:08:17-21:48:17:36028:[43] |CCL_INFO| stream: { type: gpu, in_order: 1, device: Intel(R) Data Center GPU Max 1550, device_family: family2 }
2026:08:17-21:48:17:36029:[44] |CCL_INFO| stream: { type: gpu, in_order: 1, device: Intel(R) Data Center GPU Max 1550, device_family: family2 }
2026:08:17-21:48:17:36029:[44] |CCL_INFO| stream: { type: gpu, in_order: 1, device: Intel(R) Data Center GPU Max 1550, device_family: family2 }
2026:08:17-21:48:17:36031:[46] |CCL_INFO| stream: { type: gpu, in_order: 1, device: Intel(R) Data Center GPU Max 1550, device_family: family2 }
2026:08:17-21:48:17:36031:[46] |CCL_INFO| stream: { type: gpu, in_order: 1, device: Intel(R) Data Center GPU Max 1550, device_family: family2 }
2026:08:17-21:48:17:36032:[47] |CCL_INFO| stream: { type: gpu, in_order: 1, device: Intel(R) Data Center GPU Max 1550, device_family: family2 }
2026:08:17-21:48:17:36032:[47] |CCL_INFO| stream: { type: gpu, in_order: 1, device: Intel(R) Data Center GPU Max 1550, device_family: family2 }
2026:08:17-21:48:17:97343:[133] |CCL_INFO| stream: { type: gpu, in_order: 1, device: Intel(R) Data Center GPU Max 1550, device_family: family2 }
2026:08:17-21:48:17:97343:[133] |CCL_INFO| stream: { type: gpu, in_order: 1, device: Intel(R) Data Center GPU Max 1550, device_family: family2 }
2026:08:17-21:48:17:97344:[134] |CCL_INFO| stream: { type: gpu, in_order: 1, device: Intel(R) Data Center GPU Max 1550, device_family: family2 }
2026:08:17-21:48:17:97344:[134] |CCL_INFO| stream: { type: gpu, in_order: 1, device: Intel(R) Data Center GPU Max 1550, device_family: family2 }
2026:08:17-21:48:17:97345:[135] |CCL_INFO| stream: { type: gpu, in_order: 1, device: Intel(R) Data Center GPU Max 1550, device_family: family2 }
2026:08:17-21:48:17:97345:[135] |CCL_INFO| stream: { type: gpu, in_order: 1, device: Intel(R) Data Center GPU Max 1550, device_family: family2 }
2026:08:17-21:48:17:97350:[140] |CCL_INFO| stream: { type: gpu, in_order: 1, device: Intel(R) Data Center GPU Max 1550, device_family: family2 }
2026:08:17-21:48:17:97350:[140] |CCL_INFO| stream: { type: gpu, in_order: 1, device: Intel(R) Data Center GPU Max 1550, device_family: family2 }
2026:08:17-21:48:17:97352:[142] |CCL_INFO| stream: { type: gpu, in_order: 1, device: Intel(R) Data Center GPU Max 1550, device_family: family2 }
2026:08:17-21:48:17:97352:[142] |CCL_INFO| stream: { type: gpu, in_order: 1, device: Intel(R) Data Center GPU Max 1550, device_family: family2 }
2026:08:17-21:48:17:97342:[132] |CCL_INFO| stream: { type: gpu, in_order: 1, device: Intel(R) Data Center GPU Max 1550, device_family: family2 }
2026:08:17-21:48:17:97342:[132] |CCL_INFO| stream: { type: gpu, in_order: 1, device: Intel(R) Data Center GPU Max 1550, device_family: family2 }
2026:08:17-21:48:17:97346:[136] |CCL_INFO| stream: { type: gpu, in_order: 1, device: Intel(R) Data Center GPU Max 1550, device_family: family2 }
2026:08:17-21:48:17:97346:[136] |CCL_INFO| stream: { type: gpu, in_order: 1, device: Intel(R) Data Center GPU Max 1550, device_family: family2 }
2026:08:17-21:48:17:97347:[137] |CCL_INFO| stream: { type: gpu, in_order: 1, device: Intel(R) Data Center GPU Max 1550, device_family: family2 }
2026:08:17-21:48:17:97347:[137] |CCL_INFO| stream: { type: gpu, in_order: 1, device: Intel(R) Data Center GPU Max 1550, device_family: family2 }
2026:08:17-21:48:17:97348:[138] |CCL_INFO| stream: { type: gpu, in_order: 1, device: Intel(R) Data Center GPU Max 1550, device_family: family2 }
2026:08:17-21:48:17:97348:[138] |CCL_INFO| stream: { type: gpu, in_order: 1, device: Intel(R) Data Center GPU Max 1550, device_family: family2 }
2026:08:17-21:48:17:97349:[139] |CCL_INFO| stream: { type: gpu, in_order: 1, device: Intel(R) Data Center GPU Max 1550, device_family: family2 }
2026:08:17-21:48:17:97349:[139] |CCL_INFO| stream: { type: gpu, in_order: 1, device: Intel(R) Data Center GPU Max 1550, device_family: family2 }
2026:08:17-21:48:17:97351:[141] |CCL_INFO| stream: { type: gpu, in_order: 1, device: Intel(R) Data Center GPU Max 1550, device_family: family2 }
2026:08:17-21:48:17:97351:[141] |CCL_INFO| stream: { type: gpu, in_order: 1, device: Intel(R) Data Center GPU Max 1550, device_family: family2 }
2026:08:17-21:48:17:97353:[143] |CCL_INFO| stream: { type: gpu, in_order: 1, device: Intel(R) Data Center GPU Max 1550, device_family: family2 }
2026:08:17-21:48:17:97353:[143] |CCL_INFO| stream: { type: gpu, in_order: 1, device: Intel(R) Data Center GPU Max 1550, device_family: family2 }
2026:08:17-21:48:17:22237:[108] |CCL_INFO| stream: { type: gpu, in_order: 1, device: Intel(R) Data Center GPU Max 1550, device_family: family2 }
2026:08:17-21:48:17:22237:[108] |CCL_INFO| stream: { type: gpu, in_order: 1, device: Intel(R) Data Center GPU Max 1550, device_family: family2 }
2026:08:17-21:48:17:22238:[109] |CCL_INFO| stream: { type: gpu, in_order: 1, device: Intel(R) Data Center GPU Max 1550, device_family: family2 }
2026:08:17-21:48:17:22238:[109] |CCL_INFO| stream: { type: gpu, in_order: 1, device: Intel(R) Data Center GPU Max 1550, device_family: family2 }
2026:08:17-21:48:17:22240:[111] |CCL_INFO| stream: { type: gpu, in_order: 1, device: Intel(R) Data Center GPU Max 1550, device_family: family2 }
2026:08:17-21:48:17:22240:[111] |CCL_INFO| stream: { type: gpu, in_order: 1, device: Intel(R) Data Center GPU Max 1550, device_family: family2 }
2026:08:17-21:48:17:22241:[112] |CCL_INFO| stream: { type: gpu, in_order: 1, device: Intel(R) Data Center GPU Max 1550, device_family: family2 }
2026:08:17-21:48:17:22241:[112] |CCL_INFO| stream: { type: gpu, in_order: 1, device: Intel(R) Data Center GPU Max 1550, device_family: family2 }
2026:08:17-21:48:17:22239:[110] |CCL_INFO| stream: { type: gpu, in_order: 1, device: Intel(R) Data Center GPU Max 1550, device_family: family2 }
2026:08:17-21:48:17:22239:[110] |CCL_INFO| stream: { type: gpu, in_order: 1, device: Intel(R) Data Center GPU Max 1550, device_family: family2 }
2026:08:17-21:48:17:22242:[113] |CCL_INFO| stream: { type: gpu, in_order: 1, device: Intel(R) Data Center GPU Max 1550, device_family: family2 }
2026:08:17-21:48:17:22242:[113] |CCL_INFO| stream: { type: gpu, in_order: 1, device: Intel(R) Data Center GPU Max 1550, device_family: family2 }
2026:08:17-21:48:17:22243:[114] |CCL_INFO| stream: { type: gpu, in_order: 1, device: Intel(R) Data Center GPU Max 1550, device_family: family2 }
2026:08:17-21:48:17:22243:[114] |CCL_INFO| stream: { type: gpu, in_order: 1, device: Intel(R) Data Center GPU Max 1550, device_family: family2 }
2026:08:17-21:48:17:22244:[115] |CCL_INFO| stream: { type: gpu, in_order: 1, device: Intel(R) Data Center GPU Max 1550, device_family: family2 }
2026:08:17-21:48:17:22244:[115] |CCL_INFO| stream: { type: gpu, in_order: 1, device: Intel(R) Data Center GPU Max 1550, device_family: family2 }
2026:08:17-21:48:17:22245:[116] |CCL_INFO| stream: { type: gpu, in_order: 1, device: Intel(R) Data Center GPU Max 1550, device_family: family2 }
2026:08:17-21:48:17:22245:[116] |CCL_INFO| stream: { type: gpu, in_order: 1, device: Intel(R) Data Center GPU Max 1550, device_family: family2 }
2026:08:17-21:48:17:22246:[117] |CCL_INFO| stream: { type: gpu, in_order: 1, device: Intel(R) Data Center GPU Max 1550, device_family: family2 }
2026:08:17-21:48:17:22246:[117] |CCL_INFO| stream: { type: gpu, in_order: 1, device: Intel(R) Data Center GPU Max 1550, device_family: family2 }
2026:08:17-21:48:17:22247:[118] |CCL_INFO| stream: { type: gpu, in_order: 1, device: Intel(R) Data Center GPU Max 1550, device_family: family2 }
2026:08:17-21:48:17:22247:[118] |CCL_INFO| stream: { type: gpu, in_order: 1, device: Intel(R) Data Center GPU Max 1550, device_family: family2 }
2026:08:17-21:48:17:22248:[119] |CCL_INFO| stream: { type: gpu, in_order: 1, device: Intel(R) Data Center GPU Max 1550, device_family: family2 }
2026:08:17-21:48:17:22248:[119] |CCL_INFO| stream: { type: gpu, in_order: 1, device: Intel(R) Data Center GPU Max 1550, device_family: family2 }
2026:08:17-21:48:17:114532:[182] |CCL_INFO| stream: { type: gpu, in_order: 1, device: Intel(R) Data Center GPU Max 1550, device_family: family2 }
2026:08:17-21:48:17:114533:[183] |CCL_INFO| stream: { type: gpu, in_order: 1, device: Intel(R) Data Center GPU Max 1550, device_family: family2 }
2026:08:17-21:48:17:114533:[183] |CCL_INFO| stream: { type: gpu, in_order: 1, device: Intel(R) Data Center GPU Max 1550, device_family: family2 }
2026:08:17-21:48:17:114530:[180] |CCL_INFO| stream: { type: gpu, in_order: 1, device: Intel(R) Data Center GPU Max 1550, device_family: family2 }
2026:08:17-21:48:17:114530:[180] |CCL_INFO| stream: { type: gpu, in_order: 1, device: Intel(R) Data Center GPU Max 1550, device_family: family2 }
2026:08:17-21:48:17:114531:[181] |CCL_INFO| stream: { type: gpu, in_order: 1, device: Intel(R) Data Center GPU Max 1550, device_family: family2 }
2026:08:17-21:48:17:114531:[181] |CCL_INFO| stream: { type: gpu, in_order: 1, device: Intel(R) Data Center GPU Max 1550, device_family: family2 }
2026:08:17-21:48:17:114532:[182] |CCL_INFO| stream: { type: gpu, in_order: 1, device: Intel(R) Data Center GPU Max 1550, device_family: family2 }
2026:08:17-21:48:17:114534:[184] |CCL_INFO| stream: { type: gpu, in_order: 1, device: Intel(R) Data Center GPU Max 1550, device_family: family2 }
2026:08:17-21:48:17:114534:[184] |CCL_INFO| stream: { type: gpu, in_order: 1, device: Intel(R) Data Center GPU Max 1550, device_family: family2 }
2026:08:17-21:48:17:114535:[185] |CCL_INFO| stream: { type: gpu, in_order: 1, device: Intel(R) Data Center GPU Max 1550, device_family: family2 }
2026:08:17-21:48:17:114535:[185] |CCL_INFO| stream: { type: gpu, in_order: 1, device: Intel(R) Data Center GPU Max 1550, device_family: family2 }
2026:08:17-21:48:17:114536:[186] |CCL_INFO| stream: { type: gpu, in_order: 1, device: Intel(R) Data Center GPU Max 1550, device_family: family2 }
2026:08:17-21:48:17:114536:[186] |CCL_INFO| stream: { type: gpu, in_order: 1, device: Intel(R) Data Center GPU Max 1550, device_family: family2 }
2026:08:17-21:48:17:114537:[187] |CCL_INFO| stream: { type: gpu, in_order: 1, device: Intel(R) Data Center GPU Max 1550, device_family: family2 }
2026:08:17-21:48:17:114537:[187] |CCL_INFO| stream: { type: gpu, in_order: 1, device: Intel(R) Data Center GPU Max 1550, device_family: family2 }
2026:08:17-21:48:17:114538:[188] |CCL_INFO| stream: { type: gpu, in_order: 1, device: Intel(R) Data Center GPU Max 1550, device_family: family2 }
2026:08:17-21:48:17:114538:[188] |CCL_INFO| stream: { type: gpu, in_order: 1, device: Intel(R) Data Center GPU Max 1550, device_family: family2 }
2026:08:17-21:48:17:114539:[189] |CCL_INFO| stream: { type: gpu, in_order: 1, device: Intel(R) Data Center GPU Max 1550, device_family: family2 }
2026:08:17-21:48:17:114539:[189] |CCL_INFO| stream: { type: gpu, in_order: 1, device: Intel(R) Data Center GPU Max 1550, device_family: family2 }
2026:08:17-21:48:17:114540:[190] |CCL_INFO| stream: { type: gpu, in_order: 1, device: Intel(R) Data Center GPU Max 1550, device_family: family2 }
2026:08:17-21:48:17:114540:[190] |CCL_INFO| stream: { type: gpu, in_order: 1, device: Intel(R) Data Center GPU Max 1550, device_family: family2 }
2026:08:17-21:48:17:114541:[191] |CCL_INFO| stream: { type: gpu, in_order: 1, device: Intel(R) Data Center GPU Max 1550, device_family: family2 }
2026:08:17-21:48:17:114541:[191] |CCL_INFO| stream: { type: gpu, in_order: 1, device: Intel(R) Data Center GPU Max 1550, device_family: family2 }
2026:08:17-21:48:17:10386:[74] |CCL_INFO| stream: { type: gpu, in_order: 1, device: Intel(R) Data Center GPU Max 1550, device_family: family2 }
2026:08:17-21:48:17:10386:[74] |CCL_INFO| stream: { type: gpu, in_order: 1, device: Intel(R) Data Center GPU Max 1550, device_family: family2 }
2026:08:17-21:48:17:10387:[75] |CCL_INFO| stream: { type: gpu, in_order: 1, device: Intel(R) Data Center GPU Max 1550, device_family: family2 }
2026:08:17-21:48:17:10387:[75] |CCL_INFO| stream: { type: gpu, in_order: 1, device: Intel(R) Data Center GPU Max 1550, device_family: family2 }
2026:08:17-21:48:17:10394:[82] |CCL_INFO| stream: { type: gpu, in_order: 1, device: Intel(R) Data Center GPU Max 1550, device_family: family2 }
2026:08:17-21:48:17:10394:[82] |CCL_INFO| stream: { type: gpu, in_order: 1, device: Intel(R) Data Center GPU Max 1550, device_family: family2 }
2026:08:17-21:48:17:10384:[72] |CCL_INFO| stream: { type: gpu, in_order: 1, device: Intel(R) Data Center GPU Max 1550, device_family: family2 }
2026:08:17-21:48:17:10384:[72] |CCL_INFO| stream: { type: gpu, in_order: 1, device: Intel(R) Data Center GPU Max 1550, device_family: family2 }
2026:08:17-21:48:17:10385:[73] |CCL_INFO| stream: { type: gpu, in_order: 1, device: Intel(R) Data Center GPU Max 1550, device_family: family2 }
2026:08:17-21:48:17:10385:[73] |CCL_INFO| stream: { type: gpu, in_order: 1, device: Intel(R) Data Center GPU Max 1550, device_family: family2 }
2026:08:17-21:48:17:10388:[76] |CCL_INFO| stream: { type: gpu, in_order: 1, device: Intel(R) Data Center GPU Max 1550, device_family: family2 }
2026:08:17-21:48:17:10388:[76] |CCL_INFO| stream: { type: gpu, in_order: 1, device: Intel(R) Data Center GPU Max 1550, device_family: family2 }
2026:08:17-21:48:17:10389:[77] |CCL_INFO| stream: { type: gpu, in_order: 1, device: Intel(R) Data Center GPU Max 1550, device_family: family2 }
2026:08:17-21:48:17:10389:[77] |CCL_INFO| stream: { type: gpu, in_order: 1, device: Intel(R) Data Center GPU Max 1550, device_family: family2 }
2026:08:17-21:48:17:10390:[78] |CCL_INFO| stream: { type: gpu, in_order: 1, device: Intel(R) Data Center GPU Max 1550, device_family: family2 }
2026:08:17-21:48:17:10390:[78] |CCL_INFO| stream: { type: gpu, in_order: 1, device: Intel(R) Data Center GPU Max 1550, device_family: family2 }
2026:08:17-21:48:17:10391:[79] |CCL_INFO| stream: { type: gpu, in_order: 1, device: Intel(R) Data Center GPU Max 1550, device_family: family2 }
2026:08:17-21:48:17:10391:[79] |CCL_INFO| stream: { type: gpu, in_order: 1, device: Intel(R) Data Center GPU Max 1550, device_family: family2 }
2026:08:17-21:48:17:10392:[80] |CCL_INFO| stream: { type: gpu, in_order: 1, device: Intel(R) Data Center GPU Max 1550, device_family: family2 }
2026:08:17-21:48:17:10392:[80] |CCL_INFO| stream: { type: gpu, in_order: 1, device: Intel(R) Data Center GPU Max 1550, device_family: family2 }
2026:08:17-21:48:17:10393:[81] |CCL_INFO| stream: { type: gpu, in_order: 1, device: Intel(R) Data Center GPU Max 1550, device_family: family2 }
2026:08:17-21:48:17:10393:[81] |CCL_INFO| stream: { type: gpu, in_order: 1, device: Intel(R) Data Center GPU Max 1550, device_family: family2 }
2026:08:17-21:48:17:10395:[83] |CCL_INFO| stream: { type: gpu, in_order: 1, device: Intel(R) Data Center GPU Max 1550, device_family: family2 }
2026:08:17-21:48:17:10395:[83] |CCL_INFO| stream: { type: gpu, in_order: 1, device: Intel(R) Data Center GPU Max 1550, device_family: family2 }
2026-08-17 21:48:31,397 - _logger.py - IPEX - INFO - Currently split master weight for xpu only support sgd
2026-08-17 21:48:31,403 - _logger.py - IPEX - INFO - Currently split master weight for xpu only support sgd
2026-08-17 21:48:31,416 - _logger.py - IPEX - INFO - Currently split master weight for xpu only support sgd
2026-08-17 21:48:31,419 - _logger.py - IPEX - INFO - Currently split master weight for xpu only support sgd
2026-08-17 21:48:31,427 - _logger.py - IPEX - INFO - Currently split master weight for xpu only support sgd
2026-08-17 21:48:31,428 - _logger.py - IPEX - INFO - Currently split master weight for xpu only support sgd
2026-08-17 21:48:31,436 - _logger.py - IPEX - INFO - Currently split master weight for xpu only support sgd
2026-08-17 21:48:31,443 - _logger.py - IPEX - INFO - Currently split master weight for xpu only support sgd
2026-08-17 21:48:31,445 - _logger.py - IPEX - INFO - Currently split master weight for xpu only support sgd
2026-08-17 21:48:31,446 - _logger.py - IPEX - INFO - Currently split master weight for xpu only support sgd
2026-08-17 21:48:31,447 - _logger.py - IPEX - INFO - Currently split master weight for xpu only support sgd
2026-08-17 21:48:31,451 - _logger.py - IPEX - INFO - Currently split master weight for xpu only support sgd
2026-08-17 21:48:31,451 - _logger.py - IPEX - INFO - Currently split master weight for xpu only support sgd
2026-08-17 21:48:31,452 - _logger.py - IPEX - INFO - Currently split master weight for xpu only support sgd
2026-08-17 21:48:31,453 - _logger.py - IPEX - INFO - Currently split master weight for xpu only support sgd
2026-08-17 21:48:31,456 - _logger.py - IPEX - INFO - Currently split master weight for xpu only support sgd
2026-08-17 21:48:31,459 - _logger.py - IPEX - INFO - Currently split master weight for xpu only support sgd
2026-08-17 21:48:31,460 - _logger.py - IPEX - INFO - Currently split master weight for xpu only support sgd
2026-08-17 21:48:31,460 - _logger.py - IPEX - INFO - Currently split master weight for xpu only support sgd
2026-08-17 21:48:31,464 - _logger.py - IPEX - INFO - Currently split master weight for xpu only support sgd
2026-08-17 21:48:31,464 - _logger.py - IPEX - INFO - Currently split master weight for xpu only support sgd
2026-08-17 21:48:31,467 - _logger.py - IPEX - INFO - Currently split master weight for xpu only support sgd
2026-08-17 21:48:31,470 - _logger.py - IPEX - INFO - Currently split master weight for xpu only support sgd
2026-08-17 21:48:31,473 - _logger.py - IPEX - INFO - Currently split master weight for xpu only support sgd
2026-08-17 21:48:31,475 - _logger.py - IPEX - INFO - Currently split master weight for xpu only support sgd
2026-08-17 21:48:31,484 - _logger.py - IPEX - INFO - Currently split master weight for xpu only support sgd
2026-08-17 21:48:31,488 - _logger.py - IPEX - INFO - Currently split master weight for xpu only support sgd
2026-08-17 21:48:31,493 - _logger.py - IPEX - INFO - Currently split master weight for xpu only support sgd
2026-08-17 21:48:31,494 - _logger.py - IPEX - INFO - Currently split master weight for xpu only support sgd
2026-08-17 21:48:31,501 - _logger.py - IPEX - INFO - Currently split master weight for xpu only support sgd
2026-08-17 21:48:31,508 - _logger.py - IPEX - INFO - Currently split master weight for xpu only support sgd
2026-08-17 21:48:31,515 - _logger.py - IPEX - INFO - Currently split master weight for xpu only support sgd
2026-08-17 21:48:31,518 - _logger.py - IPEX - INFO - Currently split master weight for xpu only support sgd
2026-08-17 21:48:31,536 - _logger.py - IPEX - INFO - Currently split master weight for xpu only support sgd
2026-08-17 21:48:31,735 - _logger.py - IPEX - INFO - Currently split master weight for xpu only support sgd
2026-08-17 21:48:32,096 - _logger.py - IPEX - INFO - Currently split master weight for xpu only support sgd
2026-08-17 21:48:33,021 - _logger.py - IPEX - INFO - Currently split master weight for xpu only support sgd
2026-08-17 21:48:33,047 - _logger.py - IPEX - INFO - Currently split master weight for xpu only support sgd
2026-08-17 21:48:33,062 - _logger.py - IPEX - INFO - Currently split master weight for xpu only support sgd
2026-08-17 21:48:33,064 - _logger.py - IPEX - INFO - Currently split master weight for xpu only support sgd
2026-08-17 21:48:33,066 - _logger.py - IPEX - INFO - Currently split master weight for xpu only support sgd
2026-08-17 21:48:33,071 - _logger.py - IPEX - INFO - Currently split master weight for xpu only support sgd
2026-08-17 21:48:33,089 - _logger.py - IPEX - INFO - Currently split master weight for xpu only support sgd
2026-08-17 21:48:33,091 - _logger.py - IPEX - INFO - Currently split master weight for xpu only support sgd
2026-08-17 21:48:33,105 - _logger.py - IPEX - INFO - Currently split master weight for xpu only support sgd
2026-08-17 21:48:33,106 - _logger.py - IPEX - INFO - Currently split master weight for xpu only support sgd
2026-08-17 21:48:33,109 - _logger.py - IPEX - INFO - Currently split master weight for xpu only support sgd
2026-08-17 21:48:33,119 - _logger.py - IPEX - INFO - Currently split master weight for xpu only support sgd
2026-08-17 21:48:35,428 - _logger.py - IPEX - INFO - Currently split master weight for xpu only support sgd
2026-08-17 21:48:35,435 - _logger.py - IPEX - INFO - Currently split master weight for xpu only support sgd
2026-08-17 21:48:35,453 - _logger.py - IPEX - INFO - Currently split master weight for xpu only support sgd
2026-08-17 21:48:35,453 - _logger.py - IPEX - INFO - Currently split master weight for xpu only support sgd
2026-08-17 21:48:35,461 - _logger.py - IPEX - INFO - Currently split master weight for xpu only support sgd
2026-08-17 21:48:35,461 - _logger.py - IPEX - INFO - Currently split master weight for xpu only support sgd
2026-08-17 21:48:35,463 - _logger.py - IPEX - INFO - Currently split master weight for xpu only support sgd
2026-08-17 21:48:35,463 - _logger.py - IPEX - INFO - Currently split master weight for xpu only support sgd
2026-08-17 21:48:35,465 - _logger.py - IPEX - INFO - Currently split master weight for xpu only support sgd
2026-08-17 21:48:35,465 - _logger.py - IPEX - INFO - Currently split master weight for xpu only support sgd
2026-08-17 21:48:35,465 - _logger.py - IPEX - INFO - Currently split master weight for xpu only support sgd
2026-08-17 21:48:35,466 - _logger.py - IPEX - INFO - Currently split master weight for xpu only support sgd
2026-08-17 21:48:35,468 - _logger.py - IPEX - INFO - Currently split master weight for xpu only support sgd
2026-08-17 21:48:35,472 - _logger.py - IPEX - INFO - Currently split master weight for xpu only support sgd
2026-08-17 21:48:35,472 - _logger.py - IPEX - INFO - Currently split master weight for xpu only support sgd
2026-08-17 21:48:35,472 - _logger.py - IPEX - INFO - Currently split master weight for xpu only support sgd
2026-08-17 21:48:35,472 - _logger.py - IPEX - INFO - Currently split master weight for xpu only support sgd
2026-08-17 21:48:35,473 - _logger.py - IPEX - INFO - Currently split master weight for xpu only support sgd
2026-08-17 21:48:35,474 - _logger.py - IPEX - INFO - Currently split master weight for xpu only support sgd
2026-08-17 21:48:35,474 - _logger.py - IPEX - INFO - Currently split master weight for xpu only support sgd
2026-08-17 21:48:35,475 - _logger.py - IPEX - INFO - Currently split master weight for xpu only support sgd
2026-08-17 21:48:35,475 - _logger.py - IPEX - INFO - Currently split master weight for xpu only support sgd
2026-08-17 21:48:35,477 - _logger.py - IPEX - INFO - Currently split master weight for xpu only support sgd
2026-08-17 21:48:35,477 - _logger.py - IPEX - INFO - Currently split master weight for xpu only support sgd
2026-08-17 21:48:35,483 - _logger.py - IPEX - INFO - Currently split master weight for xpu only support sgd
2026-08-17 21:48:35,483 - _logger.py - IPEX - INFO - Currently split master weight for xpu only support sgd
2026-08-17 21:48:35,483 - _logger.py - IPEX - INFO - Currently split master weight for xpu only support sgd
2026-08-17 21:48:35,486 - _logger.py - IPEX - INFO - Currently split master weight for xpu only support sgd
2026-08-17 21:48:35,485 - _logger.py - IPEX - INFO - Currently split master weight for xpu only support sgd
2026-08-17 21:48:35,488 - _logger.py - IPEX - INFO - Currently split master weight for xpu only support sgd
2026-08-17 21:48:35,488 - _logger.py - IPEX - INFO - Currently split master weight for xpu only support sgd
2026-08-17 21:48:35,491 - _logger.py - IPEX - INFO - Currently split master weight for xpu only support sgd
2026-08-17 21:48:35,491 - _logger.py - IPEX - INFO - Currently split master weight for xpu only support sgd
2026-08-17 21:48:35,493 - _logger.py - IPEX - INFO - Currently split master weight for xpu only support sgd
2026-08-17 21:48:35,495 - _logger.py - IPEX - INFO - Currently split master weight for xpu only support sgd
2026-08-17 21:48:35,497 - _logger.py - IPEX - INFO - Currently split master weight for xpu only support sgd
2026-08-17 21:48:35,498 - _logger.py - IPEX - INFO - Currently split master weight for xpu only support sgd
2026-08-17 21:48:35,497 - _logger.py - IPEX - INFO - Currently split master weight for xpu only support sgd
2026-08-17 21:48:35,502 - _logger.py - IPEX - INFO - Currently split master weight for xpu only support sgd
2026-08-17 21:48:35,504 - _logger.py - IPEX - INFO - Currently split master weight for xpu only support sgd
2026-08-17 21:48:35,504 - _logger.py - IPEX - INFO - Currently split master weight for xpu only support sgd
2026-08-17 21:48:35,504 - _logger.py - IPEX - INFO - Currently split master weight for xpu only support sgd
2026-08-17 21:48:35,506 - _logger.py - IPEX - INFO - Currently split master weight for xpu only support sgd
2026-08-17 21:48:35,507 - _logger.py - IPEX - INFO - Currently split master weight for xpu only support sgd
2026-08-17 21:48:35,507 - _logger.py - IPEX - INFO - Currently split master weight for xpu only support sgd
2026-08-17 21:48:35,509 - _logger.py - IPEX - INFO - Currently split master weight for xpu only support sgd
2026-08-17 21:48:35,509 - _logger.py - IPEX - INFO - Currently split master weight for xpu only support sgd
2026-08-17 21:48:35,511 - _logger.py - IPEX - INFO - Currently split master weight for xpu only support sgd
2026-08-17 21:48:35,510 - _logger.py - IPEX - INFO - Currently split master weight for xpu only support sgd
2026-08-17 21:48:35,512 - _logger.py - IPEX - INFO - Currently split master weight for xpu only support sgd
2026-08-17 21:48:35,512 - _logger.py - IPEX - INFO - Currently split master weight for xpu only support sgd
2026-08-17 21:48:35,513 - _logger.py - IPEX - INFO - Currently split master weight for xpu only support sgd
2026-08-17 21:48:35,513 - _logger.py - IPEX - INFO - Currently split master weight for xpu only support sgd
2026-08-17 21:48:35,512 - _logger.py - IPEX - INFO - Currently split master weight for xpu only support sgd
2026-08-17 21:48:35,513 - _logger.py - IPEX - INFO - Currently split master weight for xpu only support sgd
2026-08-17 21:48:35,514 - _logger.py - IPEX - INFO - Currently split master weight for xpu only support sgd
2026-08-17 21:48:35,515 - _logger.py - IPEX - INFO - Currently split master weight for xpu only support sgd
2026-08-17 21:48:35,516 - _logger.py - IPEX - INFO - Currently split master weight for xpu only support sgd
2026-08-17 21:48:35,516 - _logger.py - IPEX - INFO - Currently split master weight for xpu only support sgd
2026-08-17 21:48:35,515 - _logger.py - IPEX - INFO - Currently split master weight for xpu only support sgd
2026-08-17 21:48:35,516 - _logger.py - IPEX - INFO - Currently split master weight for xpu only support sgd
2026-08-17 21:48:35,516 - _logger.py - IPEX - INFO - Currently split master weight for xpu only support sgd
2026-08-17 21:48:35,516 - _logger.py - IPEX - INFO - Currently split master weight for xpu only support sgd
2026-08-17 21:48:35,517 - _logger.py - IPEX - INFO - Currently split master weight for xpu only support sgd
2026-08-17 21:48:35,518 - _logger.py - IPEX - INFO - Currently split master weight for xpu only support sgd
2026-08-17 21:48:35,518 - _logger.py - IPEX - INFO - Currently split master weight for xpu only support sgd
2026-08-17 21:48:35,518 - _logger.py - IPEX - INFO - Currently split master weight for xpu only support sgd
2026-08-17 21:48:35,520 - _logger.py - IPEX - INFO - Currently split master weight for xpu only support sgd
2026-08-17 21:48:35,520 - _logger.py - IPEX - INFO - Currently split master weight for xpu only support sgd
2026-08-17 21:48:35,521 - _logger.py - IPEX - INFO - Currently split master weight for xpu only support sgd
2026-08-17 21:48:35,521 - _logger.py - IPEX - INFO - Currently split master weight for xpu only support sgd
2026-08-17 21:48:35,521 - _logger.py - IPEX - INFO - Currently split master weight for xpu only support sgd
2026-08-17 21:48:35,521 - _logger.py - IPEX - INFO - Currently split master weight for xpu only support sgd
[train] swissprot=451436 unannotated=96182888 mixed=128243851 text=cache tok_budget=32768 batches/epoch/rank=6210
[train] buckets: L128:B256(64L+192U)x91870  L256:B128(32L+96U)x339907  L384:B85(21L+64U)x426354  L512:B64(16L+48U)x334294
2026-08-17 21:48:35,522 - _logger.py - IPEX - INFO - Currently split master weight for xpu only support sgd
2026-08-17 21:48:35,523 - _logger.py - IPEX - INFO - Currently split master weight for xpu only support sgd
2026-08-17 21:48:35,523 - _logger.py - IPEX - INFO - Currently split master weight for xpu only support sgd
2026-08-17 21:48:35,524 - _logger.py - IPEX - INFO - Currently split master weight for xpu only support sgd
2026-08-17 21:48:35,525 - _logger.py - IPEX - INFO - Currently split master weight for xpu only support sgd
2026-08-17 21:48:35,525 - _logger.py - IPEX - INFO - Currently split master weight for xpu only support sgd
2026-08-17 21:48:35,525 - _logger.py - IPEX - INFO - Currently split master weight for xpu only support sgd
2026-08-17 21:48:35,528 - _logger.py - IPEX - INFO - Currently split master weight for xpu only support sgd
2026-08-17 21:48:35,526 - _logger.py - IPEX - INFO - Currently split master weight for xpu only support sgd
2026-08-17 21:48:35,526 - _logger.py - IPEX - INFO - Currently split master weight for xpu only support sgd
2026-08-17 21:48:35,527 - _logger.py - IPEX - INFO - Currently split master weight for xpu only support sgd
2026-08-17 21:48:35,527 - _logger.py - IPEX - INFO - Currently split master weight for xpu only support sgd
2026-08-17 21:48:35,529 - _logger.py - IPEX - INFO - Currently split master weight for xpu only support sgd
2026-08-17 21:48:35,531 - _logger.py - IPEX - INFO - Currently split master weight for xpu only support sgd
2026-08-17 21:48:35,531 - _logger.py - IPEX - INFO - Currently split master weight for xpu only support sgd
2026-08-17 21:48:35,531 - _logger.py - IPEX - INFO - Currently split master weight for xpu only support sgd
2026-08-17 21:48:35,534 - _logger.py - IPEX - INFO - Currently split master weight for xpu only support sgd
2026-08-17 21:48:35,536 - _logger.py - IPEX - INFO - Currently split master weight for xpu only support sgd
2026-08-17 21:48:35,538 - _logger.py - IPEX - INFO - Currently split master weight for xpu only support sgd
2026-08-17 21:48:35,537 - _logger.py - IPEX - INFO - Currently split master weight for xpu only support sgd
2026-08-17 21:48:35,538 - _logger.py - IPEX - INFO - Currently split master weight for xpu only support sgd
2026-08-17 21:48:35,539 - _logger.py - IPEX - INFO - Currently split master weight for xpu only support sgd
2026-08-17 21:48:35,540 - _logger.py - IPEX - INFO - Currently split master weight for xpu only support sgd
2026-08-17 21:48:35,540 - _logger.py - IPEX - INFO - Currently split master weight for xpu only support sgd
2026-08-17 21:48:35,540 - _logger.py - IPEX - INFO - Currently split master weight for xpu only support sgd
2026-08-17 21:48:35,541 - _logger.py - IPEX - INFO - Currently split master weight for xpu only support sgd
2026-08-17 21:48:35,542 - _logger.py - IPEX - INFO - Currently split master weight for xpu only support sgd
2026-08-17 21:48:35,542 - _logger.py - IPEX - INFO - Currently split master weight for xpu only support sgd
2026-08-17 21:48:35,543 - _logger.py - IPEX - INFO - Currently split master weight for xpu only support sgd
2026-08-17 21:48:35,544 - _logger.py - IPEX - INFO - Currently split master weight for xpu only support sgd
2026-08-17 21:48:35,548 - _logger.py - IPEX - INFO - Currently split master weight for xpu only support sgd
2026-08-17 21:48:35,548 - _logger.py - IPEX - INFO - Currently split master weight for xpu only support sgd
2026-08-17 21:48:35,550 - _logger.py - IPEX - INFO - Currently split master weight for xpu only support sgd
2026-08-17 21:48:35,549 - _logger.py - IPEX - INFO - Currently split master weight for xpu only support sgd
2026-08-17 21:48:35,550 - _logger.py - IPEX - INFO - Currently split master weight for xpu only support sgd
2026-08-17 21:48:35,550 - _logger.py - IPEX - INFO - Currently split master weight for xpu only support sgd
2026-08-17 21:48:35,550 - _logger.py - IPEX - INFO - Currently split master weight for xpu only support sgd
2026-08-17 21:48:35,551 - _logger.py - IPEX - INFO - Currently split master weight for xpu only support sgd
2026-08-17 21:48:35,552 - _logger.py - IPEX - INFO - Currently split master weight for xpu only support sgd
2026-08-17 21:48:35,553 - _logger.py - IPEX - INFO - Currently split master weight for xpu only support sgd
2026-08-17 21:48:35,554 - _logger.py - IPEX - INFO - Currently split master weight for xpu only support sgd
2026-08-17 21:48:35,555 - _logger.py - IPEX - INFO - Currently split master weight for xpu only support sgd
2026-08-17 21:48:35,555 - _logger.py - IPEX - INFO - Currently split master weight for xpu only support sgd
2026-08-17 21:48:35,556 - _logger.py - IPEX - INFO - Currently split master weight for xpu only support sgd
2026-08-17 21:48:35,556 - _logger.py - IPEX - INFO - Currently split master weight for xpu only support sgd
2026-08-17 21:48:35,560 - _logger.py - IPEX - INFO - Currently split master weight for xpu only support sgd
2026-08-17 21:48:35,559 - _logger.py - IPEX - INFO - Currently split master weight for xpu only support sgd
2026-08-17 21:48:35,562 - _logger.py - IPEX - INFO - Currently split master weight for xpu only support sgd
2026-08-17 21:48:35,562 - _logger.py - IPEX - INFO - Currently split master weight for xpu only support sgd
2026-08-17 21:48:35,563 - _logger.py - IPEX - INFO - Currently split master weight for xpu only support sgd
[train] ipex.optimize ON (device=xpu, requested=True, ipex=available)
2026-08-17 21:48:35,565 - _logger.py - IPEX - INFO - Currently split master weight for xpu only support sgd
2026-08-17 21:48:35,567 - _logger.py - IPEX - INFO - Currently split master weight for xpu only support sgd
2026-08-17 21:48:35,567 - _logger.py - IPEX - INFO - Currently split master weight for xpu only support sgd
2026-08-17 21:48:35,567 - _logger.py - IPEX - INFO - Currently split master weight for xpu only support sgd
2026-08-17 21:48:35,568 - _logger.py - IPEX - INFO - Currently split master weight for xpu only support sgd
2026-08-17 21:48:35,570 - _logger.py - IPEX - INFO - Currently split master weight for xpu only support sgd
2026-08-17 21:48:35,572 - _logger.py - IPEX - INFO - Currently split master weight for xpu only support sgd
2026-08-17 21:48:35,574 - _logger.py - IPEX - INFO - Currently split master weight for xpu only support sgd
2026-08-17 21:48:35,574 - _logger.py - IPEX - INFO - Currently split master weight for xpu only support sgd
2026-08-17 21:48:35,576 - _logger.py - IPEX - INFO - Currently split master weight for xpu only support sgd
2026-08-17 21:48:35,584 - _logger.py - IPEX - INFO - Currently split master weight for xpu only support sgd
2026-08-17 21:48:35,583 - _logger.py - IPEX - INFO - Currently split master weight for xpu only support sgd
2026-08-17 21:48:35,584 - _logger.py - IPEX - INFO - Currently split master weight for xpu only support sgd
2026-08-17 21:48:35,585 - _logger.py - IPEX - INFO - Currently split master weight for xpu only support sgd
2026-08-17 21:48:35,585 - _logger.py - IPEX - INFO - Currently split master weight for xpu only support sgd
2026-08-17 21:48:35,587 - _logger.py - IPEX - INFO - Currently split master weight for xpu only support sgd
2026-08-17 21:48:35,588 - _logger.py - IPEX - INFO - Currently split master weight for xpu only support sgd
2026-08-17 21:48:35,589 - _logger.py - IPEX - INFO - Currently split master weight for xpu only support sgd
2026-08-17 21:48:35,596 - _logger.py - IPEX - INFO - Currently split master weight for xpu only support sgd
2026-08-17 21:48:35,598 - _logger.py - IPEX - INFO - Currently split master weight for xpu only support sgd
2026-08-17 21:48:35,601 - _logger.py - IPEX - INFO - Currently split master weight for xpu only support sgd
[ckpt] resumed from /flare/NLDesignProtein/bryan/Diffusion-dev-space/runs/gc_ladder.8762688.aurora-pbs-0001.hostmgmt.cm.aurora.alcf.anl.gov/ckpt/ckpt_00019000.pt: continuing at step 19001
[train] all-reduce buffer preallocated: 219MB fp32
[ckpt] saved /flare/NLDesignProtein/bryan/Diffusion-dev-space/runs/gc_ladder.8762688.aurora-pbs-0001.hostmgmt.cm.aurora.alcf.anl.gov/ckpt/ckpt_00019001.pt
[train] done at step 19002
2026:08:17-21:49:10:63795:[0] |CCL_INFO| finalize atl-mpi
2026:08:17-21:49:10:63795:[0] |CCL_INFO| finalized atl-mpi
2026:08:17-21:49:12:97353:[143] |CCL_INFO| finalizing level-zero
2026:08:17-21:49:12:97353:[143] |CCL_INFO| finalized level-zero
2026:08:17-21:49:12:62822:[13] |CCL_INFO| finalizing level-zero
2026:08:17-21:49:12:119104:[71] |CCL_INFO| finalizing level-zero
2026:08:17-21:49:12:62822:[13] |CCL_INFO| finalized level-zero
2026:08:17-21:49:12:118532:[58] |CCL_INFO| finalizing level-zero
2026:08:17-21:49:12:119104:[71] |CCL_INFO| finalized level-zero
2026:08:17-21:49:12:119101:[68] |CCL_INFO| finalizing level-zero
2026:08:17-21:49:12:119103:[70] |CCL_INFO| finalizing level-zero
2026:08:17-21:49:12:119102:[69] |CCL_INFO| finalizing level-zero
2026:08:17-21:49:12:118530:[56] |CCL_INFO| finalizing level-zero
2026:08:17-21:49:12:119100:[67] |CCL_INFO| finalizing level-zero
2026:08:17-21:49:12:118532:[58] |CCL_INFO| finalized level-zero
2026:08:17-21:49:12:153723:[35] |CCL_INFO| finalizing level-zero
2026:08:17-21:49:12:153720:[32] |CCL_INFO| finalizing level-zero
2026:08:17-21:49:12:153721:[33] |CCL_INFO| finalizing level-zero
2026:08:17-21:49:12:119101:[68] |CCL_INFO| finalized level-zero
2026:08:17-21:49:12:119103:[70] |CCL_INFO| finalized level-zero
2026:08:17-21:49:12:119102:[69] |CCL_INFO| finalized level-zero
2026:08:17-21:49:12:118529:[55] |CCL_INFO| finalizing level-zero
2026:08:17-21:49:12:180202:[94] |CCL_INFO| finalizing level-zero
2026:08:17-21:49:12:118530:[56] |CCL_INFO| finalized level-zero
2026:08:17-21:49:12:118533:[59] |CCL_INFO| finalizing level-zero
2026:08:17-21:49:12:119100:[67] |CCL_INFO| finalized level-zero
2026:08:17-21:49:12:153719:[31] |CCL_INFO| finalizing level-zero
2026:08:17-21:49:12:10394:[82] |CCL_INFO| finalizing level-zero
2026:08:17-21:49:12:153723:[35] |CCL_INFO| finalized level-zero
2026:08:17-21:49:12:153720:[32] |CCL_INFO| finalized level-zero
2026:08:17-21:49:12:153721:[33] |CCL_INFO| finalized level-zero
2026:08:17-21:49:12:11116:[163] |CCL_INFO| finalizing level-zero
2026:08:17-21:49:12:180202:[94] |CCL_INFO| finalized level-zero
2026:08:17-21:49:12:11117:[164] |CCL_INFO| finalizing level-zero
2026:08:17-21:49:12:118529:[55] |CCL_INFO| finalized level-zero
2026:08:17-21:49:12:10393:[81] |CCL_INFO| finalizing level-zero
2026:08:17-21:49:12:118533:[59] |CCL_INFO| finalized level-zero
2026:08:17-21:49:12:153719:[31] |CCL_INFO| finalized level-zero
2026:08:17-21:49:12:10394:[82] |CCL_INFO| finalized level-zero
2026:08:17-21:49:12:203055:[106] |CCL_INFO| finalizing level-zero
2026:08:17-21:49:12:203054:[105] |CCL_INFO| finalizing level-zero
2026:08:17-21:49:12:11116:[163] |CCL_INFO| finalized level-zero
2026:08:17-21:49:12:11117:[164] |CCL_INFO| finalized level-zero
2026:08:17-21:49:12:10392:[80] |CCL_INFO| finalizing level-zero
2026:08:17-21:49:12:10391:[79] |CCL_INFO| finalizing level-zero
2026:08:17-21:49:12:22245:[116] |CCL_INFO| finalizing level-zero
2026:08:17-21:49:12:10393:[81] |CCL_INFO| finalized level-zero
2026:08:17-21:49:12:203055:[106] |CCL_INFO| finalized level-zero
2026:08:17-21:49:12:203054:[105] |CCL_INFO| finalized level-zero
2026:08:17-21:49:12:36032:[47] |CCL_INFO| finalizing level-zero
2026:08:17-21:49:12:114539:[189] |CCL_INFO| finalizing level-zero
2026:08:17-21:49:12:36029:[44] |CCL_INFO| finalizing level-zero
2026:08:17-21:49:12:22246:[117] |CCL_INFO| finalizing level-zero
2026:08:17-21:49:12:10392:[80] |CCL_INFO| finalized level-zero
2026:08:17-21:49:12:22245:[116] |CCL_INFO| finalized level-zero
2026:08:17-21:49:12:10391:[79] |CCL_INFO| finalized level-zero
2026:08:17-21:49:12:36032:[47] |CCL_INFO| finalized level-zero
2026:08:17-21:49:12:114540:[190] |CCL_INFO| finalizing level-zero
2026:08:17-21:49:12:62830:[21] |CCL_INFO| finalizing level-zero
2026:08:17-21:49:12:114539:[189] |CCL_INFO| finalized level-zero
2026:08:17-21:49:12:36029:[44] |CCL_INFO| finalized level-zero
2026:08:17-21:49:12:22246:[117] |CCL_INFO| finalized level-zero
2026:08:17-21:49:12:114541:[191] |CCL_INFO| finalizing level-zero
2026:08:17-21:49:12:114540:[190] |CCL_INFO| finalized level-zero
2026:08:17-21:49:12:11119:[166] |CCL_INFO| finalizing level-zero
2026:08:17-21:49:12:62830:[21] |CCL_INFO| finalized level-zero
2026:08:17-21:49:12:62828:[19] |CCL_INFO| finalizing level-zero
2026:08:17-21:49:12:153722:[34] |CCL_INFO| finalizing level-zero
2026:08:17-21:49:12:180200:[92] |CCL_INFO| finalizing level-zero
2026:08:17-21:49:12:114541:[191] |CCL_INFO| finalized level-zero
2026:08:17-21:49:12:11119:[166] |CCL_INFO| finalized level-zero
2026:08:17-21:49:12:118531:[57] |CCL_INFO| finalizing level-zero
2026:08:17-21:49:12:11120:[167] |CCL_INFO| finalizing level-zero
2026:08:17-21:49:12:180199:[91] |CCL_INFO| finalizing level-zero
2026:08:17-21:49:12:62828:[19] |CCL_INFO| finalized level-zero
2026:08:17-21:49:12:203052:[103] |CCL_INFO| finalizing level-zero
2026:08:17-21:49:12:153722:[34] |CCL_INFO| finalized level-zero
2026:08:17-21:49:12:203053:[104] |CCL_INFO| finalizing level-zero
2026:08:17-21:49:12:114537:[187] |CCL_INFO| finalizing level-zero
2026:08:17-21:49:12:180200:[92] |CCL_INFO| finalized level-zero
2026:08:17-21:49:12:118531:[57] |CCL_INFO| finalized level-zero
2026:08:17-21:49:12:180203:[95] |CCL_INFO| finalizing level-zero
2026:08:17-21:49:12:11120:[167] |CCL_INFO| finalized level-zero
2026:08:17-21:49:12:180199:[91] |CCL_INFO| finalized level-zero
2026:08:17-21:49:12:180201:[93] |CCL_INFO| finalizing level-zero
2026:08:17-21:49:12:203053:[104] |CCL_INFO| finalized level-zero
2026:08:17-21:49:12:203052:[103] |CCL_INFO| finalized level-zero
2026:08:17-21:49:12:11118:[165] |CCL_INFO| finalizing level-zero
2026:08:17-21:49:12:114537:[187] |CCL_INFO| finalized level-zero
2026:08:17-21:49:12:180203:[95] |CCL_INFO| finalized level-zero
2026:08:17-21:49:12:10395:[83] |CCL_INFO| finalizing level-zero
2026:08:17-21:49:12:180201:[93] |CCL_INFO| finalized level-zero
2026:08:17-21:49:12:97351:[141] |CCL_INFO| finalizing level-zero
2026:08:17-21:49:12:97350:[140] |CCL_INFO| finalizing level-zero
2026:08:17-21:49:12:11118:[165] |CCL_INFO| finalized level-zero
2026:08:17-21:49:12:97352:[142] |CCL_INFO| finalizing level-zero
2026:08:17-21:49:12:22248:[119] |CCL_INFO| finalizing level-zero
2026:08:17-21:49:12:22247:[118] |CCL_INFO| finalizing level-zero
2026:08:17-21:49:12:36028:[43] |CCL_INFO| finalizing level-zero
2026:08:17-21:49:12:10395:[83] |CCL_INFO| finalized level-zero
2026:08:17-21:49:12:97351:[141] |CCL_INFO| finalized level-zero
2026:08:17-21:49:12:203056:[107] |CCL_INFO| finalizing level-zero
2026:08:17-21:49:12:62831:[22] |CCL_INFO| finalizing level-zero
2026:08:17-21:49:12:97350:[140] |CCL_INFO| finalized level-zero
2026:08:17-21:49:12:97352:[142] |CCL_INFO| finalized level-zero
2026:08:17-21:49:12:22248:[119] |CCL_INFO| finalized level-zero
2026:08:17-21:49:12:62829:[20] |CCL_INFO| finalizing level-zero
2026:08:17-21:49:12:22244:[115] |CCL_INFO| finalizing level-zero
2026:08:17-21:49:12:36030:[45] |CCL_INFO| finalizing level-zero
2026:08:17-21:49:12:97349:[139] |CCL_INFO| finalizing level-zero
2026:08:17-21:49:12:22247:[118] |CCL_INFO| finalized level-zero
2026:08:17-21:49:12:36028:[43] |CCL_INFO| finalized level-zero
2026:08:17-21:49:12:62831:[22] |CCL_INFO| finalized level-zero
2026:08:17-21:49:12:203056:[107] |CCL_INFO| finalized level-zero
2026:08:17-21:49:12:36031:[46] |CCL_INFO| finalizing level-zero
2026:08:17-21:49:12:114538:[188] |CCL_INFO| finalizing level-zero
2026:08:17-21:49:12:63804:[9] |CCL_INFO| finalizing level-zero
2026:08:17-21:49:12:62829:[20] |CCL_INFO| finalized level-zero
2026:08:17-21:49:12:22244:[115] |CCL_INFO| finalized level-zero
2026:08:17-21:49:12:36030:[45] |CCL_INFO| finalized level-zero
2026:08:17-21:49:12:153713:[25] |CCL_INFO| finalizing level-zero
2026:08:17-21:49:12:97349:[139] |CCL_INFO| finalized level-zero
2026:08:17-21:49:12:97644:[176] |CCL_INFO| finalizing level-zero
2026:08:17-21:49:12: 8251:[127] |CCL_INFO| finalizing level-zero
2026:08:17-21:49:12:63806:[11] |CCL_INFO| finalizing level-zero
2026:08:17-21:49:12:114538:[188] |CCL_INFO| finalized level-zero
2026:08:17-21:49:12:36031:[46] |CCL_INFO| finalized level-zero
2026:08:17-21:49:12:50423:[155] |CCL_INFO| finalizing level-zero
2026:08:17-21:49:12:63804:[9] |CCL_INFO| finalized level-zero
2026:08:17-21:49:12:50420:[152] |CCL_INFO| finalizing level-zero
2026:08:17-21:49:12:153713:[25] |CCL_INFO| finalized level-zero
2026:08:17-21:49:12:62832:[23] |CCL_INFO| finalizing level-zero
2026:08:17-21:49:12:97644:[176] |CCL_INFO| finalized level-zero
2026:08:17-21:49:12:50418:[150] |CCL_INFO| finalizing level-zero
2026:08:17-21:49:12:97646:[178] |CCL_INFO| finalizing level-zero
2026:08:17-21:49:12:50423:[155] |CCL_INFO| finalized level-zero
2026:08:17-21:49:12: 8251:[127] |CCL_INFO| finalized level-zero
2026:08:17-21:49:12:63806:[11] |CCL_INFO| finalized level-zero
2026:08:17-21:49:12:50420:[152] |CCL_INFO| finalized level-zero
2026:08:17-21:49:12: 8254:[130] |CCL_INFO| finalizing level-zero
2026:08:17-21:49:12:62832:[23] |CCL_INFO| finalized level-zero
2026:08:17-21:49:12:118524:[50] |CCL_INFO| finalizing level-zero
2026:08:17-21:49:12:50421:[153] |CCL_INFO| finalizing level-zero
2026:08:17-21:49:12:97646:[178] |CCL_INFO| finalized level-zero
2026:08:17-21:49:12:50418:[150] |CCL_INFO| finalized level-zero
2026:08:17-21:49:12: 8252:[128] |CCL_INFO| finalizing level-zero
2026:08:17-21:49:12:50419:[151] |CCL_INFO| finalizing level-zero
2026:08:17-21:49:12:119097:[64] |CCL_INFO| finalizing level-zero
2026:08:17-21:49:12: 8254:[130] |CCL_INFO| finalized level-zero
2026:08:17-21:49:12:118524:[50] |CCL_INFO| finalized level-zero
2026:08:17-21:49:12:50421:[153] |CCL_INFO| finalized level-zero
2026:08:17-21:49:12: 8255:[131] |CCL_INFO| finalizing level-zero
2026:08:17-21:49:12: 8252:[128] |CCL_INFO| finalized level-zero
2026:08:17-21:49:12: 8253:[129] |CCL_INFO| finalizing level-zero
2026:08:17-21:49:12:63803:[8] |CCL_INFO| finalizing level-zero
2026:08:17-21:49:12:119097:[64] |CCL_INFO| finalized level-zero
2026:08:17-21:49:12:50419:[151] |CCL_INFO| finalized level-zero
2026:08:17-21:49:12:153715:[27] |CCL_INFO| finalizing level-zero
2026:08:17-21:49:12: 8255:[131] |CCL_INFO| finalized level-zero
2026:08:17-21:49:12:63797:[2] |CCL_INFO| finalizing level-zero
2026:08:17-21:49:12: 8253:[129] |CCL_INFO| finalized level-zero
2026:08:17-21:49:12:63803:[8] |CCL_INFO| finalized level-zero
2026:08:17-21:49:12:153716:[28] |CCL_INFO| finalizing level-zero
2026:08:17-21:49:12:63805:[10] |CCL_INFO| finalizing level-zero
2026:08:17-21:49:12:97647:[179] |CCL_INFO| finalizing level-zero
2026:08:17-21:49:12:153715:[27] |CCL_INFO| finalized level-zero
2026:08:17-21:49:12:119098:[65] |CCL_INFO| finalizing level-zero
2026:08:17-21:49:12:63797:[2] |CCL_INFO| finalized level-zero
2026:08:17-21:49:12:153716:[28] |CCL_INFO| finalized level-zero
2026:08:17-21:49:12:63801:[6] |CCL_INFO| finalizing level-zero
2026:08:17-21:49:12:63805:[10] |CCL_INFO| finalized level-zero
2026:08:17-21:49:12:97647:[179] |CCL_INFO| finalized level-zero
2026:08:17-21:49:12:119098:[65] |CCL_INFO| finalized level-zero
2026:08:17-21:49:12:118526:[52] |CCL_INFO| finalizing level-zero
2026:08:17-21:49:12:11112:[159] |CCL_INFO| finalizing level-zero
2026:08:17-21:49:12:119095:[62] |CCL_INFO| finalizing level-zero
2026:08:17-21:49:12:119094:[61] |CCL_INFO| finalizing level-zero
2026:08:17-21:49:12:63801:[6] |CCL_INFO| finalized level-zero
2026:08:17-21:49:12:63799:[4] |CCL_INFO| finalizing level-zero
2026:08:17-21:49:12:63798:[3] |CCL_INFO| finalizing level-zero
2026:08:17-21:49:12:63796:[1] |CCL_INFO| finalizing level-zero
2026:08:17-21:49:12:10389:[77] |CCL_INFO| finalizing level-zero
2026:08:17-21:49:12:180193:[85] |CCL_INFO| finalizing level-zero
2026:08:17-21:49:12:118527:[53] |CCL_INFO| finalizing level-zero
2026:08:17-21:49:12:11112:[159] |CCL_INFO| finalized level-zero
2026:08:17-21:49:12:118526:[52] |CCL_INFO| finalized level-zero
2026:08:17-21:49:12:50422:[154] |CCL_INFO| finalizing level-zero
2026:08:17-21:49:12:118522:[48] |CCL_INFO| finalizing level-zero
2026:08:17-21:49:12:119095:[62] |CCL_INFO| finalized level-zero
2026:08:17-21:49:12:63802:[7] |CCL_INFO| finalizing level-zero
2026:08:17-21:49:12:119094:[61] |CCL_INFO| finalized level-zero
2026:08:17-21:49:12:97343:[133] |CCL_INFO| finalizing level-zero
2026:08:17-21:49:12:63799:[4] |CCL_INFO| finalized level-zero
2026:08:17-21:49:12: 8245:[121] |CCL_INFO| finalizing level-zero
2026:08:17-21:49:12:203046:[97] |CCL_INFO| finalizing level-zero
2026:08:17-21:49:12:180193:[85] |CCL_INFO| finalized level-zero
2026:08:17-21:49:12:63796:[1] |CCL_INFO| finalized level-zero
2026:08:17-21:49:12:63798:[3] |CCL_INFO| finalized level-zero
2026:08:17-21:49:12:10389:[77] |CCL_INFO| finalized level-zero
2026:08:17-21:49:12:118527:[53] |CCL_INFO| finalized level-zero
2026:08:17-21:49:12:50422:[154] |CCL_INFO| finalized level-zero
2026:08:17-21:49:12:118522:[48] |CCL_INFO| finalized level-zero
2026:08:17-21:49:12:63802:[7] |CCL_INFO| finalized level-zero
2026:08:17-21:49:12:97343:[133] |CCL_INFO| finalized level-zero
2026:08:17-21:49:12:153714:[26] |CCL_INFO| finalizing level-zero
2026:08:17-21:49:12: 8245:[121] |CCL_INFO| finalized level-zero
2026:08:17-21:49:12:50413:[145] |CCL_INFO| finalizing level-zero
2026:08:17-21:49:12:203046:[97] |CCL_INFO| finalized level-zero
2026:08:17-21:49:12: 8250:[126] |CCL_INFO| finalizing level-zero
2026:08:17-21:49:12:22238:[109] |CCL_INFO| finalizing level-zero
2026:08:17-21:49:12:97645:[177] |CCL_INFO| finalizing level-zero
2026:08:17-21:49:12:97347:[137] |CCL_INFO| finalizing level-zero
2026:08:17-21:49:12:203048:[99] |CCL_INFO| finalizing level-zero
2026:08:17-21:49:12:10387:[75] |CCL_INFO| finalizing level-zero
2026:08:17-21:49:12:97345:[135] |CCL_INFO| finalizing level-zero
2026:08:17-21:49:12:97344:[134] |CCL_INFO| finalizing level-zero
2026:08:17-21:49:12:153714:[26] |CCL_INFO| finalized level-zero
2026:08:17-21:49:12:50413:[145] |CCL_INFO| finalized level-zero
2026:08:17-21:49:12: 8249:[125] |CCL_INFO| finalizing level-zero
2026:08:17-21:49:12: 8248:[124] |CCL_INFO| finalizing level-zero
2026:08:17-21:49:12:153717:[29] |CCL_INFO| finalizing level-zero
2026:08:17-21:49:12:22238:[109] |CCL_INFO| finalized level-zero
2026:08:17-21:49:12: 8250:[126] |CCL_INFO| finalized level-zero
2026:08:17-21:49:12:119093:[60] |CCL_INFO| finalizing level-zero
2026:08:17-21:49:12:97645:[177] |CCL_INFO| finalized level-zero
2026:08:17-21:49:12:180195:[87] |CCL_INFO| finalizing level-zero
2026:08:17-21:49:12:114531:[181] |CCL_INFO| finalizing level-zero
2026:08:17-21:49:12:203048:[99] |CCL_INFO| finalized level-zero
2026:08:17-21:49:12:10387:[75] |CCL_INFO| finalized level-zero
2026:08:17-21:49:12:97347:[137] |CCL_INFO| finalized level-zero
2026:08:17-21:49:12:97345:[135] |CCL_INFO| finalized level-zero
2026:08:17-21:49:12:118523:[49] |CCL_INFO| finalizing level-zero
2026:08:17-21:49:12:22241:[112] |CCL_INFO| finalizing level-zero
2026:08:17-21:49:12:97344:[134] |CCL_INFO| finalized level-zero
2026:08:17-21:49:12:97643:[175] |CCL_INFO| finalizing level-zero
2026:08:17-21:49:12: 8249:[125] |CCL_INFO| finalized level-zero
2026:08:17-21:49:12: 8248:[124] |CCL_INFO| finalized level-zero
2026:08:17-21:49:12:153717:[29] |CCL_INFO| finalized level-zero
2026:08:17-21:49:12: 8247:[123] |CCL_INFO| finalizing level-zero
2026:08:17-21:49:12:180192:[84] |CCL_INFO| finalizing level-zero
2026:08:17-21:49:12:119093:[60] |CCL_INFO| finalized level-zero
2026:08:17-21:49:12:114531:[181] |CCL_INFO| finalized level-zero
2026:08:17-21:49:12:119096:[63] |CCL_INFO| finalizing level-zero
2026:08:17-21:49:12:180195:[87] |CCL_INFO| finalized level-zero
2026:08:17-21:49:12:11113:[160] |CCL_INFO| finalizing level-zero
2026:08:17-21:49:12:22239:[110] |CCL_INFO| finalizing level-zero
2026:08:17-21:49:12:118523:[49] |CCL_INFO| finalized level-zero
2026:08:17-21:49:12:22241:[112] |CCL_INFO| finalized level-zero
2026:08:17-21:49:12:97643:[175] |CCL_INFO| finalized level-zero
2026:08:17-21:49:12:50416:[148] |CCL_INFO| finalizing level-zero
2026:08:17-21:49:12:180194:[86] |CCL_INFO| finalizing level-zero
2026:08:17-21:49:12: 8247:[123] |CCL_INFO| finalized level-zero
2026:08:17-21:49:12:180192:[84] |CCL_INFO| finalized level-zero
2026:08:17-21:49:12:11114:[161] |CCL_INFO| finalizing level-zero
2026:08:17-21:49:12:119096:[63] |CCL_INFO| finalized level-zero
2026:08:17-21:49:12:63800:[5] |CCL_INFO| finalizing level-zero
2026:08:17-21:49:12:11113:[160] |CCL_INFO| finalized level-zero
2026:08:17-21:49:12:22239:[110] |CCL_INFO| finalized level-zero
2026:08:17-21:49:12:114535:[185] |CCL_INFO| finalizing level-zero
2026:08:17-21:49:12:50417:[149] |CCL_INFO| finalizing level-zero
2026:08:17-21:49:12:50416:[148] |CCL_INFO| finalized level-zero
2026:08:17-21:49:12:153712:[24] |CCL_INFO| finalizing level-zero
2026:08:17-21:49:12:118525:[51] |CCL_INFO| finalizing level-zero
2026:08:17-21:49:12:180194:[86] |CCL_INFO| finalized level-zero
2026:08:17-21:49:12:36022:[37] |CCL_INFO| finalizing level-zero
2026:08:17-21:49:12:11114:[161] |CCL_INFO| finalized level-zero
2026:08:17-21:49:12:63800:[5] |CCL_INFO| finalized level-zero
2026:08:17-21:49:12:114535:[185] |CCL_INFO| finalized level-zero
2026:08:17-21:49:12:153712:[24] |CCL_INFO| finalized level-zero
2026:08:17-21:49:12:118525:[51] |CCL_INFO| finalized level-zero
2026:08:17-21:49:12:50417:[149] |CCL_INFO| finalized level-zero
2026:08:17-21:49:12:50414:[146] |CCL_INFO| finalizing level-zero
2026:08:17-21:49:12:10386:[74] |CCL_INFO| finalizing level-zero
2026:08:17-21:49:12:10384:[72] |CCL_INFO| finalizing level-zero
2026:08:17-21:49:12:36026:[41] |CCL_INFO| finalizing level-zero
2026:08:17-21:49:12:36022:[37] |CCL_INFO| finalized level-zero
2026:08:17-21:49:12:62824:[15] |CCL_INFO| finalizing level-zero
2026:08:17-21:49:12:50415:[147] |CCL_INFO| finalizing level-zero
2026:08:17-21:49:12:36023:[38] |CCL_INFO| finalizing level-zero
2026:08:17-21:49:12:97346:[136] |CCL_INFO| finalizing level-zero
2026:08:17-21:49:12:10388:[76] |CCL_INFO| finalizing level-zero
2026:08:17-21:49:12:62821:[12] |CCL_INFO| finalizing level-zero
2026:08:17-21:49:12:63795:[0] |CCL_INFO| finalizing level-zero
2026:08:17-21:49:12:180197:[89] |CCL_INFO| finalizing level-zero
2026:08:17-21:49:12:180196:[88] |CCL_INFO| finalizing level-zero
2026:08:17-21:49:12:36026:[41] |CCL_INFO| finalized level-zero
2026:08:17-21:49:12:10386:[74] |CCL_INFO| finalized level-zero
2026:08:17-21:49:12:10384:[72] |CCL_INFO| finalized level-zero
2026:08:17-21:49:12:50414:[146] |CCL_INFO| finalized level-zero
2026:08:17-21:49:12:62825:[16] |CCL_INFO| finalizing level-zero
2026:08:17-21:49:12:36024:[39] |CCL_INFO| finalizing level-zero
2026:08:17-21:49:12:11110:[157] |CCL_INFO| finalizing level-zero
2026:08:17-21:49:12:62824:[15] |CCL_INFO| finalized level-zero
2026:08:17-21:49:12:114533:[183] |CCL_INFO| finalizing level-zero
2026:08:17-21:49:12:36023:[38] |CCL_INFO| finalized level-zero
2026:08:17-21:49:12:97346:[136] |CCL_INFO| finalized level-zero
2026:08:17-21:49:12:11111:[158] |CCL_INFO| finalizing level-zero
2026:08:17-21:49:12:10385:[73] |CCL_INFO| finalizing level-zero
2026:08:17-21:49:12:22240:[111] |CCL_INFO| finalizing level-zero
2026:08:17-21:49:12:50415:[147] |CCL_INFO| finalized level-zero
2026:08:17-21:49:12:10388:[76] |CCL_INFO| finalized level-zero
2026:08:17-21:49:12:62823:[14] |CCL_INFO| finalizing level-zero
2026:08:17-21:49:12: 8246:[122] |CCL_INFO| finalizing level-zero
2026:08:17-21:49:12:62821:[12] |CCL_INFO| finalized level-zero
2026:08:17-21:49:12:180196:[88] |CCL_INFO| finalized level-zero
2026:08:17-21:49:12:180197:[89] |CCL_INFO| finalized level-zero
2026:08:17-21:49:12:62826:[17] |CCL_INFO| finalizing level-zero
2026:08:17-21:49:12:63795:[0] |CCL_INFO| finalized level-zero
2026:08:17-21:49:12:62825:[16] |CCL_INFO| finalized level-zero
2026:08:17-21:49:12:36024:[39] |CCL_INFO| finalized level-zero
2026:08:17-21:49:12:11110:[157] |CCL_INFO| finalized level-zero
2026:08:17-21:49:12:97640:[172] |CCL_INFO| finalizing level-zero
2026:08:17-21:49:12:203047:[98] |CCL_INFO| finalizing level-zero
2026:08:17-21:49:12:203050:[101] |CCL_INFO| finalizing level-zero
2026:08:17-21:49:12:11111:[158] |CCL_INFO| finalized level-zero
2026:08:17-21:49:12:10385:[73] |CCL_INFO| finalized level-zero
2026:08:17-21:49:12:114533:[183] |CCL_INFO| finalized level-zero
2026:08:17-21:49:12:22240:[111] |CCL_INFO| finalized level-zero
2026:08:17-21:49:12:62823:[14] |CCL_INFO| finalized level-zero
2026:08:17-21:49:12: 8246:[122] |CCL_INFO| finalized level-zero
2026:08:17-21:49:12:62826:[17] |CCL_INFO| finalized level-zero
2026:08:17-21:49:12:97640:[172] |CCL_INFO| finalized level-zero
2026:08:17-21:49:12:203049:[100] |CCL_INFO| finalizing level-zero
2026:08:17-21:49:12:97637:[169] |CCL_INFO| finalizing level-zero
2026:08:17-21:49:12:203047:[98] |CCL_INFO| finalized level-zero
2026:08:17-21:49:12:203050:[101] |CCL_INFO| finalized level-zero
2026:08:17-21:49:12:97638:[170] |CCL_INFO| finalizing level-zero
2026:08:17-21:49:12:22237:[108] |CCL_INFO| finalizing level-zero
2026:08:17-21:49:12:22242:[113] |CCL_INFO| finalizing level-zero
2026:08:17-21:49:12:97637:[169] |CCL_INFO| finalized level-zero
2026:08:17-21:49:12:203049:[100] |CCL_INFO| finalized level-zero
2026:08:17-21:49:12:203045:[96] |CCL_INFO| finalizing level-zero
2026:08:17-21:49:12:114534:[184] |CCL_INFO| finalizing level-zero
2026:08:17-21:49:12:22237:[108] |CCL_INFO| finalized level-zero
2026:08:17-21:49:12:22242:[113] |CCL_INFO| finalized level-zero
2026:08:17-21:49:12:11109:[156] |CCL_INFO| finalizing level-zero
2026:08:17-21:49:12:97638:[170] |CCL_INFO| finalized level-zero
2026:08:17-21:49:12:203045:[96] |CCL_INFO| finalized level-zero
2026:08:17-21:49:12:114534:[184] |CCL_INFO| finalized level-zero
2026:08:17-21:49:12:11109:[156] |CCL_INFO| finalized level-zero
2026:08:17-21:49:12: 8244:[120] |CCL_INFO| finalizing level-zero
2026:08:17-21:49:12:114532:[182] |CCL_INFO| finalizing level-zero
2026:08:17-21:49:12: 8244:[120] |CCL_INFO| finalized level-zero
2026:08:17-21:49:12:114532:[182] |CCL_INFO| finalized level-zero
2026:08:17-21:49:12:36025:[40] |CCL_INFO| finalizing level-zero
2026:08:17-21:49:12:97342:[132] |CCL_INFO| finalizing level-zero
2026:08:17-21:49:12:50412:[144] |CCL_INFO| finalizing level-zero
2026:08:17-21:49:12:36025:[40] |CCL_INFO| finalized level-zero
2026:08:17-21:49:12:97342:[132] |CCL_INFO| finalized level-zero
2026:08:17-21:49:12:36021:[36] |CCL_INFO| finalizing level-zero
2026:08:17-21:49:12:97641:[173] |CCL_INFO| finalizing level-zero
2026:08:17-21:49:12:50412:[144] |CCL_INFO| finalized level-zero
2026:08:17-21:49:12:97639:[171] |CCL_INFO| finalizing level-zero
2026:08:17-21:49:12:36021:[36] |CCL_INFO| finalized level-zero
2026:08:17-21:49:12:97641:[173] |CCL_INFO| finalized level-zero
2026:08:17-21:49:12:97639:[171] |CCL_INFO| finalized level-zero
2026:08:17-21:49:12:97636:[168] |CCL_INFO| finalizing level-zero
2026:08:17-21:49:12:97636:[168] |CCL_INFO| finalized level-zero
2026:08:17-21:49:12:114530:[180] |CCL_INFO| finalizing level-zero
2026:08:17-21:49:12:114530:[180] |CCL_INFO| finalized level-zero
2026:08:17-21:49:12:11115:[162] |CCL_INFO| finalizing level-zero
2026:08:17-21:49:12:11115:[162] |CCL_INFO| finalized level-zero
2026:08:17-21:49:12:119099:[66] |CCL_INFO| finalizing level-zero
2026:08:17-21:49:12:119099:[66] |CCL_INFO| finalized level-zero
2026:08:17-21:49:12:97642:[174] |CCL_INFO| finalizing level-zero
2026:08:17-21:49:12:97642:[174] |CCL_INFO| finalized level-zero
2026:08:17-21:49:12:114536:[186] |CCL_INFO| finalizing level-zero
2026:08:17-21:49:12:114536:[186] |CCL_INFO| finalized level-zero
2026:08:17-21:49:12:203051:[102] |CCL_INFO| finalizing level-zero
2026:08:17-21:49:12:203051:[102] |CCL_INFO| finalized level-zero
2026:08:17-21:49:12:10390:[78] |CCL_INFO| finalizing level-zero
2026:08:17-21:49:12:10390:[78] |CCL_INFO| finalized level-zero
2026:08:17-21:49:13:118528:[54] |CCL_INFO| finalizing level-zero
2026:08:17-21:49:13:118528:[54] |CCL_INFO| finalized level-zero
2026:08:17-21:49:13:153718:[30] |CCL_INFO| finalizing level-zero
2026:08:17-21:49:13:153718:[30] |CCL_INFO| finalized level-zero
2026:08:17-21:49:13:36027:[42] |CCL_INFO| finalizing level-zero
2026:08:17-21:49:13:36027:[42] |CCL_INFO| finalized level-zero
2026:08:17-21:49:13:97348:[138] |CCL_INFO| finalizing level-zero
2026:08:17-21:49:13:97348:[138] |CCL_INFO| finalized level-zero
2026:08:17-21:49:13:180198:[90] |CCL_INFO| finalizing level-zero
2026:08:17-21:49:13:180198:[90] |CCL_INFO| finalized level-zero
2026:08:17-21:49:13:62827:[18] |CCL_INFO| finalizing level-zero
2026:08:17-21:49:13:62827:[18] |CCL_INFO| finalized level-zero
2026:08:17-21:49:13:22243:[114] |CCL_INFO| finalizing level-zero
2026:08:17-21:49:13:22243:[114] |CCL_INFO| finalized level-zero
