[dist] xpu: 12 device(s) visible (expect 12 tiles/node on Aurora under FLAT), using xpu:0
[dist] backend=xccl world=192 rank0 device=xpu:0
[rank89]: Traceback (most recent call last):
[rank89]:   File "<frozen runpy>", line 198, in _run_module_as_main
[rank89]:   File "<frozen runpy>", line 88, in _run_code
[rank89]:   File "/lus/flare/projects/NLDesignProtein/bryan/Diffusion-dev-space/ProLoopDiff/src/train.py", line 364, in <module>
[rank89]:     main()
[rank89]:   File "/lus/flare/projects/NLDesignProtein/bryan/Diffusion-dev-space/ProLoopDiff/src/train.py", line 177, in main
[rank89]:     broadcast_parameters(model)
[rank89]:   File "/lus/flare/projects/NLDesignProtein/bryan/Diffusion-dev-space/ProLoopDiff/src/dist.py", line 146, in broadcast_parameters
[rank89]:     torch.distributed.broadcast(p.data, src=src)
[rank89]:   File "/opt/aurora/26.26.0/frameworks/aurora_frameworks-2025.3.1/lib/python3.12/site-packages/torch/distributed/c10d_logger.py", line 83, in wrapper
[rank89]:     return func(*args, **kwargs)
[rank89]:            ^^^^^^^^^^^^^^^^^^^^^
[rank89]:   File "/opt/aurora/26.26.0/frameworks/aurora_frameworks-2025.3.1/lib/python3.12/site-packages/torch/distributed/distributed_c10d.py", line 2907, in broadcast
[rank89]:     work = group.broadcast([tensor], opts)
[rank89]:            ^^^^^^^^^^^^^^^^^^^^^^^^^^^^^^^
[rank89]: RuntimeError: oneCCL: env_parser.hpp:100 enum_by_str: EXCEPTION: CCL_ZE_IPC_EXCHANGE: unexpected value: drmfd, expected values: sockets, pidfd
[rank91]: Traceback (most recent call last):
[rank91]:   File "<frozen runpy>", line 198, in _run_module_as_main
[rank91]:   File "<frozen runpy>", line 88, in _run_code
[rank91]:   File "/lus/flare/projects/NLDesignProtein/bryan/Diffusion-dev-space/ProLoopDiff/src/train.py", line 364, in <module>
[rank91]:     main()
[rank91]:   File "/lus/flare/projects/NLDesignProtein/bryan/Diffusion-dev-space/ProLoopDiff/src/train.py", line 177, in main
[rank91]:     broadcast_parameters(model)
[rank91]:   File "/lus/flare/projects/NLDesignProtein/bryan/Diffusion-dev-space/ProLoopDiff/src/dist.py", line 146, in broadcast_parameters
[rank91]:     torch.distributed.broadcast(p.data, src=src)
[rank91]:   File "/opt/aurora/26.26.0/frameworks/aurora_frameworks-2025.3.1/lib/python3.12/site-packages/torch/distributed/c10d_logger.py", line 83, in wrapper
[rank91]:     return func(*args, **kwargs)
[rank91]:            ^^^^^^^^^^^^^^^^^^^^^
[rank91]:   File "/opt/aurora/26.26.0/frameworks/aurora_frameworks-2025.3.1/lib/python3.12/site-packages/torch/distributed/distributed_c10d.py", line 2907, in broadcast
[rank91]:     work = group.broadcast([tensor], opts)
[rank91]:            ^^^^^^^^^^^^^^^^^^^^^^^^^^^^^^^
[rank91]: RuntimeError: oneCCL: env_parser.hpp:100 enum_by_str: EXCEPTION: CCL_ZE_IPC_EXCHANGE: unexpected value: drmfd, expected values: sockets, pidfd
[rank85]: Traceback (most recent call last):
[rank85]:   File "<frozen runpy>", line 198, in _run_module_as_main
[rank85]:   File "<frozen runpy>", line 88, in _run_code
[rank85]:   File "/lus/flare/projects/NLDesignProtein/bryan/Diffusion-dev-space/ProLoopDiff/src/train.py", line 364, in <module>
[rank85]:     main()
[rank85]:   File "/lus/flare/projects/NLDesignProtein/bryan/Diffusion-dev-space/ProLoopDiff/src/train.py", line 177, in main
[rank85]:     broadcast_parameters(model)
[rank85]:   File "/lus/flare/projects/NLDesignProtein/bryan/Diffusion-dev-space/ProLoopDiff/src/dist.py", line 146, in broadcast_parameters
[rank85]:     torch.distributed.broadcast(p.data, src=src)
[rank85]:   File "/opt/aurora/26.26.0/frameworks/aurora_frameworks-2025.3.1/lib/python3.12/site-packages/torch/distributed/c10d_logger.py", line 83, in wrapper
[rank85]:     return func(*args, **kwargs)
[rank85]:            ^^^^^^^^^^^^^^^^^^^^^
[rank85]:   File "/opt/aurora/26.26.0/frameworks/aurora_frameworks-2025.3.1/lib/python3.12/site-packages/torch/distributed/distributed_c10d.py", line 2907, in broadcast
[rank85]:     work = group.broadcast([tensor], opts)
[rank85]:            ^^^^^^^^^^^^^^^^^^^^^^^^^^^^^^^
[rank85]: RuntimeError: oneCCL: env_parser.hpp:100 enum_by_str: EXCEPTION: CCL_ZE_IPC_EXCHANGE: unexpected value: drmfd, expected values: sockets, pidfd
[rank95]: Traceback (most recent call last):
[rank95]:   File "<frozen runpy>", line 198, in _run_module_as_main
[rank95]:   File "<frozen runpy>", line 88, in _run_code
[rank95]:   File "/lus/flare/projects/NLDesignProtein/bryan/Diffusion-dev-space/ProLoopDiff/src/train.py", line 364, in <module>
[rank95]:     main()
[rank95]:   File "/lus/flare/projects/NLDesignProtein/bryan/Diffusion-dev-space/ProLoopDiff/src/train.py", line 177, in main
[rank95]:     broadcast_parameters(model)
[rank95]:   File "/lus/flare/projects/NLDesignProtein/bryan/Diffusion-dev-space/ProLoopDiff/src/dist.py", line 146, in broadcast_parameters
[rank95]:     torch.distributed.broadcast(p.data, src=src)
[rank95]:   File "/opt/aurora/26.26.0/frameworks/aurora_frameworks-2025.3.1/lib/python3.12/site-packages/torch/distributed/c10d_logger.py", line 83, in wrapper
[rank95]:     return func(*args, **kwargs)
[rank95]:            ^^^^^^^^^^^^^^^^^^^^^
[rank95]:   File "/opt/aurora/26.26.0/frameworks/aurora_frameworks-2025.3.1/lib/python3.12/site-packages/torch/distributed/distributed_c10d.py", line 2907, in broadcast
[rank95]:     work = group.broadcast([tensor], opts)
[rank95]:            ^^^^^^^^^^^^^^^^^^^^^^^^^^^^^^^
[rank95]: RuntimeError: oneCCL: env_parser.hpp:100 enum_by_str: EXCEPTION: CCL_ZE_IPC_EXCHANGE: unexpected value: drmfd, expected values: sockets, pidfd
[rank87]: Traceback (most recent call last):
[rank87]:   File "<frozen runpy>", line 198, in _run_module_as_main
[rank87]:   File "<frozen runpy>", line 88, in _run_code
[rank87]:   File "/lus/flare/projects/NLDesignProtein/bryan/Diffusion-dev-space/ProLoopDiff/src/train.py", line 364, in <module>
[rank87]:     main()
[rank87]:   File "/lus/flare/projects/NLDesignProtein/bryan/Diffusion-dev-space/ProLoopDiff/src/train.py", line 177, in main
[rank87]:     broadcast_parameters(model)
[rank87]:   File "/lus/flare/projects/NLDesignProtein/bryan/Diffusion-dev-space/ProLoopDiff/src/dist.py", line 146, in broadcast_parameters
[rank87]:     torch.distributed.broadcast(p.data, src=src)
[rank87]:   File "/opt/aurora/26.26.0/frameworks/aurora_frameworks-2025.3.1/lib/python3.12/site-packages/torch/distributed/c10d_logger.py", line 83, in wrapper
[rank87]:     return func(*args, **kwargs)
[rank87]:            ^^^^^^^^^^^^^^^^^^^^^
[rank87]:   File "/opt/aurora/26.26.0/frameworks/aurora_frameworks-2025.3.1/lib/python3.12/site-packages/torch/distributed/distributed_c10d.py", line 2907, in broadcast
[rank87]:     work = group.broadcast([tensor], opts)
[rank87]:            ^^^^^^^^^^^^^^^^^^^^^^^^^^^^^^^
[rank87]: RuntimeError: oneCCL: env_parser.hpp:100 enum_by_str: EXCEPTION: CCL_ZE_IPC_EXCHANGE: unexpected value: drmfd, expected values: sockets, pidfd
[rank94]: Traceback (most recent call last):
[rank94]:   File "<frozen runpy>", line 198, in _run_module_as_main
[rank94]:   File "<frozen runpy>", line 88, in _run_code
[rank94]:   File "/lus/flare/projects/NLDesignProtein/bryan/Diffusion-dev-space/ProLoopDiff/src/train.py", line 364, in <module>
[rank94]:     main()
[rank94]:   File "/lus/flare/projects/NLDesignProtein/bryan/Diffusion-dev-space/ProLoopDiff/src/train.py", line 177, in main
[rank94]:     broadcast_parameters(model)
[rank94]:   File "/lus/flare/projects/NLDesignProtein/bryan/Diffusion-dev-space/ProLoopDiff/src/dist.py", line 146, in broadcast_parameters
[rank94]:     torch.distributed.broadcast(p.data, src=src)
[rank94]:   File "/opt/aurora/26.26.0/frameworks/aurora_frameworks-2025.3.1/lib/python3.12/site-packages/torch/distributed/c10d_logger.py", line 83, in wrapper
[rank94]:     return func(*args, **kwargs)
[rank94]:            ^^^^^^^^^^^^^^^^^^^^^
[rank94]:   File "/opt/aurora/26.26.0/frameworks/aurora_frameworks-2025.3.1/lib/python3.12/site-packages/torch/distributed/distributed_c10d.py", line 2907, in broadcast
[rank94]:     work = group.broadcast([tensor], opts)
[rank94]:            ^^^^^^^^^^^^^^^^^^^^^^^^^^^^^^^
[rank94]: RuntimeError: oneCCL: env_parser.hpp:100 enum_by_str: EXCEPTION: CCL_ZE_IPC_EXCHANGE: unexpected value: drmfd, expected values: sockets, pidfd
[rank90]: Traceback (most recent call last):
[rank90]:   File "<frozen runpy>", line 198, in _run_module_as_main
[rank90]:   File "<frozen runpy>", line 88, in _run_code
[rank90]:   File "/lus/flare/projects/NLDesignProtein/bryan/Diffusion-dev-space/ProLoopDiff/src/train.py", line 364, in <module>
[rank90]:     main()
[rank90]:   File "/lus/flare/projects/NLDesignProtein/bryan/Diffusion-dev-space/ProLoopDiff/src/train.py", line 177, in main
[rank90]:     broadcast_parameters(model)
[rank90]:   File "/lus/flare/projects/NLDesignProtein/bryan/Diffusion-dev-space/ProLoopDiff/src/dist.py", line 146, in broadcast_parameters
[rank90]:     torch.distributed.broadcast(p.data, src=src)
[rank90]:   File "/opt/aurora/26.26.0/frameworks/aurora_frameworks-2025.3.1/lib/python3.12/site-packages/torch/distributed/c10d_logger.py", line 83, in wrapper
[rank90]:     return func(*args, **kwargs)
[rank90]:            ^^^^^^^^^^^^^^^^^^^^^
[rank90]:   File "/opt/aurora/26.26.0/frameworks/aurora_frameworks-2025.3.1/lib/python3.12/site-packages/torch/distributed/distributed_c10d.py", line 2907, in broadcast
[rank90]:     work = group.broadcast([tensor], opts)
[rank90]:            ^^^^^^^^^^^^^^^^^^^^^^^^^^^^^^^
[rank90]: RuntimeError: oneCCL: env_parser.hpp:100 enum_by_str: EXCEPTION: CCL_ZE_IPC_EXCHANGE: unexpected value: drmfd, expected values: sockets, pidfd
[rank84]: Traceback (most recent call last):
[rank84]:   File "<frozen runpy>", line 198, in _run_module_as_main
[rank84]:   File "<frozen runpy>", line 88, in _run_code
[rank84]:   File "/lus/flare/projects/NLDesignProtein/bryan/Diffusion-dev-space/ProLoopDiff/src/train.py", line 364, in <module>
[rank84]:     main()
[rank84]:   File "/lus/flare/projects/NLDesignProtein/bryan/Diffusion-dev-space/ProLoopDiff/src/train.py", line 177, in main
[rank84]:     broadcast_parameters(model)
[rank84]:   File "/lus/flare/projects/NLDesignProtein/bryan/Diffusion-dev-space/ProLoopDiff/src/dist.py", line 146, in broadcast_parameters
[rank84]:     torch.distributed.broadcast(p.data, src=src)
[rank84]:   File "/opt/aurora/26.26.0/frameworks/aurora_frameworks-2025.3.1/lib/python3.12/site-packages/torch/distributed/c10d_logger.py", line 83, in wrapper
[rank84]:     return func(*args, **kwargs)
[rank84]:            ^^^^^^^^^^^^^^^^^^^^^
[rank84]:   File "/opt/aurora/26.26.0/frameworks/aurora_frameworks-2025.3.1/lib/python3.12/site-packages/torch/distributed/distributed_c10d.py", line 2907, in broadcast
[rank84]:     work = group.broadcast([tensor], opts)
[rank84]:            ^^^^^^^^^^^^^^^^^^^^^^^^^^^^^^^
[rank84]: RuntimeError: oneCCL: env_parser.hpp:100 enum_by_str: EXCEPTION: CCL_ZE_IPC_EXCHANGE: unexpected value: drmfd, expected values: sockets, pidfd
[rank86]: Traceback (most recent call last):
[rank86]:   File "<frozen runpy>", line 198, in _run_module_as_main
[rank86]:   File "<frozen runpy>", line 88, in _run_code
[rank86]:   File "/lus/flare/projects/NLDesignProtein/bryan/Diffusion-dev-space/ProLoopDiff/src/train.py", line 364, in <module>
[rank86]:     main()
[rank86]:   File "/lus/flare/projects/NLDesignProtein/bryan/Diffusion-dev-space/ProLoopDiff/src/train.py", line 177, in main
[rank86]:     broadcast_parameters(model)
[rank86]:   File "/lus/flare/projects/NLDesignProtein/bryan/Diffusion-dev-space/ProLoopDiff/src/dist.py", line 146, in broadcast_parameters
[rank86]:     torch.distributed.broadcast(p.data, src=src)
[rank86]:   File "/opt/aurora/26.26.0/frameworks/aurora_frameworks-2025.3.1/lib/python3.12/site-packages/torch/distributed/c10d_logger.py", line 83, in wrapper
[rank86]:     return func(*args, **kwargs)
[rank86]:            ^^^^^^^^^^^^^^^^^^^^^
[rank86]:   File "/opt/aurora/26.26.0/frameworks/aurora_frameworks-2025.3.1/lib/python3.12/site-packages/torch/distributed/distributed_c10d.py", line 2907, in broadcast
[rank86]:     work = group.broadcast([tensor], opts)
[rank86]:            ^^^^^^^^^^^^^^^^^^^^^^^^^^^^^^^
[rank86]: RuntimeError: oneCCL: env_parser.hpp:100 enum_by_str: EXCEPTION: CCL_ZE_IPC_EXCHANGE: unexpected value: drmfd, expected values: sockets, pidfd
[train] params=54.7M device=xpu:0 grad_checkpoint=True
2026:08:17-21:51:53:71093 |CCL_WARN| value of CCL_KVS_MODE changed to be mpi (default:pmi)
2026:08:17-21:51:53:71093 |CCL_WARN| value of CCL_KVS_CONNECTION_TIMEOUT changed to be 600 (default:120)
2026:08:17-21:51:53:71093 |CCL_WARN| value of CCL_OP_SYNC changed to be 1 (default:0)
2026:08:17-21:51:53:71093 |CCL_WARN| value of CCL_PROCESS_LAUNCHER changed to be pmix (default:hydra)
[rank92]: Traceback (most recent call last):
[rank92]:   File "<frozen runpy>", line 198, in _run_module_as_main
[rank92]:   File "<frozen runpy>", line 88, in _run_code
[rank92]:   File "/lus/flare/projects/NLDesignProtein/bryan/Diffusion-dev-space/ProLoopDiff/src/train.py", line 364, in <module>
[rank92]:     main()
[rank92]:   File "/lus/flare/projects/NLDesignProtein/bryan/Diffusion-dev-space/ProLoopDiff/src/train.py", line 177, in main
[rank92]:     broadcast_parameters(model)
[rank92]:   File "/lus/flare/projects/NLDesignProtein/bryan/Diffusion-dev-space/ProLoopDiff/src/dist.py", line 146, in broadcast_parameters
[rank92]:     torch.distributed.broadcast(p.data, src=src)
[rank92]:   File "/opt/aurora/26.26.0/frameworks/aurora_frameworks-2025.3.1/lib/python3.12/site-packages/torch/distributed/c10d_logger.py", line 83, in wrapper
[rank92]:     return func(*args, **kwargs)
[rank92]:            ^^^^^^^^^^^^^^^^^^^^^
[rank92]:   File "/opt/aurora/26.26.0/frameworks/aurora_frameworks-2025.3.1/lib/python3.12/site-packages/torch/distributed/distributed_c10d.py", line 2907, in broadcast
[rank92]:     work = group.broadcast([tensor], opts)
[rank92]:            ^^^^^^^^^^^^^^^^^^^^^^^^^^^^^^^
[rank92]: RuntimeError: oneCCL: env_parser.hpp:100 enum_by_str: EXCEPTION: CCL_ZE_IPC_EXCHANGE: unexpected value: drmfd, expected values: sockets, pidfd
[rank36]: Traceback (most recent call last):
[rank36]:   File "<frozen runpy>", line 198, in _run_module_as_main
[rank36]:   File "<frozen runpy>", line 88, in _run_code
[rank36]:   File "/lus/flare/projects/NLDesignProtein/bryan/Diffusion-dev-space/ProLoopDiff/src/train.py", line 364, in <module>
[rank36]:     main()
[rank36]:   File "/lus/flare/projects/NLDesignProtein/bryan/Diffusion-dev-space/ProLoopDiff/src/train.py", line 177, in main
[rank36]:     broadcast_parameters(model)
[rank36]:   File "/lus/flare/projects/NLDesignProtein/bryan/Diffusion-dev-space/ProLoopDiff/src/dist.py", line 146, in broadcast_parameters
[rank36]:     torch.distributed.broadcast(p.data, src=src)
[rank36]:   File "/opt/aurora/26.26.0/frameworks/aurora_frameworks-2025.3.1/lib/python3.12/site-packages/torch/distributed/c10d_logger.py", line 83, in wrapper
[rank36]:     return func(*args, **kwargs)
[rank36]:            ^^^^^^^^^^^^^^^^^^^^^
[rank36]:   File "/opt/aurora/26.26.0/frameworks/aurora_frameworks-2025.3.1/lib/python3.12/site-packages/torch/distributed/distributed_c10d.py", line 2907, in broadcast
[rank36]:     work = group.broadcast([tensor], opts)
[rank36]:            ^^^^^^^^^^^^^^^^^^^^^^^^^^^^^^^
[rank36]: RuntimeError: oneCCL: env_parser.hpp:100 enum_by_str: EXCEPTION: CCL_ZE_IPC_EXCHANGE: unexpected value: drmfd, expected values: sockets, pidfd
[rank38]: Traceback (most recent call last):
[rank38]:   File "<frozen runpy>", line 198, in _run_module_as_main
[rank38]:   File "<frozen runpy>", line 88, in _run_code
[rank38]:   File "/lus/flare/projects/NLDesignProtein/bryan/Diffusion-dev-space/ProLoopDiff/src/train.py", line 364, in <module>
[rank38]:     main()
[rank38]:   File "/lus/flare/projects/NLDesignProtein/bryan/Diffusion-dev-space/ProLoopDiff/src/train.py", line 177, in main
[rank38]:     broadcast_parameters(model)
[rank38]:   File "/lus/flare/projects/NLDesignProtein/bryan/Diffusion-dev-space/ProLoopDiff/src/dist.py", line 146, in broadcast_parameters
[rank38]:     torch.distributed.broadcast(p.data, src=src)
[rank38]:   File "/opt/aurora/26.26.0/frameworks/aurora_frameworks-2025.3.1/lib/python3.12/site-packages/torch/distributed/c10d_logger.py", line 83, in wrapper
[rank38]:     return func(*args, **kwargs)
[rank38]:            ^^^^^^^^^^^^^^^^^^^^^
[rank38]:   File "/opt/aurora/26.26.0/frameworks/aurora_frameworks-2025.3.1/lib/python3.12/site-packages/torch/distributed/distributed_c10d.py", line 2907, in broadcast
[rank38]:     work = group.broadcast([tensor], opts)
[rank38]:            ^^^^^^^^^^^^^^^^^^^^^^^^^^^^^^^
[rank38]: RuntimeError: oneCCL: env_parser.hpp:100 enum_by_str: EXCEPTION: CCL_ZE_IPC_EXCHANGE: unexpected value: drmfd, expected values: sockets, pidfd
[rank40]: Traceback (most recent call last):
[rank40]:   File "<frozen runpy>", line 198, in _run_module_as_main
[rank40]:   File "<frozen runpy>", line 88, in _run_code
[rank40]:   File "/lus/flare/projects/NLDesignProtein/bryan/Diffusion-dev-space/ProLoopDiff/src/train.py", line 364, in <module>
[rank40]:     main()
[rank40]:   File "/lus/flare/projects/NLDesignProtein/bryan/Diffusion-dev-space/ProLoopDiff/src/train.py", line 177, in main
[rank40]:     broadcast_parameters(model)
[rank40]:   File "/lus/flare/projects/NLDesignProtein/bryan/Diffusion-dev-space/ProLoopDiff/src/dist.py", line 146, in broadcast_parameters
[rank40]:     torch.distributed.broadcast(p.data, src=src)
[rank40]:   File "/opt/aurora/26.26.0/frameworks/aurora_frameworks-2025.3.1/lib/python3.12/site-packages/torch/distributed/c10d_logger.py", line 83, in wrapper
[rank40]:     return func(*args, **kwargs)
[rank40]:            ^^^^^^^^^^^^^^^^^^^^^
[rank40]:   File "/opt/aurora/26.26.0/frameworks/aurora_frameworks-2025.3.1/lib/python3.12/site-packages/torch/distributed/distributed_c10d.py", line 2907, in broadcast
[rank40]:     work = group.broadcast([tensor], opts)
[rank40]:            ^^^^^^^^^^^^^^^^^^^^^^^^^^^^^^^
[rank40]: RuntimeError: oneCCL: env_parser.hpp:100 enum_by_str: EXCEPTION: CCL_ZE_IPC_EXCHANGE: unexpected value: drmfd, expected values: sockets, pidfd
[rank41]: Traceback (most recent call last):
[rank41]:   File "<frozen runpy>", line 198, in _run_module_as_main
[rank41]:   File "<frozen runpy>", line 88, in _run_code
[rank41]:   File "/lus/flare/projects/NLDesignProtein/bryan/Diffusion-dev-space/ProLoopDiff/src/train.py", line 364, in <module>
[rank41]:     main()
[rank41]:   File "/lus/flare/projects/NLDesignProtein/bryan/Diffusion-dev-space/ProLoopDiff/src/train.py", line 177, in main
[rank41]:     broadcast_parameters(model)
[rank41]:   File "/lus/flare/projects/NLDesignProtein/bryan/Diffusion-dev-space/ProLoopDiff/src/dist.py", line 146, in broadcast_parameters
[rank41]:     torch.distributed.broadcast(p.data, src=src)
[rank41]:   File "/opt/aurora/26.26.0/frameworks/aurora_frameworks-2025.3.1/lib/python3.12/site-packages/torch/distributed/c10d_logger.py", line 83, in wrapper
[rank41]:     return func(*args, **kwargs)
[rank41]:            ^^^^^^^^^^^^^^^^^^^^^
[rank41]:   File "/opt/aurora/26.26.0/frameworks/aurora_frameworks-2025.3.1/lib/python3.12/site-packages/torch/distributed/distributed_c10d.py", line 2907, in broadcast
[rank41]:     work = group.broadcast([tensor], opts)
[rank41]:            ^^^^^^^^^^^^^^^^^^^^^^^^^^^^^^^
[rank41]: RuntimeError: oneCCL: env_parser.hpp:100 enum_by_str: EXCEPTION: CCL_ZE_IPC_EXCHANGE: unexpected value: drmfd, expected values: sockets, pidfd
[rank43]: Traceback (most recent call last):
[rank43]:   File "<frozen runpy>", line 198, in _run_module_as_main
[rank43]:   File "<frozen runpy>", line 88, in _run_code
[rank43]:   File "/lus/flare/projects/NLDesignProtein/bryan/Diffusion-dev-space/ProLoopDiff/src/train.py", line 364, in <module>
[rank43]:     main()
[rank43]:   File "/lus/flare/projects/NLDesignProtein/bryan/Diffusion-dev-space/ProLoopDiff/src/train.py", line 177, in main
[rank43]:     broadcast_parameters(model)
[rank43]:   File "/lus/flare/projects/NLDesignProtein/bryan/Diffusion-dev-space/ProLoopDiff/src/dist.py", line 146, in broadcast_parameters
[rank43]:     torch.distributed.broadcast(p.data, src=src)
[rank43]:   File "/opt/aurora/26.26.0/frameworks/aurora_frameworks-2025.3.1/lib/python3.12/site-packages/torch/distributed/c10d_logger.py", line 83, in wrapper
[rank43]:     return func(*args, **kwargs)
[rank43]:            ^^^^^^^^^^^^^^^^^^^^^
[rank43]:   File "/opt/aurora/26.26.0/frameworks/aurora_frameworks-2025.3.1/lib/python3.12/site-packages/torch/distributed/distributed_c10d.py", line 2907, in broadcast
[rank43]:     work = group.broadcast([tensor], opts)
[rank43]:            ^^^^^^^^^^^^^^^^^^^^^^^^^^^^^^^
[rank43]: RuntimeError: oneCCL: env_parser.hpp:100 enum_by_str: EXCEPTION: CCL_ZE_IPC_EXCHANGE: unexpected value: drmfd, expected values: sockets, pidfd
[rank45]: Traceback (most recent call last):
[rank45]:   File "<frozen runpy>", line 198, in _run_module_as_main
[rank45]:   File "<frozen runpy>", line 88, in _run_code
[rank45]:   File "/lus/flare/projects/NLDesignProtein/bryan/Diffusion-dev-space/ProLoopDiff/src/train.py", line 364, in <module>
[rank45]:     main()
[rank45]:   File "/lus/flare/projects/NLDesignProtein/bryan/Diffusion-dev-space/ProLoopDiff/src/train.py", line 177, in main
[rank45]:     broadcast_parameters(model)
[rank45]:   File "/lus/flare/projects/NLDesignProtein/bryan/Diffusion-dev-space/ProLoopDiff/src/dist.py", line 146, in broadcast_parameters
[rank45]:     torch.distributed.broadcast(p.data, src=src)
[rank45]:   File "/opt/aurora/26.26.0/frameworks/aurora_frameworks-2025.3.1/lib/python3.12/site-packages/torch/distributed/c10d_logger.py", line 83, in wrapper
[rank45]:     return func(*args, **kwargs)
[rank45]:            ^^^^^^^^^^^^^^^^^^^^^
[rank45]:   File "/opt/aurora/26.26.0/frameworks/aurora_frameworks-2025.3.1/lib/python3.12/site-packages/torch/distributed/distributed_c10d.py", line 2907, in broadcast
[rank45]:     work = group.broadcast([tensor], opts)
[rank45]:            ^^^^^^^^^^^^^^^^^^^^^^^^^^^^^^^
[rank45]: RuntimeError: oneCCL: env_parser.hpp:100 enum_by_str: EXCEPTION: CCL_ZE_IPC_EXCHANGE: unexpected value: drmfd, expected values: sockets, pidfd
[rank46]: Traceback (most recent call last):
[rank46]:   File "<frozen runpy>", line 198, in _run_module_as_main
[rank46]:   File "<frozen runpy>", line 88, in _run_code
[rank46]:   File "/lus/flare/projects/NLDesignProtein/bryan/Diffusion-dev-space/ProLoopDiff/src/train.py", line 364, in <module>
[rank46]:     main()
[rank46]:   File "/lus/flare/projects/NLDesignProtein/bryan/Diffusion-dev-space/ProLoopDiff/src/train.py", line 177, in main
[rank46]:     broadcast_parameters(model)
[rank46]:   File "/lus/flare/projects/NLDesignProtein/bryan/Diffusion-dev-space/ProLoopDiff/src/dist.py", line 146, in broadcast_parameters
[rank46]:     torch.distributed.broadcast(p.data, src=src)
[rank46]:   File "/opt/aurora/26.26.0/frameworks/aurora_frameworks-2025.3.1/lib/python3.12/site-packages/torch/distributed/c10d_logger.py", line 83, in wrapper
[rank46]:     return func(*args, **kwargs)
[rank46]:            ^^^^^^^^^^^^^^^^^^^^^
[rank46]:   File "/opt/aurora/26.26.0/frameworks/aurora_frameworks-2025.3.1/lib/python3.12/site-packages/torch/distributed/distributed_c10d.py", line 2907, in broadcast
[rank46]:     work = group.broadcast([tensor], opts)
[rank46]:            ^^^^^^^^^^^^^^^^^^^^^^^^^^^^^^^
[rank46]: RuntimeError: oneCCL: env_parser.hpp:100 enum_by_str: EXCEPTION: CCL_ZE_IPC_EXCHANGE: unexpected value: drmfd, expected values: sockets, pidfd
[rank47]: Traceback (most recent call last):
[rank47]:   File "<frozen runpy>", line 198, in _run_module_as_main
[rank47]:   File "<frozen runpy>", line 88, in _run_code
[rank47]:   File "/lus/flare/projects/NLDesignProtein/bryan/Diffusion-dev-space/ProLoopDiff/src/train.py", line 364, in <module>
[rank47]:     main()
[rank47]:   File "/lus/flare/projects/NLDesignProtein/bryan/Diffusion-dev-space/ProLoopDiff/src/train.py", line 177, in main
[rank47]:     broadcast_parameters(model)
[rank47]:   File "/lus/flare/projects/NLDesignProtein/bryan/Diffusion-dev-space/ProLoopDiff/src/dist.py", line 146, in broadcast_parameters
[rank47]:     torch.distributed.broadcast(p.data, src=src)
[rank47]:   File "/opt/aurora/26.26.0/frameworks/aurora_frameworks-2025.3.1/lib/python3.12/site-packages/torch/distributed/c10d_logger.py", line 83, in wrapper
[rank47]:     return func(*args, **kwargs)
[rank47]:            ^^^^^^^^^^^^^^^^^^^^^
[rank47]:   File "/opt/aurora/26.26.0/frameworks/aurora_frameworks-2025.3.1/lib/python3.12/site-packages/torch/distributed/distributed_c10d.py", line 2907, in broadcast
[rank47]:     work = group.broadcast([tensor], opts)
[rank47]:            ^^^^^^^^^^^^^^^^^^^^^^^^^^^^^^^
[rank47]: RuntimeError: oneCCL: env_parser.hpp:100 enum_by_str: EXCEPTION: CCL_ZE_IPC_EXCHANGE: unexpected value: drmfd, expected values: sockets, pidfd
[rank37]: Traceback (most recent call last):
[rank37]:   File "<frozen runpy>", line 198, in _run_module_as_main
[rank37]:   File "<frozen runpy>", line 88, in _run_code
[rank37]:   File "/lus/flare/projects/NLDesignProtein/bryan/Diffusion-dev-space/ProLoopDiff/src/train.py", line 364, in <module>
[rank37]:     main()
[rank37]:   File "/lus/flare/projects/NLDesignProtein/bryan/Diffusion-dev-space/ProLoopDiff/src/train.py", line 177, in main
[rank37]:     broadcast_parameters(model)
[rank37]:   File "/lus/flare/projects/NLDesignProtein/bryan/Diffusion-dev-space/ProLoopDiff/src/dist.py", line 146, in broadcast_parameters
[rank37]:     torch.distributed.broadcast(p.data, src=src)
[rank37]:   File "/opt/aurora/26.26.0/frameworks/aurora_frameworks-2025.3.1/lib/python3.12/site-packages/torch/distributed/c10d_logger.py", line 83, in wrapper
[rank37]:     return func(*args, **kwargs)
[rank37]:            ^^^^^^^^^^^^^^^^^^^^^
[rank37]:   File "/opt/aurora/26.26.0/frameworks/aurora_frameworks-2025.3.1/lib/python3.12/site-packages/torch/distributed/distributed_c10d.py", line 2907, in broadcast
[rank37]:     work = group.broadcast([tensor], opts)
[rank37]:            ^^^^^^^^^^^^^^^^^^^^^^^^^^^^^^^
[rank37]: RuntimeError: oneCCL: env_parser.hpp:100 enum_by_str: EXCEPTION: CCL_ZE_IPC_EXCHANGE: unexpected value: drmfd, expected values: sockets, pidfd
[rank39]: Traceback (most recent call last):
[rank39]:   File "<frozen runpy>", line 198, in _run_module_as_main
[rank39]:   File "<frozen runpy>", line 88, in _run_code
[rank39]:   File "/lus/flare/projects/NLDesignProtein/bryan/Diffusion-dev-space/ProLoopDiff/src/train.py", line 364, in <module>
[rank39]:     main()
[rank39]:   File "/lus/flare/projects/NLDesignProtein/bryan/Diffusion-dev-space/ProLoopDiff/src/train.py", line 177, in main
[rank39]:     broadcast_parameters(model)
[rank39]:   File "/lus/flare/projects/NLDesignProtein/bryan/Diffusion-dev-space/ProLoopDiff/src/dist.py", line 146, in broadcast_parameters
[rank39]:     torch.distributed.broadcast(p.data, src=src)
[rank39]:   File "/opt/aurora/26.26.0/frameworks/aurora_frameworks-2025.3.1/lib/python3.12/site-packages/torch/distributed/c10d_logger.py", line 83, in wrapper
[rank39]:     return func(*args, **kwargs)
[rank39]:            ^^^^^^^^^^^^^^^^^^^^^
[rank39]:   File "/opt/aurora/26.26.0/frameworks/aurora_frameworks-2025.3.1/lib/python3.12/site-packages/torch/distributed/distributed_c10d.py", line 2907, in broadcast
[rank39]:     work = group.broadcast([tensor], opts)
[rank39]:            ^^^^^^^^^^^^^^^^^^^^^^^^^^^^^^^
[rank39]: RuntimeError: oneCCL: env_parser.hpp:100 enum_by_str: EXCEPTION: CCL_ZE_IPC_EXCHANGE: unexpected value: drmfd, expected values: sockets, pidfd
[rank42]: Traceback (most recent call last):
[rank42]:   File "<frozen runpy>", line 198, in _run_module_as_main
[rank42]:   File "<frozen runpy>", line 88, in _run_code
[rank42]:   File "/lus/flare/projects/NLDesignProtein/bryan/Diffusion-dev-space/ProLoopDiff/src/train.py", line 364, in <module>
[rank42]:     main()
[rank42]:   File "/lus/flare/projects/NLDesignProtein/bryan/Diffusion-dev-space/ProLoopDiff/src/train.py", line 177, in main
[rank42]:     broadcast_parameters(model)
[rank42]:   File "/lus/flare/projects/NLDesignProtein/bryan/Diffusion-dev-space/ProLoopDiff/src/dist.py", line 146, in broadcast_parameters
[rank42]:     torch.distributed.broadcast(p.data, src=src)
[rank42]:   File "/opt/aurora/26.26.0/frameworks/aurora_frameworks-2025.3.1/lib/python3.12/site-packages/torch/distributed/c10d_logger.py", line 83, in wrapper
[rank42]:     return func(*args, **kwargs)
[rank42]:            ^^^^^^^^^^^^^^^^^^^^^
[rank42]:   File "/opt/aurora/26.26.0/frameworks/aurora_frameworks-2025.3.1/lib/python3.12/site-packages/torch/distributed/distributed_c10d.py", line 2907, in broadcast
[rank42]:     work = group.broadcast([tensor], opts)
[rank42]:            ^^^^^^^^^^^^^^^^^^^^^^^^^^^^^^^
[rank42]: RuntimeError: oneCCL: env_parser.hpp:100 enum_by_str: EXCEPTION: CCL_ZE_IPC_EXCHANGE: unexpected value: drmfd, expected values: sockets, pidfd
[rank88]: Traceback (most recent call last):
[rank88]:   File "<frozen runpy>", line 198, in _run_module_as_main
[rank88]:   File "<frozen runpy>", line 88, in _run_code
[rank88]:   File "/lus/flare/projects/NLDesignProtein/bryan/Diffusion-dev-space/ProLoopDiff/src/train.py", line 364, in <module>
[rank88]:     main()
[rank88]:   File "/lus/flare/projects/NLDesignProtein/bryan/Diffusion-dev-space/ProLoopDiff/src/train.py", line 177, in main
[rank88]:     broadcast_parameters(model)
[rank88]:   File "/lus/flare/projects/NLDesignProtein/bryan/Diffusion-dev-space/ProLoopDiff/src/dist.py", line 146, in broadcast_parameters
[rank88]:     torch.distributed.broadcast(p.data, src=src)
[rank88]:   File "/opt/aurora/26.26.0/frameworks/aurora_frameworks-2025.3.1/lib/python3.12/site-packages/torch/distributed/c10d_logger.py", line 83, in wrapper
[rank88]:     return func(*args, **kwargs)
[rank88]:            ^^^^^^^^^^^^^^^^^^^^^
[rank88]:   File "/opt/aurora/26.26.0/frameworks/aurora_frameworks-2025.3.1/lib/python3.12/site-packages/torch/distributed/distributed_c10d.py", line 2907, in broadcast
[rank88]:     work = group.broadcast([tensor], opts)
[rank88]:            ^^^^^^^^^^^^^^^^^^^^^^^^^^^^^^^
[rank88]: RuntimeError: oneCCL: env_parser.hpp:100 enum_by_str: EXCEPTION: CCL_ZE_IPC_EXCHANGE: unexpected value: drmfd, expected values: sockets, pidfd
[rank44]: Traceback (most recent call last):
[rank44]:   File "<frozen runpy>", line 198, in _run_module_as_main
[rank44]:   File "<frozen runpy>", line 88, in _run_code
[rank44]:   File "/lus/flare/projects/NLDesignProtein/bryan/Diffusion-dev-space/ProLoopDiff/src/train.py", line 364, in <module>
[rank44]:     main()
[rank44]:   File "/lus/flare/projects/NLDesignProtein/bryan/Diffusion-dev-space/ProLoopDiff/src/train.py", line 177, in main
[rank44]:     broadcast_parameters(model)
[rank44]:   File "/lus/flare/projects/NLDesignProtein/bryan/Diffusion-dev-space/ProLoopDiff/src/dist.py", line 146, in broadcast_parameters
[rank44]:     torch.distributed.broadcast(p.data, src=src)
[rank44]:   File "/opt/aurora/26.26.0/frameworks/aurora_frameworks-2025.3.1/lib/python3.12/site-packages/torch/distributed/c10d_logger.py", line 83, in wrapper
[rank44]:     return func(*args, **kwargs)
[rank44]:            ^^^^^^^^^^^^^^^^^^^^^
[rank44]:   File "/opt/aurora/26.26.0/frameworks/aurora_frameworks-2025.3.1/lib/python3.12/site-packages/torch/distributed/distributed_c10d.py", line 2907, in broadcast
[rank44]:     work = group.broadcast([tensor], opts)
[rank44]:            ^^^^^^^^^^^^^^^^^^^^^^^^^^^^^^^
[rank44]: RuntimeError: oneCCL: env_parser.hpp:100 enum_by_str: EXCEPTION: CCL_ZE_IPC_EXCHANGE: unexpected value: drmfd, expected values: sockets, pidfd
[rank93]: Traceback (most recent call last):
[rank93]:   File "<frozen runpy>", line 198, in _run_module_as_main
[rank93]:   File "<frozen runpy>", line 88, in _run_code
[rank93]:   File "/lus/flare/projects/NLDesignProtein/bryan/Diffusion-dev-space/ProLoopDiff/src/train.py", line 364, in <module>
[rank93]:     main()
[rank93]:   File "/lus/flare/projects/NLDesignProtein/bryan/Diffusion-dev-space/ProLoopDiff/src/train.py", line 177, in main
[rank93]:     broadcast_parameters(model)
[rank93]:   File "/lus/flare/projects/NLDesignProtein/bryan/Diffusion-dev-space/ProLoopDiff/src/dist.py", line 146, in broadcast_parameters
[rank93]:     torch.distributed.broadcast(p.data, src=src)
[rank93]:   File "/opt/aurora/26.26.0/frameworks/aurora_frameworks-2025.3.1/lib/python3.12/site-packages/torch/distributed/c10d_logger.py", line 83, in wrapper
[rank93]:     return func(*args, **kwargs)
[rank93]:            ^^^^^^^^^^^^^^^^^^^^^
[rank93]:   File "/opt/aurora/26.26.0/frameworks/aurora_frameworks-2025.3.1/lib/python3.12/site-packages/torch/distributed/distributed_c10d.py", line 2907, in broadcast
[rank93]:     work = group.broadcast([tensor], opts)
[rank93]:            ^^^^^^^^^^^^^^^^^^^^^^^^^^^^^^^
[rank93]: RuntimeError: oneCCL: env_parser.hpp:100 enum_by_str: EXCEPTION: CCL_ZE_IPC_EXCHANGE: unexpected value: drmfd, expected values: sockets, pidfd
[rank5]: Traceback (most recent call last):
[rank5]:   File "<frozen runpy>", line 198, in _run_module_as_main
[rank5]:   File "<frozen runpy>", line 88, in _run_code
[rank5]:   File "/lus/flare/projects/NLDesignProtein/bryan/Diffusion-dev-space/ProLoopDiff/src/train.py", line 364, in <module>
[rank5]:     main()
[rank5]:   File "/lus/flare/projects/NLDesignProtein/bryan/Diffusion-dev-space/ProLoopDiff/src/train.py", line 177, in main
[rank5]:     broadcast_parameters(model)
[rank5]:   File "/lus/flare/projects/NLDesignProtein/bryan/Diffusion-dev-space/ProLoopDiff/src/dist.py", line 146, in broadcast_parameters
[rank5]:     torch.distributed.broadcast(p.data, src=src)
[rank5]:   File "/opt/aurora/26.26.0/frameworks/aurora_frameworks-2025.3.1/lib/python3.12/site-packages/torch/distributed/c10d_logger.py", line 83, in wrapper
[rank5]:     return func(*args, **kwargs)
[rank5]:            ^^^^^^^^^^^^^^^^^^^^^
[rank5]:   File "/opt/aurora/26.26.0/frameworks/aurora_frameworks-2025.3.1/lib/python3.12/site-packages/torch/distributed/distributed_c10d.py", line 2907, in broadcast
[rank5]:     work = group.broadcast([tensor], opts)
[rank5]:            ^^^^^^^^^^^^^^^^^^^^^^^^^^^^^^^
[rank5]: RuntimeError: oneCCL: env_parser.hpp:100 enum_by_str: EXCEPTION: CCL_ZE_IPC_EXCHANGE: unexpected value: drmfd, expected values: sockets, pidfd
[rank8]: Traceback (most recent call last):
[rank8]:   File "<frozen runpy>", line 198, in _run_module_as_main
[rank8]:   File "<frozen runpy>", line 88, in _run_code
[rank8]:   File "/lus/flare/projects/NLDesignProtein/bryan/Diffusion-dev-space/ProLoopDiff/src/train.py", line 364, in <module>
[rank8]:     main()
[rank8]:   File "/lus/flare/projects/NLDesignProtein/bryan/Diffusion-dev-space/ProLoopDiff/src/train.py", line 177, in main
[rank8]:     broadcast_parameters(model)
[rank8]:   File "/lus/flare/projects/NLDesignProtein/bryan/Diffusion-dev-space/ProLoopDiff/src/dist.py", line 146, in broadcast_parameters
[rank8]:     torch.distributed.broadcast(p.data, src=src)
[rank8]:   File "/opt/aurora/26.26.0/frameworks/aurora_frameworks-2025.3.1/lib/python3.12/site-packages/torch/distributed/c10d_logger.py", line 83, in wrapper
[rank8]:     return func(*args, **kwargs)
[rank8]:            ^^^^^^^^^^^^^^^^^^^^^
[rank8]:   File "/opt/aurora/26.26.0/frameworks/aurora_frameworks-2025.3.1/lib/python3.12/site-packages/torch/distributed/distributed_c10d.py", line 2907, in broadcast
[rank8]:     work = group.broadcast([tensor], opts)
[rank8]:            ^^^^^^^^^^^^^^^^^^^^^^^^^^^^^^^
[rank8]: RuntimeError: oneCCL: env_parser.hpp:100 enum_by_str: EXCEPTION: CCL_ZE_IPC_EXCHANGE: unexpected value: drmfd, expected values: sockets, pidfd
[rank9]: Traceback (most recent call last):
[rank9]:   File "<frozen runpy>", line 198, in _run_module_as_main
[rank9]:   File "<frozen runpy>", line 88, in _run_code
[rank9]:   File "/lus/flare/projects/NLDesignProtein/bryan/Diffusion-dev-space/ProLoopDiff/src/train.py", line 364, in <module>
[rank9]:     main()
[rank9]:   File "/lus/flare/projects/NLDesignProtein/bryan/Diffusion-dev-space/ProLoopDiff/src/train.py", line 177, in main
[rank9]:     broadcast_parameters(model)
[rank9]:   File "/lus/flare/projects/NLDesignProtein/bryan/Diffusion-dev-space/ProLoopDiff/src/dist.py", line 146, in broadcast_parameters
[rank9]:     torch.distributed.broadcast(p.data, src=src)
[rank9]:   File "/opt/aurora/26.26.0/frameworks/aurora_frameworks-2025.3.1/lib/python3.12/site-packages/torch/distributed/c10d_logger.py", line 83, in wrapper
[rank9]:     return func(*args, **kwargs)
[rank9]:            ^^^^^^^^^^^^^^^^^^^^^
[rank9]:   File "/opt/aurora/26.26.0/frameworks/aurora_frameworks-2025.3.1/lib/python3.12/site-packages/torch/distributed/distributed_c10d.py", line 2907, in broadcast
[rank9]:     work = group.broadcast([tensor], opts)
[rank9]:            ^^^^^^^^^^^^^^^^^^^^^^^^^^^^^^^
[rank9]: RuntimeError: oneCCL: env_parser.hpp:100 enum_by_str: EXCEPTION: CCL_ZE_IPC_EXCHANGE: unexpected value: drmfd, expected values: sockets, pidfd
[rank10]: Traceback (most recent call last):
[rank10]:   File "<frozen runpy>", line 198, in _run_module_as_main
[rank10]:   File "<frozen runpy>", line 88, in _run_code
[rank10]:   File "/lus/flare/projects/NLDesignProtein/bryan/Diffusion-dev-space/ProLoopDiff/src/train.py", line 364, in <module>
[rank10]:     main()
[rank10]:   File "/lus/flare/projects/NLDesignProtein/bryan/Diffusion-dev-space/ProLoopDiff/src/train.py", line 177, in main
[rank10]:     broadcast_parameters(model)
[rank10]:   File "/lus/flare/projects/NLDesignProtein/bryan/Diffusion-dev-space/ProLoopDiff/src/dist.py", line 146, in broadcast_parameters
[rank10]:     torch.distributed.broadcast(p.data, src=src)
[rank10]:   File "/opt/aurora/26.26.0/frameworks/aurora_frameworks-2025.3.1/lib/python3.12/site-packages/torch/distributed/c10d_logger.py", line 83, in wrapper
[rank10]:     return func(*args, **kwargs)
[rank10]:            ^^^^^^^^^^^^^^^^^^^^^
[rank10]:   File "/opt/aurora/26.26.0/frameworks/aurora_frameworks-2025.3.1/lib/python3.12/site-packages/torch/distributed/distributed_c10d.py", line 2907, in broadcast
[rank10]:     work = group.broadcast([tensor], opts)
[rank10]:            ^^^^^^^^^^^^^^^^^^^^^^^^^^^^^^^
[rank10]: RuntimeError: oneCCL: env_parser.hpp:100 enum_by_str: EXCEPTION: CCL_ZE_IPC_EXCHANGE: unexpected value: drmfd, expected values: sockets, pidfd
[rank11]: Traceback (most recent call last):
[rank11]:   File "<frozen runpy>", line 198, in _run_module_as_main
[rank11]:   File "<frozen runpy>", line 88, in _run_code
[rank11]:   File "/lus/flare/projects/NLDesignProtein/bryan/Diffusion-dev-space/ProLoopDiff/src/train.py", line 364, in <module>
[rank11]:     main()
[rank11]:   File "/lus/flare/projects/NLDesignProtein/bryan/Diffusion-dev-space/ProLoopDiff/src/train.py", line 177, in main
[rank11]:     broadcast_parameters(model)
[rank11]:   File "/lus/flare/projects/NLDesignProtein/bryan/Diffusion-dev-space/ProLoopDiff/src/dist.py", line 146, in broadcast_parameters
[rank11]:     torch.distributed.broadcast(p.data, src=src)
[rank11]:   File "/opt/aurora/26.26.0/frameworks/aurora_frameworks-2025.3.1/lib/python3.12/site-packages/torch/distributed/c10d_logger.py", line 83, in wrapper
[rank11]:     return func(*args, **kwargs)
[rank11]:            ^^^^^^^^^^^^^^^^^^^^^
[rank11]:   File "/opt/aurora/26.26.0/frameworks/aurora_frameworks-2025.3.1/lib/python3.12/site-packages/torch/distributed/distributed_c10d.py", line 2907, in broadcast
[rank11]:     work = group.broadcast([tensor], opts)
[rank11]:            ^^^^^^^^^^^^^^^^^^^^^^^^^^^^^^^
[rank11]: RuntimeError: oneCCL: env_parser.hpp:100 enum_by_str: EXCEPTION: CCL_ZE_IPC_EXCHANGE: unexpected value: drmfd, expected values: sockets, pidfd
[rank0]: Traceback (most recent call last):
[rank0]:   File "<frozen runpy>", line 198, in _run_module_as_main
[rank0]:   File "<frozen runpy>", line 88, in _run_code
[rank0]:   File "/lus/flare/projects/NLDesignProtein/bryan/Diffusion-dev-space/ProLoopDiff/src/train.py", line 364, in <module>
[rank0]:     main()
[rank0]:   File "/lus/flare/projects/NLDesignProtein/bryan/Diffusion-dev-space/ProLoopDiff/src/train.py", line 177, in main
[rank0]:     broadcast_parameters(model)
[rank0]:   File "/lus/flare/projects/NLDesignProtein/bryan/Diffusion-dev-space/ProLoopDiff/src/dist.py", line 146, in broadcast_parameters
[rank0]:     torch.distributed.broadcast(p.data, src=src)
[rank0]:   File "/opt/aurora/26.26.0/frameworks/aurora_frameworks-2025.3.1/lib/python3.12/site-packages/torch/distributed/c10d_logger.py", line 83, in wrapper
[rank0]:     return func(*args, **kwargs)
[rank0]:            ^^^^^^^^^^^^^^^^^^^^^
[rank0]:   File "/opt/aurora/26.26.0/frameworks/aurora_frameworks-2025.3.1/lib/python3.12/site-packages/torch/distributed/distributed_c10d.py", line 2907, in broadcast
[rank0]:     work = group.broadcast([tensor], opts)
[rank0]:            ^^^^^^^^^^^^^^^^^^^^^^^^^^^^^^^
[rank0]: RuntimeError: oneCCL: env_parser.hpp:100 enum_by_str: EXCEPTION: CCL_ZE_IPC_EXCHANGE: unexpected value: drmfd, expected values: sockets, pidfd
[rank2]: Traceback (most recent call last):
[rank2]:   File "<frozen runpy>", line 198, in _run_module_as_main
[rank2]:   File "<frozen runpy>", line 88, in _run_code
[rank2]:   File "/lus/flare/projects/NLDesignProtein/bryan/Diffusion-dev-space/ProLoopDiff/src/train.py", line 364, in <module>
[rank2]:     main()
[rank2]:   File "/lus/flare/projects/NLDesignProtein/bryan/Diffusion-dev-space/ProLoopDiff/src/train.py", line 177, in main
[rank2]:     broadcast_parameters(model)
[rank2]:   File "/lus/flare/projects/NLDesignProtein/bryan/Diffusion-dev-space/ProLoopDiff/src/dist.py", line 146, in broadcast_parameters
[rank2]:     torch.distributed.broadcast(p.data, src=src)
[rank2]:   File "/opt/aurora/26.26.0/frameworks/aurora_frameworks-2025.3.1/lib/python3.12/site-packages/torch/distributed/c10d_logger.py", line 83, in wrapper
[rank2]:     return func(*args, **kwargs)
[rank2]:            ^^^^^^^^^^^^^^^^^^^^^
[rank2]:   File "/opt/aurora/26.26.0/frameworks/aurora_frameworks-2025.3.1/lib/python3.12/site-packages/torch/distributed/distributed_c10d.py", line 2907, in broadcast
[rank2]:     work = group.broadcast([tensor], opts)
[rank2]:            ^^^^^^^^^^^^^^^^^^^^^^^^^^^^^^^
[rank2]: RuntimeError: oneCCL: env_parser.hpp:100 enum_by_str: EXCEPTION: CCL_ZE_IPC_EXCHANGE: unexpected value: drmfd, expected values: sockets, pidfd
[rank3]: Traceback (most recent call last):
[rank3]:   File "<frozen runpy>", line 198, in _run_module_as_main
[rank3]:   File "<frozen runpy>", line 88, in _run_code
[rank3]:   File "/lus/flare/projects/NLDesignProtein/bryan/Diffusion-dev-space/ProLoopDiff/src/train.py", line 364, in <module>
[rank3]:     main()
[rank3]:   File "/lus/flare/projects/NLDesignProtein/bryan/Diffusion-dev-space/ProLoopDiff/src/train.py", line 177, in main
[rank3]:     broadcast_parameters(model)
[rank3]:   File "/lus/flare/projects/NLDesignProtein/bryan/Diffusion-dev-space/ProLoopDiff/src/dist.py", line 146, in broadcast_parameters
[rank3]:     torch.distributed.broadcast(p.data, src=src)
[rank3]:   File "/opt/aurora/26.26.0/frameworks/aurora_frameworks-2025.3.1/lib/python3.12/site-packages/torch/distributed/c10d_logger.py", line 83, in wrapper
[rank3]:     return func(*args, **kwargs)
[rank3]:            ^^^^^^^^^^^^^^^^^^^^^
[rank3]:   File "/opt/aurora/26.26.0/frameworks/aurora_frameworks-2025.3.1/lib/python3.12/site-packages/torch/distributed/distributed_c10d.py", line 2907, in broadcast
[rank3]:     work = group.broadcast([tensor], opts)
[rank3]:            ^^^^^^^^^^^^^^^^^^^^^^^^^^^^^^^
[rank3]: RuntimeError: oneCCL: env_parser.hpp:100 enum_by_str: EXCEPTION: CCL_ZE_IPC_EXCHANGE: unexpected value: drmfd, expected values: sockets, pidfd
[rank4]: Traceback (most recent call last):
[rank4]:   File "<frozen runpy>", line 198, in _run_module_as_main
[rank4]:   File "<frozen runpy>", line 88, in _run_code
[rank4]:   File "/lus/flare/projects/NLDesignProtein/bryan/Diffusion-dev-space/ProLoopDiff/src/train.py", line 364, in <module>
[rank4]:     main()
[rank4]:   File "/lus/flare/projects/NLDesignProtein/bryan/Diffusion-dev-space/ProLoopDiff/src/train.py", line 177, in main
[rank4]:     broadcast_parameters(model)
[rank4]:   File "/lus/flare/projects/NLDesignProtein/bryan/Diffusion-dev-space/ProLoopDiff/src/dist.py", line 146, in broadcast_parameters
[rank4]:     torch.distributed.broadcast(p.data, src=src)
[rank4]:   File "/opt/aurora/26.26.0/frameworks/aurora_frameworks-2025.3.1/lib/python3.12/site-packages/torch/distributed/c10d_logger.py", line 83, in wrapper
[rank4]:     return func(*args, **kwargs)
[rank4]:            ^^^^^^^^^^^^^^^^^^^^^
[rank4]:   File "/opt/aurora/26.26.0/frameworks/aurora_frameworks-2025.3.1/lib/python3.12/site-packages/torch/distributed/distributed_c10d.py", line 2907, in broadcast
[rank4]:     work = group.broadcast([tensor], opts)
[rank4]:            ^^^^^^^^^^^^^^^^^^^^^^^^^^^^^^^
[rank4]: RuntimeError: oneCCL: env_parser.hpp:100 enum_by_str: EXCEPTION: CCL_ZE_IPC_EXCHANGE: unexpected value: drmfd, expected values: sockets, pidfd
[rank6]: Traceback (most recent call last):
[rank6]:   File "<frozen runpy>", line 198, in _run_module_as_main
[rank6]:   File "<frozen runpy>", line 88, in _run_code
[rank6]:   File "/lus/flare/projects/NLDesignProtein/bryan/Diffusion-dev-space/ProLoopDiff/src/train.py", line 364, in <module>
[rank6]:     main()
[rank6]:   File "/lus/flare/projects/NLDesignProtein/bryan/Diffusion-dev-space/ProLoopDiff/src/train.py", line 177, in main
[rank6]:     broadcast_parameters(model)
[rank6]:   File "/lus/flare/projects/NLDesignProtein/bryan/Diffusion-dev-space/ProLoopDiff/src/dist.py", line 146, in broadcast_parameters
[rank6]:     torch.distributed.broadcast(p.data, src=src)
[rank6]:   File "/opt/aurora/26.26.0/frameworks/aurora_frameworks-2025.3.1/lib/python3.12/site-packages/torch/distributed/c10d_logger.py", line 83, in wrapper
[rank6]:     return func(*args, **kwargs)
[rank6]:            ^^^^^^^^^^^^^^^^^^^^^
[rank6]:   File "/opt/aurora/26.26.0/frameworks/aurora_frameworks-2025.3.1/lib/python3.12/site-packages/torch/distributed/distributed_c10d.py", line 2907, in broadcast
[rank6]:     work = group.broadcast([tensor], opts)
[rank6]:            ^^^^^^^^^^^^^^^^^^^^^^^^^^^^^^^
[rank6]: RuntimeError: oneCCL: env_parser.hpp:100 enum_by_str: EXCEPTION: CCL_ZE_IPC_EXCHANGE: unexpected value: drmfd, expected values: sockets, pidfd
[rank81]: Traceback (most recent call last):
[rank81]:   File "<frozen runpy>", line 198, in _run_module_as_main
[rank81]:   File "<frozen runpy>", line 88, in _run_code
[rank81]:   File "/lus/flare/projects/NLDesignProtein/bryan/Diffusion-dev-space/ProLoopDiff/src/train.py", line 364, in <module>
[rank81]:     main()
[rank81]:   File "/lus/flare/projects/NLDesignProtein/bryan/Diffusion-dev-space/ProLoopDiff/src/train.py", line 177, in main
[rank81]:     broadcast_parameters(model)
[rank81]:   File "/lus/flare/projects/NLDesignProtein/bryan/Diffusion-dev-space/ProLoopDiff/src/dist.py", line 146, in broadcast_parameters
[rank81]:     torch.distributed.broadcast(p.data, src=src)
[rank81]:   File "/opt/aurora/26.26.0/frameworks/aurora_frameworks-2025.3.1/lib/python3.12/site-packages/torch/distributed/c10d_logger.py", line 83, in wrapper
[rank81]:     return func(*args, **kwargs)
[rank81]:            ^^^^^^^^^^^^^^^^^^^^^
[rank81]:   File "/opt/aurora/26.26.0/frameworks/aurora_frameworks-2025.3.1/lib/python3.12/site-packages/torch/distributed/distributed_c10d.py", line 2907, in broadcast
[rank81]:     work = group.broadcast([tensor], opts)
[rank81]:            ^^^^^^^^^^^^^^^^^^^^^^^^^^^^^^^
[rank81]: RuntimeError: oneCCL: env_parser.hpp:100 enum_by_str: EXCEPTION: CCL_ZE_IPC_EXCHANGE: unexpected value: drmfd, expected values: sockets, pidfd
[rank74]: Traceback (most recent call last):
[rank74]:   File "<frozen runpy>", line 198, in _run_module_as_main
[rank74]:   File "<frozen runpy>", line 88, in _run_code
[rank74]:   File "/lus/flare/projects/NLDesignProtein/bryan/Diffusion-dev-space/ProLoopDiff/src/train.py", line 364, in <module>
[rank74]:     main()
[rank74]:   File "/lus/flare/projects/NLDesignProtein/bryan/Diffusion-dev-space/ProLoopDiff/src/train.py", line 177, in main
[rank74]:     broadcast_parameters(model)
[rank74]:   File "/lus/flare/projects/NLDesignProtein/bryan/Diffusion-dev-space/ProLoopDiff/src/dist.py", line 146, in broadcast_parameters
[rank74]:     torch.distributed.broadcast(p.data, src=src)
[rank74]:   File "/opt/aurora/26.26.0/frameworks/aurora_frameworks-2025.3.1/lib/python3.12/site-packages/torch/distributed/c10d_logger.py", line 83, in wrapper
[rank74]:     return func(*args, **kwargs)
[rank74]:            ^^^^^^^^^^^^^^^^^^^^^
[rank74]:   File "/opt/aurora/26.26.0/frameworks/aurora_frameworks-2025.3.1/lib/python3.12/site-packages/torch/distributed/distributed_c10d.py", line 2907, in broadcast
[rank74]:     work = group.broadcast([tensor], opts)
[rank74]:            ^^^^^^^^^^^^^^^^^^^^^^^^^^^^^^^
[rank74]: RuntimeError: oneCCL: env_parser.hpp:100 enum_by_str: EXCEPTION: CCL_ZE_IPC_EXCHANGE: unexpected value: drmfd, expected values: sockets, pidfd
[rank157]: Traceback (most recent call last):
[rank157]:   File "<frozen runpy>", line 198, in _run_module_as_main
[rank157]:   File "<frozen runpy>", line 88, in _run_code
[rank157]:   File "/lus/flare/projects/NLDesignProtein/bryan/Diffusion-dev-space/ProLoopDiff/src/train.py", line 364, in <module>
[rank157]:     main()
[rank157]:   File "/lus/flare/projects/NLDesignProtein/bryan/Diffusion-dev-space/ProLoopDiff/src/train.py", line 177, in main
[rank157]:     broadcast_parameters(model)
[rank157]:   File "/lus/flare/projects/NLDesignProtein/bryan/Diffusion-dev-space/ProLoopDiff/src/dist.py", line 146, in broadcast_parameters
[rank157]:     torch.distributed.broadcast(p.data, src=src)
[rank157]:   File "/opt/aurora/26.26.0/frameworks/aurora_frameworks-2025.3.1/lib/python3.12/site-packages/torch/distributed/c10d_logger.py", line 83, in wrapper
[rank157]:     return func(*args, **kwargs)
[rank157]:            ^^^^^^^^^^^^^^^^^^^^^
[rank157]:   File "/opt/aurora/26.26.0/frameworks/aurora_frameworks-2025.3.1/lib/python3.12/site-packages/torch/distributed/distributed_c10d.py", line 2907, in broadcast
[rank157]:     work = group.broadcast([tensor], opts)
[rank157]:            ^^^^^^^^^^^^^^^^^^^^^^^^^^^^^^^
[rank157]: RuntimeError: oneCCL: env_parser.hpp:100 enum_by_str: EXCEPTION: CCL_ZE_IPC_EXCHANGE: unexpected value: drmfd, expected values: sockets, pidfd
[rank158]: Traceback (most recent call last):
[rank158]:   File "<frozen runpy>", line 198, in _run_module_as_main
[rank158]:   File "<frozen runpy>", line 88, in _run_code
[rank158]:   File "/lus/flare/projects/NLDesignProtein/bryan/Diffusion-dev-space/ProLoopDiff/src/train.py", line 364, in <module>
[rank158]:     main()
[rank158]:   File "/lus/flare/projects/NLDesignProtein/bryan/Diffusion-dev-space/ProLoopDiff/src/train.py", line 177, in main
[rank158]:     broadcast_parameters(model)
[rank158]:   File "/lus/flare/projects/NLDesignProtein/bryan/Diffusion-dev-space/ProLoopDiff/src/dist.py", line 146, in broadcast_parameters
[rank158]:     torch.distributed.broadcast(p.data, src=src)
[rank158]:   File "/opt/aurora/26.26.0/frameworks/aurora_frameworks-2025.3.1/lib/python3.12/site-packages/torch/distributed/c10d_logger.py", line 83, in wrapper
[rank158]:     return func(*args, **kwargs)
[rank158]:            ^^^^^^^^^^^^^^^^^^^^^
[rank158]:   File "/opt/aurora/26.26.0/frameworks/aurora_frameworks-2025.3.1/lib/python3.12/site-packages/torch/distributed/distributed_c10d.py", line 2907, in broadcast
[rank158]:     work = group.broadcast([tensor], opts)
[rank158]:            ^^^^^^^^^^^^^^^^^^^^^^^^^^^^^^^
[rank158]: RuntimeError: oneCCL: env_parser.hpp:100 enum_by_str: EXCEPTION: CCL_ZE_IPC_EXCHANGE: unexpected value: drmfd, expected values: sockets, pidfd
[rank162]: Traceback (most recent call last):
[rank162]:   File "<frozen runpy>", line 198, in _run_module_as_main
[rank162]:   File "<frozen runpy>", line 88, in _run_code
[rank162]:   File "/lus/flare/projects/NLDesignProtein/bryan/Diffusion-dev-space/ProLoopDiff/src/train.py", line 364, in <module>
[rank162]:     main()
[rank162]:   File "/lus/flare/projects/NLDesignProtein/bryan/Diffusion-dev-space/ProLoopDiff/src/train.py", line 177, in main
[rank162]:     broadcast_parameters(model)
[rank162]:   File "/lus/flare/projects/NLDesignProtein/bryan/Diffusion-dev-space/ProLoopDiff/src/dist.py", line 146, in broadcast_parameters
[rank162]:     torch.distributed.broadcast(p.data, src=src)
[rank162]:   File "/opt/aurora/26.26.0/frameworks/aurora_frameworks-2025.3.1/lib/python3.12/site-packages/torch/distributed/c10d_logger.py", line 83, in wrapper
[rank162]:     return func(*args, **kwargs)
[rank162]:            ^^^^^^^^^^^^^^^^^^^^^
[rank162]:   File "/opt/aurora/26.26.0/frameworks/aurora_frameworks-2025.3.1/lib/python3.12/site-packages/torch/distributed/distributed_c10d.py", line 2907, in broadcast
[rank162]:     work = group.broadcast([tensor], opts)
[rank162]:            ^^^^^^^^^^^^^^^^^^^^^^^^^^^^^^^
[rank162]: RuntimeError: oneCCL: env_parser.hpp:100 enum_by_str: EXCEPTION: CCL_ZE_IPC_EXCHANGE: unexpected value: drmfd, expected values: sockets, pidfd
[rank76]: Traceback (most recent call last):
[rank76]:   File "<frozen runpy>", line 198, in _run_module_as_main
[rank76]:   File "<frozen runpy>", line 88, in _run_code
[rank76]:   File "/lus/flare/projects/NLDesignProtein/bryan/Diffusion-dev-space/ProLoopDiff/src/train.py", line 364, in <module>
[rank76]:     main()
[rank76]:   File "/lus/flare/projects/NLDesignProtein/bryan/Diffusion-dev-space/ProLoopDiff/src/train.py", line 177, in main
[rank76]:     broadcast_parameters(model)
[rank76]:   File "/lus/flare/projects/NLDesignProtein/bryan/Diffusion-dev-space/ProLoopDiff/src/dist.py", line 146, in broadcast_parameters
[rank76]:     torch.distributed.broadcast(p.data, src=src)
[rank76]:   File "/opt/aurora/26.26.0/frameworks/aurora_frameworks-2025.3.1/lib/python3.12/site-packages/torch/distributed/c10d_logger.py", line 83, in wrapper
[rank76]:     return func(*args, **kwargs)
[rank76]:            ^^^^^^^^^^^^^^^^^^^^^
[rank76]:   File "/opt/aurora/26.26.0/frameworks/aurora_frameworks-2025.3.1/lib/python3.12/site-packages/torch/distributed/distributed_c10d.py", line 2907, in broadcast
[rank76]:     work = group.broadcast([tensor], opts)
[rank76]:            ^^^^^^^^^^^^^^^^^^^^^^^^^^^^^^^
[rank76]: RuntimeError: oneCCL: env_parser.hpp:100 enum_by_str: EXCEPTION: CCL_ZE_IPC_EXCHANGE: unexpected value: drmfd, expected values: sockets, pidfd
[rank156]: Traceback (most recent call last):
[rank156]:   File "<frozen runpy>", line 198, in _run_module_as_main
[rank156]:   File "<frozen runpy>", line 88, in _run_code
[rank156]:   File "/lus/flare/projects/NLDesignProtein/bryan/Diffusion-dev-space/ProLoopDiff/src/train.py", line 364, in <module>
[rank156]:     main()
[rank156]:   File "/lus/flare/projects/NLDesignProtein/bryan/Diffusion-dev-space/ProLoopDiff/src/train.py", line 177, in main
[rank156]:     broadcast_parameters(model)
[rank156]:   File "/lus/flare/projects/NLDesignProtein/bryan/Diffusion-dev-space/ProLoopDiff/src/dist.py", line 146, in broadcast_parameters
[rank156]:     torch.distributed.broadcast(p.data, src=src)
[rank156]:   File "/opt/aurora/26.26.0/frameworks/aurora_frameworks-2025.3.1/lib/python3.12/site-packages/torch/distributed/c10d_logger.py", line 83, in wrapper
[rank156]:     return func(*args, **kwargs)
[rank156]:            ^^^^^^^^^^^^^^^^^^^^^
[rank156]:   File "/opt/aurora/26.26.0/frameworks/aurora_frameworks-2025.3.1/lib/python3.12/site-packages/torch/distributed/distributed_c10d.py", line 2907, in broadcast
[rank156]:     work = group.broadcast([tensor], opts)
[rank156]:            ^^^^^^^^^^^^^^^^^^^^^^^^^^^^^^^
[rank156]: RuntimeError: oneCCL: env_parser.hpp:100 enum_by_str: EXCEPTION: CCL_ZE_IPC_EXCHANGE: unexpected value: drmfd, expected values: sockets, pidfd
[rank159]: Traceback (most recent call last):
[rank159]:   File "<frozen runpy>", line 198, in _run_module_as_main
[rank159]:   File "<frozen runpy>", line 88, in _run_code
[rank159]:   File "/lus/flare/projects/NLDesignProtein/bryan/Diffusion-dev-space/ProLoopDiff/src/train.py", line 364, in <module>
[rank159]:     main()
[rank159]:   File "/lus/flare/projects/NLDesignProtein/bryan/Diffusion-dev-space/ProLoopDiff/src/train.py", line 177, in main
[rank159]:     broadcast_parameters(model)
[rank159]:   File "/lus/flare/projects/NLDesignProtein/bryan/Diffusion-dev-space/ProLoopDiff/src/dist.py", line 146, in broadcast_parameters
[rank159]:     torch.distributed.broadcast(p.data, src=src)
[rank159]:   File "/opt/aurora/26.26.0/frameworks/aurora_frameworks-2025.3.1/lib/python3.12/site-packages/torch/distributed/c10d_logger.py", line 83, in wrapper
[rank159]:     return func(*args, **kwargs)
[rank159]:            ^^^^^^^^^^^^^^^^^^^^^
[rank159]:   File "/opt/aurora/26.26.0/frameworks/aurora_frameworks-2025.3.1/lib/python3.12/site-packages/torch/distributed/distributed_c10d.py", line 2907, in broadcast
[rank159]:     work = group.broadcast([tensor], opts)
[rank159]:            ^^^^^^^^^^^^^^^^^^^^^^^^^^^^^^^
[rank159]: RuntimeError: oneCCL: env_parser.hpp:100 enum_by_str: EXCEPTION: CCL_ZE_IPC_EXCHANGE: unexpected value: drmfd, expected values: sockets, pidfd
[rank73]: Traceback (most recent call last):
[rank73]:   File "<frozen runpy>", line 198, in _run_module_as_main
[rank73]:   File "<frozen runpy>", line 88, in _run_code
[rank73]:   File "/lus/flare/projects/NLDesignProtein/bryan/Diffusion-dev-space/ProLoopDiff/src/train.py", line 364, in <module>
[rank73]:     main()
[rank73]:   File "/lus/flare/projects/NLDesignProtein/bryan/Diffusion-dev-space/ProLoopDiff/src/train.py", line 177, in main
[rank73]:     broadcast_parameters(model)
[rank73]:   File "/lus/flare/projects/NLDesignProtein/bryan/Diffusion-dev-space/ProLoopDiff/src/dist.py", line 146, in broadcast_parameters
[rank73]:     torch.distributed.broadcast(p.data, src=src)
[rank73]:   File "/opt/aurora/26.26.0/frameworks/aurora_frameworks-2025.3.1/lib/python3.12/site-packages/torch/distributed/c10d_logger.py", line 83, in wrapper
[rank73]:     return func(*args, **kwargs)
[rank73]:            ^^^^^^^^^^^^^^^^^^^^^
[rank73]:   File "/opt/aurora/26.26.0/frameworks/aurora_frameworks-2025.3.1/lib/python3.12/site-packages/torch/distributed/distributed_c10d.py", line 2907, in broadcast
[rank73]:     work = group.broadcast([tensor], opts)
[rank73]:            ^^^^^^^^^^^^^^^^^^^^^^^^^^^^^^^
[rank73]: RuntimeError: oneCCL: env_parser.hpp:100 enum_by_str: EXCEPTION: CCL_ZE_IPC_EXCHANGE: unexpected value: drmfd, expected values: sockets, pidfd
[rank165]: Traceback (most recent call last):
[rank165]:   File "<frozen runpy>", line 198, in _run_module_as_main
[rank165]:   File "<frozen runpy>", line 88, in _run_code
[rank165]:   File "/lus/flare/projects/NLDesignProtein/bryan/Diffusion-dev-space/ProLoopDiff/src/train.py", line 364, in <module>
[rank165]:     main()
[rank165]:   File "/lus/flare/projects/NLDesignProtein/bryan/Diffusion-dev-space/ProLoopDiff/src/train.py", line 177, in main
[rank165]:     broadcast_parameters(model)
[rank165]:   File "/lus/flare/projects/NLDesignProtein/bryan/Diffusion-dev-space/ProLoopDiff/src/dist.py", line 146, in broadcast_parameters
[rank165]:     torch.distributed.broadcast(p.data, src=src)
[rank165]:   File "/opt/aurora/26.26.0/frameworks/aurora_frameworks-2025.3.1/lib/python3.12/site-packages/torch/distributed/c10d_logger.py", line 83, in wrapper
[rank165]:     return func(*args, **kwargs)
[rank165]:            ^^^^^^^^^^^^^^^^^^^^^
[rank165]:   File "/opt/aurora/26.26.0/frameworks/aurora_frameworks-2025.3.1/lib/python3.12/site-packages/torch/distributed/distributed_c10d.py", line 2907, in broadcast
[rank165]:     work = group.broadcast([tensor], opts)
[rank165]:            ^^^^^^^^^^^^^^^^^^^^^^^^^^^^^^^
[rank165]: RuntimeError: oneCCL: env_parser.hpp:100 enum_by_str: EXCEPTION: CCL_ZE_IPC_EXCHANGE: unexpected value: drmfd, expected values: sockets, pidfd
[rank7]: Traceback (most recent call last):
[rank7]:   File "<frozen runpy>", line 198, in _run_module_as_main
[rank7]:   File "<frozen runpy>", line 88, in _run_code
[rank7]:   File "/lus/flare/projects/NLDesignProtein/bryan/Diffusion-dev-space/ProLoopDiff/src/train.py", line 364, in <module>
[rank7]:     main()
[rank7]:   File "/lus/flare/projects/NLDesignProtein/bryan/Diffusion-dev-space/ProLoopDiff/src/train.py", line 177, in main
[rank7]:     broadcast_parameters(model)
[rank7]:   File "/lus/flare/projects/NLDesignProtein/bryan/Diffusion-dev-space/ProLoopDiff/src/dist.py", line 146, in broadcast_parameters
[rank7]:     torch.distributed.broadcast(p.data, src=src)
[rank7]:   File "/opt/aurora/26.26.0/frameworks/aurora_frameworks-2025.3.1/lib/python3.12/site-packages/torch/distributed/c10d_logger.py", line 83, in wrapper
[rank7]:     return func(*args, **kwargs)
[rank7]:            ^^^^^^^^^^^^^^^^^^^^^
[rank7]:   File "/opt/aurora/26.26.0/frameworks/aurora_frameworks-2025.3.1/lib/python3.12/site-packages/torch/distributed/distributed_c10d.py", line 2907, in broadcast
[rank7]:     work = group.broadcast([tensor], opts)
[rank7]:            ^^^^^^^^^^^^^^^^^^^^^^^^^^^^^^^
[rank7]: RuntimeError: oneCCL: env_parser.hpp:100 enum_by_str: EXCEPTION: CCL_ZE_IPC_EXCHANGE: unexpected value: drmfd, expected values: sockets, pidfd
[rank160]: Traceback (most recent call last):
[rank160]:   File "<frozen runpy>", line 198, in _run_module_as_main
[rank160]:   File "<frozen runpy>", line 88, in _run_code
[rank160]:   File "/lus/flare/projects/NLDesignProtein/bryan/Diffusion-dev-space/ProLoopDiff/src/train.py", line 364, in <module>
[rank160]:     main()
[rank160]:   File "/lus/flare/projects/NLDesignProtein/bryan/Diffusion-dev-space/ProLoopDiff/src/train.py", line 177, in main
[rank160]:     broadcast_parameters(model)
[rank160]:   File "/lus/flare/projects/NLDesignProtein/bryan/Diffusion-dev-space/ProLoopDiff/src/dist.py", line 146, in broadcast_parameters
[rank160]:     torch.distributed.broadcast(p.data, src=src)
[rank160]:   File "/opt/aurora/26.26.0/frameworks/aurora_frameworks-2025.3.1/lib/python3.12/site-packages/torch/distributed/c10d_logger.py", line 83, in wrapper
[rank160]:     return func(*args, **kwargs)
[rank160]:            ^^^^^^^^^^^^^^^^^^^^^
[rank160]:   File "/opt/aurora/26.26.0/frameworks/aurora_frameworks-2025.3.1/lib/python3.12/site-packages/torch/distributed/distributed_c10d.py", line 2907, in broadcast
[rank160]:     work = group.broadcast([tensor], opts)
[rank160]:            ^^^^^^^^^^^^^^^^^^^^^^^^^^^^^^^
[rank160]: RuntimeError: oneCCL: env_parser.hpp:100 enum_by_str: EXCEPTION: CCL_ZE_IPC_EXCHANGE: unexpected value: drmfd, expected values: sockets, pidfd
[rank1]: Traceback (most recent call last):
[rank1]:   File "<frozen runpy>", line 198, in _run_module_as_main
[rank1]:   File "<frozen runpy>", line 88, in _run_code
[rank1]:   File "/lus/flare/projects/NLDesignProtein/bryan/Diffusion-dev-space/ProLoopDiff/src/train.py", line 364, in <module>
[rank1]:     main()
[rank1]:   File "/lus/flare/projects/NLDesignProtein/bryan/Diffusion-dev-space/ProLoopDiff/src/train.py", line 177, in main
[rank1]:     broadcast_parameters(model)
[rank1]:   File "/lus/flare/projects/NLDesignProtein/bryan/Diffusion-dev-space/ProLoopDiff/src/dist.py", line 146, in broadcast_parameters
[rank1]:     torch.distributed.broadcast(p.data, src=src)
[rank1]:   File "/opt/aurora/26.26.0/frameworks/aurora_frameworks-2025.3.1/lib/python3.12/site-packages/torch/distributed/c10d_logger.py", line 83, in wrapper
[rank1]:     return func(*args, **kwargs)
[rank1]:            ^^^^^^^^^^^^^^^^^^^^^
[rank1]:   File "/opt/aurora/26.26.0/frameworks/aurora_frameworks-2025.3.1/lib/python3.12/site-packages/torch/distributed/distributed_c10d.py", line 2907, in broadcast
[rank1]:     work = group.broadcast([tensor], opts)
[rank1]:            ^^^^^^^^^^^^^^^^^^^^^^^^^^^^^^^
[rank1]: RuntimeError: oneCCL: env_parser.hpp:100 enum_by_str: EXCEPTION: CCL_ZE_IPC_EXCHANGE: unexpected value: drmfd, expected values: sockets, pidfd
[rank166]: Traceback (most recent call last):
[rank166]:   File "<frozen runpy>", line 198, in _run_module_as_main
[rank166]:   File "<frozen runpy>", line 88, in _run_code
[rank166]:   File "/lus/flare/projects/NLDesignProtein/bryan/Diffusion-dev-space/ProLoopDiff/src/train.py", line 364, in <module>
[rank166]:     main()
[rank166]:   File "/lus/flare/projects/NLDesignProtein/bryan/Diffusion-dev-space/ProLoopDiff/src/train.py", line 177, in main
[rank166]:     broadcast_parameters(model)
[rank166]:   File "/lus/flare/projects/NLDesignProtein/bryan/Diffusion-dev-space/ProLoopDiff/src/dist.py", line 146, in broadcast_parameters
[rank166]:     torch.distributed.broadcast(p.data, src=src)
[rank166]:   File "/opt/aurora/26.26.0/frameworks/aurora_frameworks-2025.3.1/lib/python3.12/site-packages/torch/distributed/c10d_logger.py", line 83, in wrapper
[rank166]:     return func(*args, **kwargs)
[rank166]:            ^^^^^^^^^^^^^^^^^^^^^
[rank166]:   File "/opt/aurora/26.26.0/frameworks/aurora_frameworks-2025.3.1/lib/python3.12/site-packages/torch/distributed/distributed_c10d.py", line 2907, in broadcast
[rank166]:     work = group.broadcast([tensor], opts)
[rank166]:            ^^^^^^^^^^^^^^^^^^^^^^^^^^^^^^^
[rank166]: RuntimeError: oneCCL: env_parser.hpp:100 enum_by_str: EXCEPTION: CCL_ZE_IPC_EXCHANGE: unexpected value: drmfd, expected values: sockets, pidfd
[rank167]: Traceback (most recent call last):
[rank167]:   File "<frozen runpy>", line 198, in _run_module_as_main
[rank167]:   File "<frozen runpy>", line 88, in _run_code
[rank167]:   File "/lus/flare/projects/NLDesignProtein/bryan/Diffusion-dev-space/ProLoopDiff/src/train.py", line 364, in <module>
[rank167]:     main()
[rank167]:   File "/lus/flare/projects/NLDesignProtein/bryan/Diffusion-dev-space/ProLoopDiff/src/train.py", line 177, in main
[rank167]:     broadcast_parameters(model)
[rank167]:   File "/lus/flare/projects/NLDesignProtein/bryan/Diffusion-dev-space/ProLoopDiff/src/dist.py", line 146, in broadcast_parameters
[rank167]:     torch.distributed.broadcast(p.data, src=src)
[rank167]:   File "/opt/aurora/26.26.0/frameworks/aurora_frameworks-2025.3.1/lib/python3.12/site-packages/torch/distributed/c10d_logger.py", line 83, in wrapper
[rank167]:     return func(*args, **kwargs)
[rank167]:            ^^^^^^^^^^^^^^^^^^^^^
[rank167]:   File "/opt/aurora/26.26.0/frameworks/aurora_frameworks-2025.3.1/lib/python3.12/site-packages/torch/distributed/distributed_c10d.py", line 2907, in broadcast
[rank167]:     work = group.broadcast([tensor], opts)
[rank167]:            ^^^^^^^^^^^^^^^^^^^^^^^^^^^^^^^
[rank167]: RuntimeError: oneCCL: env_parser.hpp:100 enum_by_str: EXCEPTION: CCL_ZE_IPC_EXCHANGE: unexpected value: drmfd, expected values: sockets, pidfd
[rank79]: Traceback (most recent call last):
[rank79]:   File "<frozen runpy>", line 198, in _run_module_as_main
[rank79]:   File "<frozen runpy>", line 88, in _run_code
[rank79]:   File "/lus/flare/projects/NLDesignProtein/bryan/Diffusion-dev-space/ProLoopDiff/src/train.py", line 364, in <module>
[rank79]:     main()
[rank79]:   File "/lus/flare/projects/NLDesignProtein/bryan/Diffusion-dev-space/ProLoopDiff/src/train.py", line 177, in main
[rank79]:     broadcast_parameters(model)
[rank79]:   File "/lus/flare/projects/NLDesignProtein/bryan/Diffusion-dev-space/ProLoopDiff/src/dist.py", line 146, in broadcast_parameters
[rank79]:     torch.distributed.broadcast(p.data, src=src)
[rank79]:   File "/opt/aurora/26.26.0/frameworks/aurora_frameworks-2025.3.1/lib/python3.12/site-packages/torch/distributed/c10d_logger.py", line 83, in wrapper
[rank79]:     return func(*args, **kwargs)
[rank79]:            ^^^^^^^^^^^^^^^^^^^^^
[rank79]:   File "/opt/aurora/26.26.0/frameworks/aurora_frameworks-2025.3.1/lib/python3.12/site-packages/torch/distributed/distributed_c10d.py", line 2907, in broadcast
[rank79]:     work = group.broadcast([tensor], opts)
[rank79]:            ^^^^^^^^^^^^^^^^^^^^^^^^^^^^^^^
[rank79]: RuntimeError: oneCCL: env_parser.hpp:100 enum_by_str: EXCEPTION: CCL_ZE_IPC_EXCHANGE: unexpected value: drmfd, expected values: sockets, pidfd
[rank164]: Traceback (most recent call last):
[rank164]:   File "<frozen runpy>", line 198, in _run_module_as_main
[rank164]:   File "<frozen runpy>", line 88, in _run_code
[rank164]:   File "/lus/flare/projects/NLDesignProtein/bryan/Diffusion-dev-space/ProLoopDiff/src/train.py", line 364, in <module>
[rank164]:     main()
[rank164]:   File "/lus/flare/projects/NLDesignProtein/bryan/Diffusion-dev-space/ProLoopDiff/src/train.py", line 177, in main
[rank164]:     broadcast_parameters(model)
[rank164]:   File "/lus/flare/projects/NLDesignProtein/bryan/Diffusion-dev-space/ProLoopDiff/src/dist.py", line 146, in broadcast_parameters
[rank164]:     torch.distributed.broadcast(p.data, src=src)
[rank164]:   File "/opt/aurora/26.26.0/frameworks/aurora_frameworks-2025.3.1/lib/python3.12/site-packages/torch/distributed/c10d_logger.py", line 83, in wrapper
[rank164]:     return func(*args, **kwargs)
[rank164]:            ^^^^^^^^^^^^^^^^^^^^^
[rank164]:   File "/opt/aurora/26.26.0/frameworks/aurora_frameworks-2025.3.1/lib/python3.12/site-packages/torch/distributed/distributed_c10d.py", line 2907, in broadcast
[rank164]:     work = group.broadcast([tensor], opts)
[rank164]:            ^^^^^^^^^^^^^^^^^^^^^^^^^^^^^^^
[rank164]: RuntimeError: oneCCL: env_parser.hpp:100 enum_by_str: EXCEPTION: CCL_ZE_IPC_EXCHANGE: unexpected value: drmfd, expected values: sockets, pidfd
[rank169]: Traceback (most recent call last):
[rank169]:   File "<frozen runpy>", line 198, in _run_module_as_main
[rank169]:   File "<frozen runpy>", line 88, in _run_code
[rank169]:   File "/lus/flare/projects/NLDesignProtein/bryan/Diffusion-dev-space/ProLoopDiff/src/train.py", line 364, in <module>
[rank169]:     main()
[rank169]:   File "/lus/flare/projects/NLDesignProtein/bryan/Diffusion-dev-space/ProLoopDiff/src/train.py", line 177, in main
[rank169]:     broadcast_parameters(model)
[rank169]:   File "/lus/flare/projects/NLDesignProtein/bryan/Diffusion-dev-space/ProLoopDiff/src/dist.py", line 146, in broadcast_parameters
[rank169]:     torch.distributed.broadcast(p.data, src=src)
[rank169]:   File "/opt/aurora/26.26.0/frameworks/aurora_frameworks-2025.3.1/lib/python3.12/site-packages/torch/distributed/c10d_logger.py", line 83, in wrapper
[rank169]:     return func(*args, **kwargs)
[rank169]:            ^^^^^^^^^^^^^^^^^^^^^
[rank169]:   File "/opt/aurora/26.26.0/frameworks/aurora_frameworks-2025.3.1/lib/python3.12/site-packages/torch/distributed/distributed_c10d.py", line 2907, in broadcast
[rank169]:     work = group.broadcast([tensor], opts)
[rank169]:            ^^^^^^^^^^^^^^^^^^^^^^^^^^^^^^^
[rank169]: RuntimeError: oneCCL: env_parser.hpp:100 enum_by_str: EXCEPTION: CCL_ZE_IPC_EXCHANGE: unexpected value: drmfd, expected values: sockets, pidfd
[rank171]: Traceback (most recent call last):
[rank171]:   File "<frozen runpy>", line 198, in _run_module_as_main
[rank171]:   File "<frozen runpy>", line 88, in _run_code
[rank171]:   File "/lus/flare/projects/NLDesignProtein/bryan/Diffusion-dev-space/ProLoopDiff/src/train.py", line 364, in <module>
[rank171]:     main()
[rank171]:   File "/lus/flare/projects/NLDesignProtein/bryan/Diffusion-dev-space/ProLoopDiff/src/train.py", line 177, in main
[rank171]:     broadcast_parameters(model)
[rank171]:   File "/lus/flare/projects/NLDesignProtein/bryan/Diffusion-dev-space/ProLoopDiff/src/dist.py", line 146, in broadcast_parameters
[rank171]:     torch.distributed.broadcast(p.data, src=src)
[rank171]:   File "/opt/aurora/26.26.0/frameworks/aurora_frameworks-2025.3.1/lib/python3.12/site-packages/torch/distributed/c10d_logger.py", line 83, in wrapper
[rank171]:     return func(*args, **kwargs)
[rank171]:            ^^^^^^^^^^^^^^^^^^^^^
[rank171]:   File "/opt/aurora/26.26.0/frameworks/aurora_frameworks-2025.3.1/lib/python3.12/site-packages/torch/distributed/distributed_c10d.py", line 2907, in broadcast
[rank171]:     work = group.broadcast([tensor], opts)
[rank171]:            ^^^^^^^^^^^^^^^^^^^^^^^^^^^^^^^
[rank171]: RuntimeError: oneCCL: env_parser.hpp:100 enum_by_str: EXCEPTION: CCL_ZE_IPC_EXCHANGE: unexpected value: drmfd, expected values: sockets, pidfd
[rank178]: Traceback (most recent call last):
[rank178]:   File "<frozen runpy>", line 198, in _run_module_as_main
[rank178]:   File "<frozen runpy>", line 88, in _run_code
[rank178]:   File "/lus/flare/projects/NLDesignProtein/bryan/Diffusion-dev-space/ProLoopDiff/src/train.py", line 364, in <module>
[rank178]:     main()
[rank178]:   File "/lus/flare/projects/NLDesignProtein/bryan/Diffusion-dev-space/ProLoopDiff/src/train.py", line 177, in main
[rank178]:     broadcast_parameters(model)
[rank178]:   File "/lus/flare/projects/NLDesignProtein/bryan/Diffusion-dev-space/ProLoopDiff/src/dist.py", line 146, in broadcast_parameters
[rank178]:     torch.distributed.broadcast(p.data, src=src)
[rank178]:   File "/opt/aurora/26.26.0/frameworks/aurora_frameworks-2025.3.1/lib/python3.12/site-packages/torch/distributed/c10d_logger.py", line 83, in wrapper
[rank178]:     return func(*args, **kwargs)
[rank178]:            ^^^^^^^^^^^^^^^^^^^^^
[rank178]:   File "/opt/aurora/26.26.0/frameworks/aurora_frameworks-2025.3.1/lib/python3.12/site-packages/torch/distributed/distributed_c10d.py", line 2907, in broadcast
[rank178]:     work = group.broadcast([tensor], opts)
[rank178]:            ^^^^^^^^^^^^^^^^^^^^^^^^^^^^^^^
[rank178]: RuntimeError: oneCCL: env_parser.hpp:100 enum_by_str: EXCEPTION: CCL_ZE_IPC_EXCHANGE: unexpected value: drmfd, expected values: sockets, pidfd
[rank72]: Traceback (most recent call last):
[rank72]:   File "<frozen runpy>", line 198, in _run_module_as_main
[rank72]:   File "<frozen runpy>", line 88, in _run_code
[rank72]:   File "/lus/flare/projects/NLDesignProtein/bryan/Diffusion-dev-space/ProLoopDiff/src/train.py", line 364, in <module>
[rank72]:     main()
[rank72]:   File "/lus/flare/projects/NLDesignProtein/bryan/Diffusion-dev-space/ProLoopDiff/src/train.py", line 177, in main
[rank72]:     broadcast_parameters(model)
[rank72]:   File "/lus/flare/projects/NLDesignProtein/bryan/Diffusion-dev-space/ProLoopDiff/src/dist.py", line 146, in broadcast_parameters
[rank72]:     torch.distributed.broadcast(p.data, src=src)
[rank72]:   File "/opt/aurora/26.26.0/frameworks/aurora_frameworks-2025.3.1/lib/python3.12/site-packages/torch/distributed/c10d_logger.py", line 83, in wrapper
[rank72]:     return func(*args, **kwargs)
[rank72]:            ^^^^^^^^^^^^^^^^^^^^^
[rank72]:   File "/opt/aurora/26.26.0/frameworks/aurora_frameworks-2025.3.1/lib/python3.12/site-packages/torch/distributed/distributed_c10d.py", line 2907, in broadcast
[rank72]:     work = group.broadcast([tensor], opts)
[rank72]:            ^^^^^^^^^^^^^^^^^^^^^^^^^^^^^^^
[rank72]: RuntimeError: oneCCL: env_parser.hpp:100 enum_by_str: EXCEPTION: CCL_ZE_IPC_EXCHANGE: unexpected value: drmfd, expected values: sockets, pidfd
[rank175]: Traceback (most recent call last):
[rank175]:   File "<frozen runpy>", line 198, in _run_module_as_main
[rank175]:   File "<frozen runpy>", line 88, in _run_code
[rank175]:   File "/lus/flare/projects/NLDesignProtein/bryan/Diffusion-dev-space/ProLoopDiff/src/train.py", line 364, in <module>
[rank175]:     main()
[rank175]:   File "/lus/flare/projects/NLDesignProtein/bryan/Diffusion-dev-space/ProLoopDiff/src/train.py", line 177, in main
[rank175]:     broadcast_parameters(model)
[rank175]:   File "/lus/flare/projects/NLDesignProtein/bryan/Diffusion-dev-space/ProLoopDiff/src/dist.py", line 146, in broadcast_parameters
[rank175]:     torch.distributed.broadcast(p.data, src=src)
[rank175]:   File "/opt/aurora/26.26.0/frameworks/aurora_frameworks-2025.3.1/lib/python3.12/site-packages/torch/distributed/c10d_logger.py", line 83, in wrapper
[rank175]:     return func(*args, **kwargs)
[rank175]:            ^^^^^^^^^^^^^^^^^^^^^
[rank175]:   File "/opt/aurora/26.26.0/frameworks/aurora_frameworks-2025.3.1/lib/python3.12/site-packages/torch/distributed/distributed_c10d.py", line 2907, in broadcast
[rank175]:     work = group.broadcast([tensor], opts)
[rank175]:            ^^^^^^^^^^^^^^^^^^^^^^^^^^^^^^^
[rank175]: RuntimeError: oneCCL: env_parser.hpp:100 enum_by_str: EXCEPTION: CCL_ZE_IPC_EXCHANGE: unexpected value: drmfd, expected values: sockets, pidfd
[rank163]: Traceback (most recent call last):
[rank163]:   File "<frozen runpy>", line 198, in _run_module_as_main
[rank163]:   File "<frozen runpy>", line 88, in _run_code
[rank163]:   File "/lus/flare/projects/NLDesignProtein/bryan/Diffusion-dev-space/ProLoopDiff/src/train.py", line 364, in <module>
[rank163]:     main()
[rank163]:   File "/lus/flare/projects/NLDesignProtein/bryan/Diffusion-dev-space/ProLoopDiff/src/train.py", line 177, in main
[rank163]:     broadcast_parameters(model)
[rank163]:   File "/lus/flare/projects/NLDesignProtein/bryan/Diffusion-dev-space/ProLoopDiff/src/dist.py", line 146, in broadcast_parameters
[rank163]:     torch.distributed.broadcast(p.data, src=src)
[rank163]:   File "/opt/aurora/26.26.0/frameworks/aurora_frameworks-2025.3.1/lib/python3.12/site-packages/torch/distributed/c10d_logger.py", line 83, in wrapper
[rank163]:     return func(*args, **kwargs)
[rank163]:            ^^^^^^^^^^^^^^^^^^^^^
[rank163]:   File "/opt/aurora/26.26.0/frameworks/aurora_frameworks-2025.3.1/lib/python3.12/site-packages/torch/distributed/distributed_c10d.py", line 2907, in broadcast
[rank163]:     work = group.broadcast([tensor], opts)
[rank163]:            ^^^^^^^^^^^^^^^^^^^^^^^^^^^^^^^
[rank163]: RuntimeError: oneCCL: env_parser.hpp:100 enum_by_str: EXCEPTION: CCL_ZE_IPC_EXCHANGE: unexpected value: drmfd, expected values: sockets, pidfd
[rank82]: Traceback (most recent call last):
[rank82]:   File "<frozen runpy>", line 198, in _run_module_as_main
[rank82]:   File "<frozen runpy>", line 88, in _run_code
[rank82]:   File "/lus/flare/projects/NLDesignProtein/bryan/Diffusion-dev-space/ProLoopDiff/src/train.py", line 364, in <module>
[rank82]:     main()
[rank82]:   File "/lus/flare/projects/NLDesignProtein/bryan/Diffusion-dev-space/ProLoopDiff/src/train.py", line 177, in main
[rank82]:     broadcast_parameters(model)
[rank82]:   File "/lus/flare/projects/NLDesignProtein/bryan/Diffusion-dev-space/ProLoopDiff/src/dist.py", line 146, in broadcast_parameters
[rank82]:     torch.distributed.broadcast(p.data, src=src)
[rank82]:   File "/opt/aurora/26.26.0/frameworks/aurora_frameworks-2025.3.1/lib/python3.12/site-packages/torch/distributed/c10d_logger.py", line 83, in wrapper
[rank82]:     return func(*args, **kwargs)
[rank82]:            ^^^^^^^^^^^^^^^^^^^^^
[rank82]:   File "/opt/aurora/26.26.0/frameworks/aurora_frameworks-2025.3.1/lib/python3.12/site-packages/torch/distributed/distributed_c10d.py", line 2907, in broadcast
[rank82]:     work = group.broadcast([tensor], opts)
[rank82]:            ^^^^^^^^^^^^^^^^^^^^^^^^^^^^^^^
[rank82]: RuntimeError: oneCCL: env_parser.hpp:100 enum_by_str: EXCEPTION: CCL_ZE_IPC_EXCHANGE: unexpected value: drmfd, expected values: sockets, pidfd
[rank180]: Traceback (most recent call last):
[rank180]:   File "<frozen runpy>", line 198, in _run_module_as_main
[rank180]:   File "<frozen runpy>", line 88, in _run_code
[rank180]:   File "/lus/flare/projects/NLDesignProtein/bryan/Diffusion-dev-space/ProLoopDiff/src/train.py", line 364, in <module>
[rank180]:     main()
[rank180]:   File "/lus/flare/projects/NLDesignProtein/bryan/Diffusion-dev-space/ProLoopDiff/src/train.py", line 177, in main
[rank180]:     broadcast_parameters(model)
[rank180]:   File "/lus/flare/projects/NLDesignProtein/bryan/Diffusion-dev-space/ProLoopDiff/src/dist.py", line 146, in broadcast_parameters
[rank180]:     torch.distributed.broadcast(p.data, src=src)
[rank180]:   File "/opt/aurora/26.26.0/frameworks/aurora_frameworks-2025.3.1/lib/python3.12/site-packages/torch/distributed/c10d_logger.py", line 83, in wrapper
[rank180]:     return func(*args, **kwargs)
[rank180]:            ^^^^^^^^^^^^^^^^^^^^^
[rank180]:   File "/opt/aurora/26.26.0/frameworks/aurora_frameworks-2025.3.1/lib/python3.12/site-packages/torch/distributed/distributed_c10d.py", line 2907, in broadcast
[rank180]:     work = group.broadcast([tensor], opts)
[rank180]:            ^^^^^^^^^^^^^^^^^^^^^^^^^^^^^^^
[rank180]: RuntimeError: oneCCL: env_parser.hpp:100 enum_by_str: EXCEPTION: CCL_ZE_IPC_EXCHANGE: unexpected value: drmfd, expected values: sockets, pidfd
[rank183]: Traceback (most recent call last):
[rank183]:   File "<frozen runpy>", line 198, in _run_module_as_main
[rank183]:   File "<frozen runpy>", line 88, in _run_code
[rank183]:   File "/lus/flare/projects/NLDesignProtein/bryan/Diffusion-dev-space/ProLoopDiff/src/train.py", line 364, in <module>
[rank183]:     main()
[rank183]:   File "/lus/flare/projects/NLDesignProtein/bryan/Diffusion-dev-space/ProLoopDiff/src/train.py", line 177, in main
[rank183]:     broadcast_parameters(model)
[rank183]:   File "/lus/flare/projects/NLDesignProtein/bryan/Diffusion-dev-space/ProLoopDiff/src/dist.py", line 146, in broadcast_parameters
[rank183]:     torch.distributed.broadcast(p.data, src=src)
[rank183]:   File "/opt/aurora/26.26.0/frameworks/aurora_frameworks-2025.3.1/lib/python3.12/site-packages/torch/distributed/c10d_logger.py", line 83, in wrapper
[rank183]:     return func(*args, **kwargs)
[rank183]:            ^^^^^^^^^^^^^^^^^^^^^
[rank183]:   File "/opt/aurora/26.26.0/frameworks/aurora_frameworks-2025.3.1/lib/python3.12/site-packages/torch/distributed/distributed_c10d.py", line 2907, in broadcast
[rank183]:     work = group.broadcast([tensor], opts)
[rank183]:            ^^^^^^^^^^^^^^^^^^^^^^^^^^^^^^^
[rank183]: RuntimeError: oneCCL: env_parser.hpp:100 enum_by_str: EXCEPTION: CCL_ZE_IPC_EXCHANGE: unexpected value: drmfd, expected values: sockets, pidfd
[rank184]: Traceback (most recent call last):
[rank184]:   File "<frozen runpy>", line 198, in _run_module_as_main
[rank184]:   File "<frozen runpy>", line 88, in _run_code
[rank184]:   File "/lus/flare/projects/NLDesignProtein/bryan/Diffusion-dev-space/ProLoopDiff/src/train.py", line 364, in <module>
[rank184]:     main()
[rank184]:   File "/lus/flare/projects/NLDesignProtein/bryan/Diffusion-dev-space/ProLoopDiff/src/train.py", line 177, in main
[rank184]:     broadcast_parameters(model)
[rank184]:   File "/lus/flare/projects/NLDesignProtein/bryan/Diffusion-dev-space/ProLoopDiff/src/dist.py", line 146, in broadcast_parameters
[rank184]:     torch.distributed.broadcast(p.data, src=src)
[rank184]:   File "/opt/aurora/26.26.0/frameworks/aurora_frameworks-2025.3.1/lib/python3.12/site-packages/torch/distributed/c10d_logger.py", line 83, in wrapper
[rank184]:     return func(*args, **kwargs)
[rank184]:            ^^^^^^^^^^^^^^^^^^^^^
[rank184]:   File "/opt/aurora/26.26.0/frameworks/aurora_frameworks-2025.3.1/lib/python3.12/site-packages/torch/distributed/distributed_c10d.py", line 2907, in broadcast
[rank184]:     work = group.broadcast([tensor], opts)
[rank184]:            ^^^^^^^^^^^^^^^^^^^^^^^^^^^^^^^
[rank184]: RuntimeError: oneCCL: env_parser.hpp:100 enum_by_str: EXCEPTION: CCL_ZE_IPC_EXCHANGE: unexpected value: drmfd, expected values: sockets, pidfd
[rank185]: Traceback (most recent call last):
[rank185]:   File "<frozen runpy>", line 198, in _run_module_as_main
[rank185]:   File "<frozen runpy>", line 88, in _run_code
[rank185]:   File "/lus/flare/projects/NLDesignProtein/bryan/Diffusion-dev-space/ProLoopDiff/src/train.py", line 364, in <module>
[rank185]:     main()
[rank185]:   File "/lus/flare/projects/NLDesignProtein/bryan/Diffusion-dev-space/ProLoopDiff/src/train.py", line 177, in main
[rank185]:     broadcast_parameters(model)
[rank185]:   File "/lus/flare/projects/NLDesignProtein/bryan/Diffusion-dev-space/ProLoopDiff/src/dist.py", line 146, in broadcast_parameters
[rank185]:     torch.distributed.broadcast(p.data, src=src)
[rank185]:   File "/opt/aurora/26.26.0/frameworks/aurora_frameworks-2025.3.1/lib/python3.12/site-packages/torch/distributed/c10d_logger.py", line 83, in wrapper
[rank185]:     return func(*args, **kwargs)
[rank185]:            ^^^^^^^^^^^^^^^^^^^^^
[rank185]:   File "/opt/aurora/26.26.0/frameworks/aurora_frameworks-2025.3.1/lib/python3.12/site-packages/torch/distributed/distributed_c10d.py", line 2907, in broadcast
[rank185]:     work = group.broadcast([tensor], opts)
[rank185]:            ^^^^^^^^^^^^^^^^^^^^^^^^^^^^^^^
[rank185]: RuntimeError: oneCCL: env_parser.hpp:100 enum_by_str: EXCEPTION: CCL_ZE_IPC_EXCHANGE: unexpected value: drmfd, expected values: sockets, pidfd
[rank161]: Traceback (most recent call last):
[rank161]:   File "<frozen runpy>", line 198, in _run_module_as_main
[rank161]:   File "<frozen runpy>", line 88, in _run_code
[rank161]:   File "/lus/flare/projects/NLDesignProtein/bryan/Diffusion-dev-space/ProLoopDiff/src/train.py", line 364, in <module>
[rank161]:     main()
[rank161]:   File "/lus/flare/projects/NLDesignProtein/bryan/Diffusion-dev-space/ProLoopDiff/src/train.py", line 177, in main
[rank161]:     broadcast_parameters(model)
[rank161]:   File "/lus/flare/projects/NLDesignProtein/bryan/Diffusion-dev-space/ProLoopDiff/src/dist.py", line 146, in broadcast_parameters
[rank161]:     torch.distributed.broadcast(p.data, src=src)
[rank161]:   File "/opt/aurora/26.26.0/frameworks/aurora_frameworks-2025.3.1/lib/python3.12/site-packages/torch/distributed/c10d_logger.py", line 83, in wrapper
[rank161]:     return func(*args, **kwargs)
[rank161]:            ^^^^^^^^^^^^^^^^^^^^^
[rank161]:   File "/opt/aurora/26.26.0/frameworks/aurora_frameworks-2025.3.1/lib/python3.12/site-packages/torch/distributed/distributed_c10d.py", line 2907, in broadcast
[rank161]:     work = group.broadcast([tensor], opts)
[rank161]:            ^^^^^^^^^^^^^^^^^^^^^^^^^^^^^^^
[rank161]: RuntimeError: oneCCL: env_parser.hpp:100 enum_by_str: EXCEPTION: CCL_ZE_IPC_EXCHANGE: unexpected value: drmfd, expected values: sockets, pidfd
[rank187]: Traceback (most recent call last):
[rank187]:   File "<frozen runpy>", line 198, in _run_module_as_main
[rank187]:   File "<frozen runpy>", line 88, in _run_code
[rank187]:   File "/lus/flare/projects/NLDesignProtein/bryan/Diffusion-dev-space/ProLoopDiff/src/train.py", line 364, in <module>
[rank187]:     main()
[rank187]:   File "/lus/flare/projects/NLDesignProtein/bryan/Diffusion-dev-space/ProLoopDiff/src/train.py", line 177, in main
[rank187]:     broadcast_parameters(model)
[rank187]:   File "/lus/flare/projects/NLDesignProtein/bryan/Diffusion-dev-space/ProLoopDiff/src/dist.py", line 146, in broadcast_parameters
[rank187]:     torch.distributed.broadcast(p.data, src=src)
[rank187]:   File "/opt/aurora/26.26.0/frameworks/aurora_frameworks-2025.3.1/lib/python3.12/site-packages/torch/distributed/c10d_logger.py", line 83, in wrapper
[rank187]:     return func(*args, **kwargs)
[rank187]:            ^^^^^^^^^^^^^^^^^^^^^
[rank187]:   File "/opt/aurora/26.26.0/frameworks/aurora_frameworks-2025.3.1/lib/python3.12/site-packages/torch/distributed/distributed_c10d.py", line 2907, in broadcast
[rank187]:     work = group.broadcast([tensor], opts)
[rank187]:            ^^^^^^^^^^^^^^^^^^^^^^^^^^^^^^^
[rank187]: RuntimeError: oneCCL: env_parser.hpp:100 enum_by_str: EXCEPTION: CCL_ZE_IPC_EXCHANGE: unexpected value: drmfd, expected values: sockets, pidfd
[rank189]: Traceback (most recent call last):
[rank189]:   File "<frozen runpy>", line 198, in _run_module_as_main
[rank189]:   File "<frozen runpy>", line 88, in _run_code
[rank189]:   File "/lus/flare/projects/NLDesignProtein/bryan/Diffusion-dev-space/ProLoopDiff/src/train.py", line 364, in <module>
[rank189]:     main()
[rank189]:   File "/lus/flare/projects/NLDesignProtein/bryan/Diffusion-dev-space/ProLoopDiff/src/train.py", line 177, in main
[rank189]:     broadcast_parameters(model)
[rank189]:   File "/lus/flare/projects/NLDesignProtein/bryan/Diffusion-dev-space/ProLoopDiff/src/dist.py", line 146, in broadcast_parameters
[rank189]:     torch.distributed.broadcast(p.data, src=src)
[rank189]:   File "/opt/aurora/26.26.0/frameworks/aurora_frameworks-2025.3.1/lib/python3.12/site-packages/torch/distributed/c10d_logger.py", line 83, in wrapper
[rank189]:     return func(*args, **kwargs)
[rank189]:            ^^^^^^^^^^^^^^^^^^^^^
[rank189]:   File "/opt/aurora/26.26.0/frameworks/aurora_frameworks-2025.3.1/lib/python3.12/site-packages/torch/distributed/distributed_c10d.py", line 2907, in broadcast
[rank189]:     work = group.broadcast([tensor], opts)
[rank189]:            ^^^^^^^^^^^^^^^^^^^^^^^^^^^^^^^
[rank189]: RuntimeError: oneCCL: env_parser.hpp:100 enum_by_str: EXCEPTION: CCL_ZE_IPC_EXCHANGE: unexpected value: drmfd, expected values: sockets, pidfd
[rank190]: Traceback (most recent call last):
[rank190]:   File "<frozen runpy>", line 198, in _run_module_as_main
[rank190]:   File "<frozen runpy>", line 88, in _run_code
[rank190]:   File "/lus/flare/projects/NLDesignProtein/bryan/Diffusion-dev-space/ProLoopDiff/src/train.py", line 364, in <module>
[rank190]:     main()
[rank190]:   File "/lus/flare/projects/NLDesignProtein/bryan/Diffusion-dev-space/ProLoopDiff/src/train.py", line 177, in main
[rank190]:     broadcast_parameters(model)
[rank190]:   File "/lus/flare/projects/NLDesignProtein/bryan/Diffusion-dev-space/ProLoopDiff/src/dist.py", line 146, in broadcast_parameters
[rank190]:     torch.distributed.broadcast(p.data, src=src)
[rank190]:   File "/opt/aurora/26.26.0/frameworks/aurora_frameworks-2025.3.1/lib/python3.12/site-packages/torch/distributed/c10d_logger.py", line 83, in wrapper
[rank190]:     return func(*args, **kwargs)
[rank190]:            ^^^^^^^^^^^^^^^^^^^^^
[rank190]:   File "/opt/aurora/26.26.0/frameworks/aurora_frameworks-2025.3.1/lib/python3.12/site-packages/torch/distributed/distributed_c10d.py", line 2907, in broadcast
[rank190]:     work = group.broadcast([tensor], opts)
[rank190]:            ^^^^^^^^^^^^^^^^^^^^^^^^^^^^^^^
[rank190]: RuntimeError: oneCCL: env_parser.hpp:100 enum_by_str: EXCEPTION: CCL_ZE_IPC_EXCHANGE: unexpected value: drmfd, expected values: sockets, pidfd
[rank186]: Traceback (most recent call last):
[rank186]:   File "<frozen runpy>", line 198, in _run_module_as_main
[rank186]:   File "<frozen runpy>", line 88, in _run_code
[rank186]:   File "/lus/flare/projects/NLDesignProtein/bryan/Diffusion-dev-space/ProLoopDiff/src/train.py", line 364, in <module>
[rank186]:     main()
[rank186]:   File "/lus/flare/projects/NLDesignProtein/bryan/Diffusion-dev-space/ProLoopDiff/src/train.py", line 177, in main
[rank186]:     broadcast_parameters(model)
[rank186]:   File "/lus/flare/projects/NLDesignProtein/bryan/Diffusion-dev-space/ProLoopDiff/src/dist.py", line 146, in broadcast_parameters
[rank186]:     torch.distributed.broadcast(p.data, src=src)
[rank186]:   File "/opt/aurora/26.26.0/frameworks/aurora_frameworks-2025.3.1/lib/python3.12/site-packages/torch/distributed/c10d_logger.py", line 83, in wrapper
[rank186]:     return func(*args, **kwargs)
[rank186]:            ^^^^^^^^^^^^^^^^^^^^^
[rank186]:   File "/opt/aurora/26.26.0/frameworks/aurora_frameworks-2025.3.1/lib/python3.12/site-packages/torch/distributed/distributed_c10d.py", line 2907, in broadcast
[rank186]:     work = group.broadcast([tensor], opts)
[rank186]:            ^^^^^^^^^^^^^^^^^^^^^^^^^^^^^^^
[rank186]: RuntimeError: oneCCL: env_parser.hpp:100 enum_by_str: EXCEPTION: CCL_ZE_IPC_EXCHANGE: unexpected value: drmfd, expected values: sockets, pidfd
[rank191]: Traceback (most recent call last):
[rank191]:   File "<frozen runpy>", line 198, in _run_module_as_main
[rank191]:   File "<frozen runpy>", line 88, in _run_code
[rank191]:   File "/lus/flare/projects/NLDesignProtein/bryan/Diffusion-dev-space/ProLoopDiff/src/train.py", line 364, in <module>
[rank191]:     main()
[rank191]:   File "/lus/flare/projects/NLDesignProtein/bryan/Diffusion-dev-space/ProLoopDiff/src/train.py", line 177, in main
[rank191]:     broadcast_parameters(model)
[rank191]:   File "/lus/flare/projects/NLDesignProtein/bryan/Diffusion-dev-space/ProLoopDiff/src/dist.py", line 146, in broadcast_parameters
[rank191]:     torch.distributed.broadcast(p.data, src=src)
[rank191]:   File "/opt/aurora/26.26.0/frameworks/aurora_frameworks-2025.3.1/lib/python3.12/site-packages/torch/distributed/c10d_logger.py", line 83, in wrapper
[rank191]:     return func(*args, **kwargs)
[rank191]:            ^^^^^^^^^^^^^^^^^^^^^
[rank191]:   File "/opt/aurora/26.26.0/frameworks/aurora_frameworks-2025.3.1/lib/python3.12/site-packages/torch/distributed/distributed_c10d.py", line 2907, in broadcast
[rank191]:     work = group.broadcast([tensor], opts)
[rank191]:            ^^^^^^^^^^^^^^^^^^^^^^^^^^^^^^^
[rank191]: RuntimeError: oneCCL: env_parser.hpp:100 enum_by_str: EXCEPTION: CCL_ZE_IPC_EXCHANGE: unexpected value: drmfd, expected values: sockets, pidfd
[rank75]: Traceback (most recent call last):
[rank75]:   File "<frozen runpy>", line 198, in _run_module_as_main
[rank75]:   File "<frozen runpy>", line 88, in _run_code
[rank75]:   File "/lus/flare/projects/NLDesignProtein/bryan/Diffusion-dev-space/ProLoopDiff/src/train.py", line 364, in <module>
[rank75]:     main()
[rank75]:   File "/lus/flare/projects/NLDesignProtein/bryan/Diffusion-dev-space/ProLoopDiff/src/train.py", line 177, in main
[rank75]:     broadcast_parameters(model)
[rank75]:   File "/lus/flare/projects/NLDesignProtein/bryan/Diffusion-dev-space/ProLoopDiff/src/dist.py", line 146, in broadcast_parameters
[rank75]:     torch.distributed.broadcast(p.data, src=src)
[rank75]:   File "/opt/aurora/26.26.0/frameworks/aurora_frameworks-2025.3.1/lib/python3.12/site-packages/torch/distributed/c10d_logger.py", line 83, in wrapper
[rank75]:     return func(*args, **kwargs)
[rank75]:            ^^^^^^^^^^^^^^^^^^^^^
[rank75]:   File "/opt/aurora/26.26.0/frameworks/aurora_frameworks-2025.3.1/lib/python3.12/site-packages/torch/distributed/distributed_c10d.py", line 2907, in broadcast
[rank75]:     work = group.broadcast([tensor], opts)
[rank75]:            ^^^^^^^^^^^^^^^^^^^^^^^^^^^^^^^
[rank75]: RuntimeError: oneCCL: env_parser.hpp:100 enum_by_str: EXCEPTION: CCL_ZE_IPC_EXCHANGE: unexpected value: drmfd, expected values: sockets, pidfd
[rank78]: Traceback (most recent call last):
[rank78]:   File "<frozen runpy>", line 198, in _run_module_as_main
[rank78]:   File "<frozen runpy>", line 88, in _run_code
[rank78]:   File "/lus/flare/projects/NLDesignProtein/bryan/Diffusion-dev-space/ProLoopDiff/src/train.py", line 364, in <module>
[rank78]:     main()
[rank78]:   File "/lus/flare/projects/NLDesignProtein/bryan/Diffusion-dev-space/ProLoopDiff/src/train.py", line 177, in main
[rank78]:     broadcast_parameters(model)
[rank78]:   File "/lus/flare/projects/NLDesignProtein/bryan/Diffusion-dev-space/ProLoopDiff/src/dist.py", line 146, in broadcast_parameters
[rank78]:     torch.distributed.broadcast(p.data, src=src)
[rank78]:   File "/opt/aurora/26.26.0/frameworks/aurora_frameworks-2025.3.1/lib/python3.12/site-packages/torch/distributed/c10d_logger.py", line 83, in wrapper
[rank78]:     return func(*args, **kwargs)
[rank78]:            ^^^^^^^^^^^^^^^^^^^^^
[rank78]:   File "/opt/aurora/26.26.0/frameworks/aurora_frameworks-2025.3.1/lib/python3.12/site-packages/torch/distributed/distributed_c10d.py", line 2907, in broadcast
[rank78]:     work = group.broadcast([tensor], opts)
[rank78]:            ^^^^^^^^^^^^^^^^^^^^^^^^^^^^^^^
[rank78]: RuntimeError: oneCCL: env_parser.hpp:100 enum_by_str: EXCEPTION: CCL_ZE_IPC_EXCHANGE: unexpected value: drmfd, expected values: sockets, pidfd
[rank176]: Traceback (most recent call last):
[rank176]:   File "<frozen runpy>", line 198, in _run_module_as_main
[rank176]:   File "<frozen runpy>", line 88, in _run_code
[rank176]:   File "/lus/flare/projects/NLDesignProtein/bryan/Diffusion-dev-space/ProLoopDiff/src/train.py", line 364, in <module>
[rank176]:     main()
[rank176]:   File "/lus/flare/projects/NLDesignProtein/bryan/Diffusion-dev-space/ProLoopDiff/src/train.py", line 177, in main
[rank176]:     broadcast_parameters(model)
[rank176]:   File "/lus/flare/projects/NLDesignProtein/bryan/Diffusion-dev-space/ProLoopDiff/src/dist.py", line 146, in broadcast_parameters
[rank176]:     torch.distributed.broadcast(p.data, src=src)
[rank176]:   File "/opt/aurora/26.26.0/frameworks/aurora_frameworks-2025.3.1/lib/python3.12/site-packages/torch/distributed/c10d_logger.py", line 83, in wrapper
[rank176]:     return func(*args, **kwargs)
[rank176]:            ^^^^^^^^^^^^^^^^^^^^^
[rank176]:   File "/opt/aurora/26.26.0/frameworks/aurora_frameworks-2025.3.1/lib/python3.12/site-packages/torch/distributed/distributed_c10d.py", line 2907, in broadcast
[rank176]:     work = group.broadcast([tensor], opts)
[rank176]:            ^^^^^^^^^^^^^^^^^^^^^^^^^^^^^^^
[rank176]: RuntimeError: oneCCL: env_parser.hpp:100 enum_by_str: EXCEPTION: CCL_ZE_IPC_EXCHANGE: unexpected value: drmfd, expected values: sockets, pidfd
[rank12]: Traceback (most recent call last):
[rank12]:   File "<frozen runpy>", line 198, in _run_module_as_main
[rank12]:   File "<frozen runpy>", line 88, in _run_code
[rank12]:   File "/lus/flare/projects/NLDesignProtein/bryan/Diffusion-dev-space/ProLoopDiff/src/train.py", line 364, in <module>
[rank12]:     main()
[rank12]:   File "/lus/flare/projects/NLDesignProtein/bryan/Diffusion-dev-space/ProLoopDiff/src/train.py", line 177, in main
[rank12]:     broadcast_parameters(model)
[rank12]:   File "/lus/flare/projects/NLDesignProtein/bryan/Diffusion-dev-space/ProLoopDiff/src/dist.py", line 146, in broadcast_parameters
[rank12]:     torch.distributed.broadcast(p.data, src=src)
[rank12]:   File "/opt/aurora/26.26.0/frameworks/aurora_frameworks-2025.3.1/lib/python3.12/site-packages/torch/distributed/c10d_logger.py", line 83, in wrapper
[rank12]:     return func(*args, **kwargs)
[rank12]:            ^^^^^^^^^^^^^^^^^^^^^
[rank12]:   File "/opt/aurora/26.26.0/frameworks/aurora_frameworks-2025.3.1/lib/python3.12/site-packages/torch/distributed/distributed_c10d.py", line 2907, in broadcast
[rank12]:     work = group.broadcast([tensor], opts)
[rank12]:            ^^^^^^^^^^^^^^^^^^^^^^^^^^^^^^^
[rank12]: RuntimeError: oneCCL: env_parser.hpp:100 enum_by_str: EXCEPTION: CCL_ZE_IPC_EXCHANGE: unexpected value: drmfd, expected values: sockets, pidfd
[rank13]: Traceback (most recent call last):
[rank13]:   File "<frozen runpy>", line 198, in _run_module_as_main
[rank13]:   File "<frozen runpy>", line 88, in _run_code
[rank13]:   File "/lus/flare/projects/NLDesignProtein/bryan/Diffusion-dev-space/ProLoopDiff/src/train.py", line 364, in <module>
[rank13]:     main()
[rank13]:   File "/lus/flare/projects/NLDesignProtein/bryan/Diffusion-dev-space/ProLoopDiff/src/train.py", line 177, in main
[rank13]:     broadcast_parameters(model)
[rank13]:   File "/lus/flare/projects/NLDesignProtein/bryan/Diffusion-dev-space/ProLoopDiff/src/dist.py", line 146, in broadcast_parameters
[rank13]:     torch.distributed.broadcast(p.data, src=src)
[rank13]:   File "/opt/aurora/26.26.0/frameworks/aurora_frameworks-2025.3.1/lib/python3.12/site-packages/torch/distributed/c10d_logger.py", line 83, in wrapper
[rank13]:     return func(*args, **kwargs)
[rank13]:            ^^^^^^^^^^^^^^^^^^^^^
[rank13]:   File "/opt/aurora/26.26.0/frameworks/aurora_frameworks-2025.3.1/lib/python3.12/site-packages/torch/distributed/distributed_c10d.py", line 2907, in broadcast
[rank13]:     work = group.broadcast([tensor], opts)
[rank13]:            ^^^^^^^^^^^^^^^^^^^^^^^^^^^^^^^
[rank13]: RuntimeError: oneCCL: env_parser.hpp:100 enum_by_str: EXCEPTION: CCL_ZE_IPC_EXCHANGE: unexpected value: drmfd, expected values: sockets, pidfd
[rank14]: Traceback (most recent call last):
[rank14]:   File "<frozen runpy>", line 198, in _run_module_as_main
[rank14]:   File "<frozen runpy>", line 88, in _run_code
[rank14]:   File "/lus/flare/projects/NLDesignProtein/bryan/Diffusion-dev-space/ProLoopDiff/src/train.py", line 364, in <module>
[rank14]:     main()
[rank14]:   File "/lus/flare/projects/NLDesignProtein/bryan/Diffusion-dev-space/ProLoopDiff/src/train.py", line 177, in main
[rank14]:     broadcast_parameters(model)
[rank14]:   File "/lus/flare/projects/NLDesignProtein/bryan/Diffusion-dev-space/ProLoopDiff/src/dist.py", line 146, in broadcast_parameters
[rank14]:     torch.distributed.broadcast(p.data, src=src)
[rank14]:   File "/opt/aurora/26.26.0/frameworks/aurora_frameworks-2025.3.1/lib/python3.12/site-packages/torch/distributed/c10d_logger.py", line 83, in wrapper
[rank14]:     return func(*args, **kwargs)
[rank14]:            ^^^^^^^^^^^^^^^^^^^^^
[rank14]:   File "/opt/aurora/26.26.0/frameworks/aurora_frameworks-2025.3.1/lib/python3.12/site-packages/torch/distributed/distributed_c10d.py", line 2907, in broadcast
[rank14]:     work = group.broadcast([tensor], opts)
[rank14]:            ^^^^^^^^^^^^^^^^^^^^^^^^^^^^^^^
[rank14]: RuntimeError: oneCCL: env_parser.hpp:100 enum_by_str: EXCEPTION: CCL_ZE_IPC_EXCHANGE: unexpected value: drmfd, expected values: sockets, pidfd
[rank16]: Traceback (most recent call last):
[rank16]:   File "<frozen runpy>", line 198, in _run_module_as_main
[rank16]:   File "<frozen runpy>", line 88, in _run_code
[rank16]:   File "/lus/flare/projects/NLDesignProtein/bryan/Diffusion-dev-space/ProLoopDiff/src/train.py", line 364, in <module>
[rank16]:     main()
[rank16]:   File "/lus/flare/projects/NLDesignProtein/bryan/Diffusion-dev-space/ProLoopDiff/src/train.py", line 177, in main
[rank16]:     broadcast_parameters(model)
[rank16]:   File "/lus/flare/projects/NLDesignProtein/bryan/Diffusion-dev-space/ProLoopDiff/src/dist.py", line 146, in broadcast_parameters
[rank16]:     torch.distributed.broadcast(p.data, src=src)
[rank16]:   File "/opt/aurora/26.26.0/frameworks/aurora_frameworks-2025.3.1/lib/python3.12/site-packages/torch/distributed/c10d_logger.py", line 83, in wrapper
[rank16]:     return func(*args, **kwargs)
[rank16]:            ^^^^^^^^^^^^^^^^^^^^^
[rank16]:   File "/opt/aurora/26.26.0/frameworks/aurora_frameworks-2025.3.1/lib/python3.12/site-packages/torch/distributed/distributed_c10d.py", line 2907, in broadcast
[rank16]:     work = group.broadcast([tensor], opts)
[rank16]:            ^^^^^^^^^^^^^^^^^^^^^^^^^^^^^^^
[rank16]: RuntimeError: oneCCL: env_parser.hpp:100 enum_by_str: EXCEPTION: CCL_ZE_IPC_EXCHANGE: unexpected value: drmfd, expected values: sockets, pidfd
[rank17]: Traceback (most recent call last):
[rank17]:   File "<frozen runpy>", line 198, in _run_module_as_main
[rank17]:   File "<frozen runpy>", line 88, in _run_code
[rank17]:   File "/lus/flare/projects/NLDesignProtein/bryan/Diffusion-dev-space/ProLoopDiff/src/train.py", line 364, in <module>
[rank17]:     main()
[rank17]:   File "/lus/flare/projects/NLDesignProtein/bryan/Diffusion-dev-space/ProLoopDiff/src/train.py", line 177, in main
[rank17]:     broadcast_parameters(model)
[rank17]:   File "/lus/flare/projects/NLDesignProtein/bryan/Diffusion-dev-space/ProLoopDiff/src/dist.py", line 146, in broadcast_parameters
[rank17]:     torch.distributed.broadcast(p.data, src=src)
[rank17]:   File "/opt/aurora/26.26.0/frameworks/aurora_frameworks-2025.3.1/lib/python3.12/site-packages/torch/distributed/c10d_logger.py", line 83, in wrapper
[rank17]:     return func(*args, **kwargs)
[rank17]:            ^^^^^^^^^^^^^^^^^^^^^
[rank17]:   File "/opt/aurora/26.26.0/frameworks/aurora_frameworks-2025.3.1/lib/python3.12/site-packages/torch/distributed/distributed_c10d.py", line 2907, in broadcast
[rank17]:     work = group.broadcast([tensor], opts)
[rank17]:            ^^^^^^^^^^^^^^^^^^^^^^^^^^^^^^^
[rank17]: RuntimeError: oneCCL: env_parser.hpp:100 enum_by_str: EXCEPTION: CCL_ZE_IPC_EXCHANGE: unexpected value: drmfd, expected values: sockets, pidfd
[rank19]: Traceback (most recent call last):
[rank19]:   File "<frozen runpy>", line 198, in _run_module_as_main
[rank19]:   File "<frozen runpy>", line 88, in _run_code
[rank19]:   File "/lus/flare/projects/NLDesignProtein/bryan/Diffusion-dev-space/ProLoopDiff/src/train.py", line 364, in <module>
[rank19]:     main()
[rank19]:   File "/lus/flare/projects/NLDesignProtein/bryan/Diffusion-dev-space/ProLoopDiff/src/train.py", line 177, in main
[rank19]:     broadcast_parameters(model)
[rank19]:   File "/lus/flare/projects/NLDesignProtein/bryan/Diffusion-dev-space/ProLoopDiff/src/dist.py", line 146, in broadcast_parameters
[rank19]:     torch.distributed.broadcast(p.data, src=src)
[rank19]:   File "/opt/aurora/26.26.0/frameworks/aurora_frameworks-2025.3.1/lib/python3.12/site-packages/torch/distributed/c10d_logger.py", line 83, in wrapper
[rank19]:     return func(*args, **kwargs)
[rank19]:            ^^^^^^^^^^^^^^^^^^^^^
[rank19]:   File "/opt/aurora/26.26.0/frameworks/aurora_frameworks-2025.3.1/lib/python3.12/site-packages/torch/distributed/distributed_c10d.py", line 2907, in broadcast
[rank19]:     work = group.broadcast([tensor], opts)
[rank19]:            ^^^^^^^^^^^^^^^^^^^^^^^^^^^^^^^
[rank19]: RuntimeError: oneCCL: env_parser.hpp:100 enum_by_str: EXCEPTION: CCL_ZE_IPC_EXCHANGE: unexpected value: drmfd, expected values: sockets, pidfd
[rank21]: Traceback (most recent call last):
[rank21]:   File "<frozen runpy>", line 198, in _run_module_as_main
[rank21]:   File "<frozen runpy>", line 88, in _run_code
[rank21]:   File "/lus/flare/projects/NLDesignProtein/bryan/Diffusion-dev-space/ProLoopDiff/src/train.py", line 364, in <module>
[rank21]:     main()
[rank21]:   File "/lus/flare/projects/NLDesignProtein/bryan/Diffusion-dev-space/ProLoopDiff/src/train.py", line 177, in main
[rank21]:     broadcast_parameters(model)
[rank21]:   File "/lus/flare/projects/NLDesignProtein/bryan/Diffusion-dev-space/ProLoopDiff/src/dist.py", line 146, in broadcast_parameters
[rank21]:     torch.distributed.broadcast(p.data, src=src)
[rank21]:   File "/opt/aurora/26.26.0/frameworks/aurora_frameworks-2025.3.1/lib/python3.12/site-packages/torch/distributed/c10d_logger.py", line 83, in wrapper
[rank21]:     return func(*args, **kwargs)
[rank21]:            ^^^^^^^^^^^^^^^^^^^^^
[rank21]:   File "/opt/aurora/26.26.0/frameworks/aurora_frameworks-2025.3.1/lib/python3.12/site-packages/torch/distributed/distributed_c10d.py", line 2907, in broadcast
[rank21]:     work = group.broadcast([tensor], opts)
[rank21]:            ^^^^^^^^^^^^^^^^^^^^^^^^^^^^^^^
[rank21]: RuntimeError: oneCCL: env_parser.hpp:100 enum_by_str: EXCEPTION: CCL_ZE_IPC_EXCHANGE: unexpected value: drmfd, expected values: sockets, pidfd
[rank22]: Traceback (most recent call last):
[rank22]:   File "<frozen runpy>", line 198, in _run_module_as_main
[rank22]:   File "<frozen runpy>", line 88, in _run_code
[rank22]:   File "/lus/flare/projects/NLDesignProtein/bryan/Diffusion-dev-space/ProLoopDiff/src/train.py", line 364, in <module>
[rank22]:     main()
[rank22]:   File "/lus/flare/projects/NLDesignProtein/bryan/Diffusion-dev-space/ProLoopDiff/src/train.py", line 177, in main
[rank22]:     broadcast_parameters(model)
[rank22]:   File "/lus/flare/projects/NLDesignProtein/bryan/Diffusion-dev-space/ProLoopDiff/src/dist.py", line 146, in broadcast_parameters
[rank22]:     torch.distributed.broadcast(p.data, src=src)
[rank22]:   File "/opt/aurora/26.26.0/frameworks/aurora_frameworks-2025.3.1/lib/python3.12/site-packages/torch/distributed/c10d_logger.py", line 83, in wrapper
[rank22]:     return func(*args, **kwargs)
[rank22]:            ^^^^^^^^^^^^^^^^^^^^^
[rank22]:   File "/opt/aurora/26.26.0/frameworks/aurora_frameworks-2025.3.1/lib/python3.12/site-packages/torch/distributed/distributed_c10d.py", line 2907, in broadcast
[rank22]:     work = group.broadcast([tensor], opts)
[rank22]:            ^^^^^^^^^^^^^^^^^^^^^^^^^^^^^^^
[rank22]: RuntimeError: oneCCL: env_parser.hpp:100 enum_by_str: EXCEPTION: CCL_ZE_IPC_EXCHANGE: unexpected value: drmfd, expected values: sockets, pidfd
[rank23]: Traceback (most recent call last):
[rank23]:   File "<frozen runpy>", line 198, in _run_module_as_main
[rank23]:   File "<frozen runpy>", line 88, in _run_code
[rank23]:   File "/lus/flare/projects/NLDesignProtein/bryan/Diffusion-dev-space/ProLoopDiff/src/train.py", line 364, in <module>
[rank23]:     main()
[rank23]:   File "/lus/flare/projects/NLDesignProtein/bryan/Diffusion-dev-space/ProLoopDiff/src/train.py", line 177, in main
[rank23]:     broadcast_parameters(model)
[rank23]:   File "/lus/flare/projects/NLDesignProtein/bryan/Diffusion-dev-space/ProLoopDiff/src/dist.py", line 146, in broadcast_parameters
[rank23]:     torch.distributed.broadcast(p.data, src=src)
[rank23]:   File "/opt/aurora/26.26.0/frameworks/aurora_frameworks-2025.3.1/lib/python3.12/site-packages/torch/distributed/c10d_logger.py", line 83, in wrapper
[rank23]:     return func(*args, **kwargs)
[rank23]:            ^^^^^^^^^^^^^^^^^^^^^
[rank23]:   File "/opt/aurora/26.26.0/frameworks/aurora_frameworks-2025.3.1/lib/python3.12/site-packages/torch/distributed/distributed_c10d.py", line 2907, in broadcast
[rank23]:     work = group.broadcast([tensor], opts)
[rank23]:            ^^^^^^^^^^^^^^^^^^^^^^^^^^^^^^^
[rank23]: RuntimeError: oneCCL: env_parser.hpp:100 enum_by_str: EXCEPTION: CCL_ZE_IPC_EXCHANGE: unexpected value: drmfd, expected values: sockets, pidfd
[rank182]: Traceback (most recent call last):
[rank182]:   File "<frozen runpy>", line 198, in _run_module_as_main
[rank182]:   File "<frozen runpy>", line 88, in _run_code
[rank182]:   File "/lus/flare/projects/NLDesignProtein/bryan/Diffusion-dev-space/ProLoopDiff/src/train.py", line 364, in <module>
[rank182]:     main()
[rank182]:   File "/lus/flare/projects/NLDesignProtein/bryan/Diffusion-dev-space/ProLoopDiff/src/train.py", line 177, in main
[rank182]:     broadcast_parameters(model)
[rank182]:   File "/lus/flare/projects/NLDesignProtein/bryan/Diffusion-dev-space/ProLoopDiff/src/dist.py", line 146, in broadcast_parameters
[rank182]:     torch.distributed.broadcast(p.data, src=src)
[rank182]:   File "/opt/aurora/26.26.0/frameworks/aurora_frameworks-2025.3.1/lib/python3.12/site-packages/torch/distributed/c10d_logger.py", line 83, in wrapper
[rank182]:     return func(*args, **kwargs)
[rank182]:            ^^^^^^^^^^^^^^^^^^^^^
[rank182]:   File "/opt/aurora/26.26.0/frameworks/aurora_frameworks-2025.3.1/lib/python3.12/site-packages/torch/distributed/distributed_c10d.py", line 2907, in broadcast
[rank182]:     work = group.broadcast([tensor], opts)
[rank182]:            ^^^^^^^^^^^^^^^^^^^^^^^^^^^^^^^
[rank182]: RuntimeError: oneCCL: env_parser.hpp:100 enum_by_str: EXCEPTION: CCL_ZE_IPC_EXCHANGE: unexpected value: drmfd, expected values: sockets, pidfd
[rank181]: Traceback (most recent call last):
[rank181]:   File "<frozen runpy>", line 198, in _run_module_as_main
[rank181]:   File "<frozen runpy>", line 88, in _run_code
[rank181]:   File "/lus/flare/projects/NLDesignProtein/bryan/Diffusion-dev-space/ProLoopDiff/src/train.py", line 364, in <module>
[rank181]:     main()
[rank181]:   File "/lus/flare/projects/NLDesignProtein/bryan/Diffusion-dev-space/ProLoopDiff/src/train.py", line 177, in main
[rank181]:     broadcast_parameters(model)
[rank181]:   File "/lus/flare/projects/NLDesignProtein/bryan/Diffusion-dev-space/ProLoopDiff/src/dist.py", line 146, in broadcast_parameters
[rank181]:     torch.distributed.broadcast(p.data, src=src)
[rank181]:   File "/opt/aurora/26.26.0/frameworks/aurora_frameworks-2025.3.1/lib/python3.12/site-packages/torch/distributed/c10d_logger.py", line 83, in wrapper
[rank181]:     return func(*args, **kwargs)
[rank181]:            ^^^^^^^^^^^^^^^^^^^^^
[rank181]:   File "/opt/aurora/26.26.0/frameworks/aurora_frameworks-2025.3.1/lib/python3.12/site-packages/torch/distributed/distributed_c10d.py", line 2907, in broadcast
[rank181]:     work = group.broadcast([tensor], opts)
[rank181]:            ^^^^^^^^^^^^^^^^^^^^^^^^^^^^^^^
[rank181]: RuntimeError: oneCCL: env_parser.hpp:100 enum_by_str: EXCEPTION: CCL_ZE_IPC_EXCHANGE: unexpected value: drmfd, expected values: sockets, pidfd
[rank20]: Traceback (most recent call last):
[rank20]:   File "<frozen runpy>", line 198, in _run_module_as_main
[rank20]:   File "<frozen runpy>", line 88, in _run_code
[rank20]:   File "/lus/flare/projects/NLDesignProtein/bryan/Diffusion-dev-space/ProLoopDiff/src/train.py", line 364, in <module>
[rank20]:     main()
[rank20]:   File "/lus/flare/projects/NLDesignProtein/bryan/Diffusion-dev-space/ProLoopDiff/src/train.py", line 177, in main
[rank20]:     broadcast_parameters(model)
[rank20]:   File "/lus/flare/projects/NLDesignProtein/bryan/Diffusion-dev-space/ProLoopDiff/src/dist.py", line 146, in broadcast_parameters
[rank20]:     torch.distributed.broadcast(p.data, src=src)
[rank20]:   File "/opt/aurora/26.26.0/frameworks/aurora_frameworks-2025.3.1/lib/python3.12/site-packages/torch/distributed/c10d_logger.py", line 83, in wrapper
[rank20]:     return func(*args, **kwargs)
[rank20]:            ^^^^^^^^^^^^^^^^^^^^^
[rank20]:   File "/opt/aurora/26.26.0/frameworks/aurora_frameworks-2025.3.1/lib/python3.12/site-packages/torch/distributed/distributed_c10d.py", line 2907, in broadcast
[rank20]:     work = group.broadcast([tensor], opts)
[rank20]:            ^^^^^^^^^^^^^^^^^^^^^^^^^^^^^^^
[rank20]: RuntimeError: oneCCL: env_parser.hpp:100 enum_by_str: EXCEPTION: CCL_ZE_IPC_EXCHANGE: unexpected value: drmfd, expected values: sockets, pidfd
[rank48]: Traceback (most recent call last):
[rank48]:   File "<frozen runpy>", line 198, in _run_module_as_main
[rank48]:   File "<frozen runpy>", line 88, in _run_code
[rank48]:   File "/lus/flare/projects/NLDesignProtein/bryan/Diffusion-dev-space/ProLoopDiff/src/train.py", line 364, in <module>
[rank48]:     main()
[rank48]:   File "/lus/flare/projects/NLDesignProtein/bryan/Diffusion-dev-space/ProLoopDiff/src/train.py", line 177, in main
[rank48]:     broadcast_parameters(model)
[rank48]:   File "/lus/flare/projects/NLDesignProtein/bryan/Diffusion-dev-space/ProLoopDiff/src/dist.py", line 146, in broadcast_parameters
[rank48]:     torch.distributed.broadcast(p.data, src=src)
[rank48]:   File "/opt/aurora/26.26.0/frameworks/aurora_frameworks-2025.3.1/lib/python3.12/site-packages/torch/distributed/c10d_logger.py", line 83, in wrapper
[rank48]:     return func(*args, **kwargs)
[rank48]:            ^^^^^^^^^^^^^^^^^^^^^
[rank48]:   File "/opt/aurora/26.26.0/frameworks/aurora_frameworks-2025.3.1/lib/python3.12/site-packages/torch/distributed/distributed_c10d.py", line 2907, in broadcast
[rank48]:     work = group.broadcast([tensor], opts)
[rank48]:            ^^^^^^^^^^^^^^^^^^^^^^^^^^^^^^^
[rank48]: RuntimeError: oneCCL: env_parser.hpp:100 enum_by_str: EXCEPTION: CCL_ZE_IPC_EXCHANGE: unexpected value: drmfd, expected values: sockets, pidfd
[rank49]: Traceback (most recent call last):
[rank49]:   File "<frozen runpy>", line 198, in _run_module_as_main
[rank49]:   File "<frozen runpy>", line 88, in _run_code
[rank49]:   File "/lus/flare/projects/NLDesignProtein/bryan/Diffusion-dev-space/ProLoopDiff/src/train.py", line 364, in <module>
[rank49]:     main()
[rank49]:   File "/lus/flare/projects/NLDesignProtein/bryan/Diffusion-dev-space/ProLoopDiff/src/train.py", line 177, in main
[rank49]:     broadcast_parameters(model)
[rank49]:   File "/lus/flare/projects/NLDesignProtein/bryan/Diffusion-dev-space/ProLoopDiff/src/dist.py", line 146, in broadcast_parameters
[rank49]:     torch.distributed.broadcast(p.data, src=src)
[rank49]:   File "/opt/aurora/26.26.0/frameworks/aurora_frameworks-2025.3.1/lib/python3.12/site-packages/torch/distributed/c10d_logger.py", line 83, in wrapper
[rank49]:     return func(*args, **kwargs)
[rank49]:            ^^^^^^^^^^^^^^^^^^^^^
[rank49]:   File "/opt/aurora/26.26.0/frameworks/aurora_frameworks-2025.3.1/lib/python3.12/site-packages/torch/distributed/distributed_c10d.py", line 2907, in broadcast
[rank49]:     work = group.broadcast([tensor], opts)
[rank49]:            ^^^^^^^^^^^^^^^^^^^^^^^^^^^^^^^
[rank49]: RuntimeError: oneCCL: env_parser.hpp:100 enum_by_str: EXCEPTION: CCL_ZE_IPC_EXCHANGE: unexpected value: drmfd, expected values: sockets, pidfd
[rank50]: Traceback (most recent call last):
[rank50]:   File "<frozen runpy>", line 198, in _run_module_as_main
[rank50]:   File "<frozen runpy>", line 88, in _run_code
[rank50]:   File "/lus/flare/projects/NLDesignProtein/bryan/Diffusion-dev-space/ProLoopDiff/src/train.py", line 364, in <module>
[rank50]:     main()
[rank50]:   File "/lus/flare/projects/NLDesignProtein/bryan/Diffusion-dev-space/ProLoopDiff/src/train.py", line 177, in main
[rank50]:     broadcast_parameters(model)
[rank50]:   File "/lus/flare/projects/NLDesignProtein/bryan/Diffusion-dev-space/ProLoopDiff/src/dist.py", line 146, in broadcast_parameters
[rank50]:     torch.distributed.broadcast(p.data, src=src)
[rank50]:   File "/opt/aurora/26.26.0/frameworks/aurora_frameworks-2025.3.1/lib/python3.12/site-packages/torch/distributed/c10d_logger.py", line 83, in wrapper
[rank50]:     return func(*args, **kwargs)
[rank50]:            ^^^^^^^^^^^^^^^^^^^^^
[rank50]:   File "/opt/aurora/26.26.0/frameworks/aurora_frameworks-2025.3.1/lib/python3.12/site-packages/torch/distributed/distributed_c10d.py", line 2907, in broadcast
[rank50]:     work = group.broadcast([tensor], opts)
[rank50]:            ^^^^^^^^^^^^^^^^^^^^^^^^^^^^^^^
[rank50]: RuntimeError: oneCCL: env_parser.hpp:100 enum_by_str: EXCEPTION: CCL_ZE_IPC_EXCHANGE: unexpected value: drmfd, expected values: sockets, pidfd
[rank51]: Traceback (most recent call last):
[rank51]:   File "<frozen runpy>", line 198, in _run_module_as_main
[rank51]:   File "<frozen runpy>", line 88, in _run_code
[rank51]:   File "/lus/flare/projects/NLDesignProtein/bryan/Diffusion-dev-space/ProLoopDiff/src/train.py", line 364, in <module>
[rank51]:     main()
[rank51]:   File "/lus/flare/projects/NLDesignProtein/bryan/Diffusion-dev-space/ProLoopDiff/src/train.py", line 177, in main
[rank51]:     broadcast_parameters(model)
[rank51]:   File "/lus/flare/projects/NLDesignProtein/bryan/Diffusion-dev-space/ProLoopDiff/src/dist.py", line 146, in broadcast_parameters
[rank51]:     torch.distributed.broadcast(p.data, src=src)
[rank51]:   File "/opt/aurora/26.26.0/frameworks/aurora_frameworks-2025.3.1/lib/python3.12/site-packages/torch/distributed/c10d_logger.py", line 83, in wrapper
[rank51]:     return func(*args, **kwargs)
[rank51]:            ^^^^^^^^^^^^^^^^^^^^^
[rank51]:   File "/opt/aurora/26.26.0/frameworks/aurora_frameworks-2025.3.1/lib/python3.12/site-packages/torch/distributed/distributed_c10d.py", line 2907, in broadcast
[rank51]:     work = group.broadcast([tensor], opts)
[rank51]:            ^^^^^^^^^^^^^^^^^^^^^^^^^^^^^^^
[rank51]: RuntimeError: oneCCL: env_parser.hpp:100 enum_by_str: EXCEPTION: CCL_ZE_IPC_EXCHANGE: unexpected value: drmfd, expected values: sockets, pidfd
[rank52]: Traceback (most recent call last):
[rank52]:   File "<frozen runpy>", line 198, in _run_module_as_main
[rank52]:   File "<frozen runpy>", line 88, in _run_code
[rank52]:   File "/lus/flare/projects/NLDesignProtein/bryan/Diffusion-dev-space/ProLoopDiff/src/train.py", line 364, in <module>
[rank52]:     main()
[rank52]:   File "/lus/flare/projects/NLDesignProtein/bryan/Diffusion-dev-space/ProLoopDiff/src/train.py", line 177, in main
[rank52]:     broadcast_parameters(model)
[rank52]:   File "/lus/flare/projects/NLDesignProtein/bryan/Diffusion-dev-space/ProLoopDiff/src/dist.py", line 146, in broadcast_parameters
[rank52]:     torch.distributed.broadcast(p.data, src=src)
[rank52]:   File "/opt/aurora/26.26.0/frameworks/aurora_frameworks-2025.3.1/lib/python3.12/site-packages/torch/distributed/c10d_logger.py", line 83, in wrapper
[rank52]:     return func(*args, **kwargs)
[rank52]:            ^^^^^^^^^^^^^^^^^^^^^
[rank52]:   File "/opt/aurora/26.26.0/frameworks/aurora_frameworks-2025.3.1/lib/python3.12/site-packages/torch/distributed/distributed_c10d.py", line 2907, in broadcast
[rank52]:     work = group.broadcast([tensor], opts)
[rank52]:            ^^^^^^^^^^^^^^^^^^^^^^^^^^^^^^^
[rank52]: RuntimeError: oneCCL: env_parser.hpp:100 enum_by_str: EXCEPTION: CCL_ZE_IPC_EXCHANGE: unexpected value: drmfd, expected values: sockets, pidfd
[rank53]: Traceback (most recent call last):
[rank53]:   File "<frozen runpy>", line 198, in _run_module_as_main
[rank53]:   File "<frozen runpy>", line 88, in _run_code
[rank53]:   File "/lus/flare/projects/NLDesignProtein/bryan/Diffusion-dev-space/ProLoopDiff/src/train.py", line 364, in <module>
[rank53]:     main()
[rank53]:   File "/lus/flare/projects/NLDesignProtein/bryan/Diffusion-dev-space/ProLoopDiff/src/train.py", line 177, in main
[rank53]:     broadcast_parameters(model)
[rank53]:   File "/lus/flare/projects/NLDesignProtein/bryan/Diffusion-dev-space/ProLoopDiff/src/dist.py", line 146, in broadcast_parameters
[rank53]:     torch.distributed.broadcast(p.data, src=src)
[rank53]:   File "/opt/aurora/26.26.0/frameworks/aurora_frameworks-2025.3.1/lib/python3.12/site-packages/torch/distributed/c10d_logger.py", line 83, in wrapper
[rank53]:     return func(*args, **kwargs)
[rank53]:            ^^^^^^^^^^^^^^^^^^^^^
[rank53]:   File "/opt/aurora/26.26.0/frameworks/aurora_frameworks-2025.3.1/lib/python3.12/site-packages/torch/distributed/distributed_c10d.py", line 2907, in broadcast
[rank53]:     work = group.broadcast([tensor], opts)
[rank53]:            ^^^^^^^^^^^^^^^^^^^^^^^^^^^^^^^
[rank53]: RuntimeError: oneCCL: env_parser.hpp:100 enum_by_str: EXCEPTION: CCL_ZE_IPC_EXCHANGE: unexpected value: drmfd, expected values: sockets, pidfd
[rank54]: Traceback (most recent call last):
[rank54]:   File "<frozen runpy>", line 198, in _run_module_as_main
[rank54]:   File "<frozen runpy>", line 88, in _run_code
[rank54]:   File "/lus/flare/projects/NLDesignProtein/bryan/Diffusion-dev-space/ProLoopDiff/src/train.py", line 364, in <module>
[rank54]:     main()
[rank54]:   File "/lus/flare/projects/NLDesignProtein/bryan/Diffusion-dev-space/ProLoopDiff/src/train.py", line 177, in main
[rank54]:     broadcast_parameters(model)
[rank54]:   File "/lus/flare/projects/NLDesignProtein/bryan/Diffusion-dev-space/ProLoopDiff/src/dist.py", line 146, in broadcast_parameters
[rank54]:     torch.distributed.broadcast(p.data, src=src)
[rank54]:   File "/opt/aurora/26.26.0/frameworks/aurora_frameworks-2025.3.1/lib/python3.12/site-packages/torch/distributed/c10d_logger.py", line 83, in wrapper
[rank54]:     return func(*args, **kwargs)
[rank54]:            ^^^^^^^^^^^^^^^^^^^^^
[rank54]:   File "/opt/aurora/26.26.0/frameworks/aurora_frameworks-2025.3.1/lib/python3.12/site-packages/torch/distributed/distributed_c10d.py", line 2907, in broadcast
[rank54]:     work = group.broadcast([tensor], opts)
[rank54]:            ^^^^^^^^^^^^^^^^^^^^^^^^^^^^^^^
[rank54]: RuntimeError: oneCCL: env_parser.hpp:100 enum_by_str: EXCEPTION: CCL_ZE_IPC_EXCHANGE: unexpected value: drmfd, expected values: sockets, pidfd
[rank55]: Traceback (most recent call last):
[rank55]:   File "<frozen runpy>", line 198, in _run_module_as_main
[rank55]:   File "<frozen runpy>", line 88, in _run_code
[rank55]:   File "/lus/flare/projects/NLDesignProtein/bryan/Diffusion-dev-space/ProLoopDiff/src/train.py", line 364, in <module>
[rank55]:     main()
[rank55]:   File "/lus/flare/projects/NLDesignProtein/bryan/Diffusion-dev-space/ProLoopDiff/src/train.py", line 177, in main
[rank55]:     broadcast_parameters(model)
[rank55]:   File "/lus/flare/projects/NLDesignProtein/bryan/Diffusion-dev-space/ProLoopDiff/src/dist.py", line 146, in broadcast_parameters
[rank55]:     torch.distributed.broadcast(p.data, src=src)
[rank55]:   File "/opt/aurora/26.26.0/frameworks/aurora_frameworks-2025.3.1/lib/python3.12/site-packages/torch/distributed/c10d_logger.py", line 83, in wrapper
[rank55]:     return func(*args, **kwargs)
[rank55]:            ^^^^^^^^^^^^^^^^^^^^^
[rank55]:   File "/opt/aurora/26.26.0/frameworks/aurora_frameworks-2025.3.1/lib/python3.12/site-packages/torch/distributed/distributed_c10d.py", line 2907, in broadcast
[rank55]:     work = group.broadcast([tensor], opts)
[rank55]:            ^^^^^^^^^^^^^^^^^^^^^^^^^^^^^^^
[rank55]: RuntimeError: oneCCL: env_parser.hpp:100 enum_by_str: EXCEPTION: CCL_ZE_IPC_EXCHANGE: unexpected value: drmfd, expected values: sockets, pidfd
[rank57]: Traceback (most recent call last):
[rank57]:   File "<frozen runpy>", line 198, in _run_module_as_main
[rank57]:   File "<frozen runpy>", line 88, in _run_code
[rank57]:   File "/lus/flare/projects/NLDesignProtein/bryan/Diffusion-dev-space/ProLoopDiff/src/train.py", line 364, in <module>
[rank57]:     main()
[rank57]:   File "/lus/flare/projects/NLDesignProtein/bryan/Diffusion-dev-space/ProLoopDiff/src/train.py", line 177, in main
[rank57]:     broadcast_parameters(model)
[rank57]:   File "/lus/flare/projects/NLDesignProtein/bryan/Diffusion-dev-space/ProLoopDiff/src/dist.py", line 146, in broadcast_parameters
[rank57]:     torch.distributed.broadcast(p.data, src=src)
[rank57]:   File "/opt/aurora/26.26.0/frameworks/aurora_frameworks-2025.3.1/lib/python3.12/site-packages/torch/distributed/c10d_logger.py", line 83, in wrapper
[rank57]:     return func(*args, **kwargs)
[rank57]:            ^^^^^^^^^^^^^^^^^^^^^
[rank57]:   File "/opt/aurora/26.26.0/frameworks/aurora_frameworks-2025.3.1/lib/python3.12/site-packages/torch/distributed/distributed_c10d.py", line 2907, in broadcast
[rank57]:     work = group.broadcast([tensor], opts)
[rank57]:            ^^^^^^^^^^^^^^^^^^^^^^^^^^^^^^^
[rank57]: RuntimeError: oneCCL: env_parser.hpp:100 enum_by_str: EXCEPTION: CCL_ZE_IPC_EXCHANGE: unexpected value: drmfd, expected values: sockets, pidfd
[rank58]: Traceback (most recent call last):
[rank58]:   File "<frozen runpy>", line 198, in _run_module_as_main
[rank58]:   File "<frozen runpy>", line 88, in _run_code
[rank58]:   File "/lus/flare/projects/NLDesignProtein/bryan/Diffusion-dev-space/ProLoopDiff/src/train.py", line 364, in <module>
[rank58]:     main()
[rank58]:   File "/lus/flare/projects/NLDesignProtein/bryan/Diffusion-dev-space/ProLoopDiff/src/train.py", line 177, in main
[rank58]:     broadcast_parameters(model)
[rank58]:   File "/lus/flare/projects/NLDesignProtein/bryan/Diffusion-dev-space/ProLoopDiff/src/dist.py", line 146, in broadcast_parameters
[rank58]:     torch.distributed.broadcast(p.data, src=src)
[rank58]:   File "/opt/aurora/26.26.0/frameworks/aurora_frameworks-2025.3.1/lib/python3.12/site-packages/torch/distributed/c10d_logger.py", line 83, in wrapper
[rank58]:     return func(*args, **kwargs)
[rank58]:            ^^^^^^^^^^^^^^^^^^^^^
[rank58]:   File "/opt/aurora/26.26.0/frameworks/aurora_frameworks-2025.3.1/lib/python3.12/site-packages/torch/distributed/distributed_c10d.py", line 2907, in broadcast
[rank58]:     work = group.broadcast([tensor], opts)
[rank58]:            ^^^^^^^^^^^^^^^^^^^^^^^^^^^^^^^
[rank58]: RuntimeError: oneCCL: env_parser.hpp:100 enum_by_str: EXCEPTION: CCL_ZE_IPC_EXCHANGE: unexpected value: drmfd, expected values: sockets, pidfd
[rank59]: Traceback (most recent call last):
[rank59]:   File "<frozen runpy>", line 198, in _run_module_as_main
[rank59]:   File "<frozen runpy>", line 88, in _run_code
[rank59]:   File "/lus/flare/projects/NLDesignProtein/bryan/Diffusion-dev-space/ProLoopDiff/src/train.py", line 364, in <module>
[rank59]:     main()
[rank59]:   File "/lus/flare/projects/NLDesignProtein/bryan/Diffusion-dev-space/ProLoopDiff/src/train.py", line 177, in main
[rank59]:     broadcast_parameters(model)
[rank59]:   File "/lus/flare/projects/NLDesignProtein/bryan/Diffusion-dev-space/ProLoopDiff/src/dist.py", line 146, in broadcast_parameters
[rank59]:     torch.distributed.broadcast(p.data, src=src)
[rank59]:   File "/opt/aurora/26.26.0/frameworks/aurora_frameworks-2025.3.1/lib/python3.12/site-packages/torch/distributed/c10d_logger.py", line 83, in wrapper
[rank59]:     return func(*args, **kwargs)
[rank59]:            ^^^^^^^^^^^^^^^^^^^^^
[rank59]:   File "/opt/aurora/26.26.0/frameworks/aurora_frameworks-2025.3.1/lib/python3.12/site-packages/torch/distributed/distributed_c10d.py", line 2907, in broadcast
[rank59]:     work = group.broadcast([tensor], opts)
[rank59]:            ^^^^^^^^^^^^^^^^^^^^^^^^^^^^^^^
[rank59]: RuntimeError: oneCCL: env_parser.hpp:100 enum_by_str: EXCEPTION: CCL_ZE_IPC_EXCHANGE: unexpected value: drmfd, expected values: sockets, pidfd
[rank80]: Traceback (most recent call last):
[rank80]:   File "<frozen runpy>", line 198, in _run_module_as_main
[rank80]:   File "<frozen runpy>", line 88, in _run_code
[rank80]:   File "/lus/flare/projects/NLDesignProtein/bryan/Diffusion-dev-space/ProLoopDiff/src/train.py", line 364, in <module>
[rank80]:     main()
[rank80]:   File "/lus/flare/projects/NLDesignProtein/bryan/Diffusion-dev-space/ProLoopDiff/src/train.py", line 177, in main
[rank80]:     broadcast_parameters(model)
[rank80]:   File "/lus/flare/projects/NLDesignProtein/bryan/Diffusion-dev-space/ProLoopDiff/src/dist.py", line 146, in broadcast_parameters
[rank80]:     torch.distributed.broadcast(p.data, src=src)
[rank80]:   File "/opt/aurora/26.26.0/frameworks/aurora_frameworks-2025.3.1/lib/python3.12/site-packages/torch/distributed/c10d_logger.py", line 83, in wrapper
[rank80]:     return func(*args, **kwargs)
[rank80]:            ^^^^^^^^^^^^^^^^^^^^^
[rank80]:   File "/opt/aurora/26.26.0/frameworks/aurora_frameworks-2025.3.1/lib/python3.12/site-packages/torch/distributed/distributed_c10d.py", line 2907, in broadcast
[rank80]:     work = group.broadcast([tensor], opts)
[rank80]:            ^^^^^^^^^^^^^^^^^^^^^^^^^^^^^^^
[rank80]: RuntimeError: oneCCL: env_parser.hpp:100 enum_by_str: EXCEPTION: CCL_ZE_IPC_EXCHANGE: unexpected value: drmfd, expected values: sockets, pidfd
[rank177]: Traceback (most recent call last):
[rank177]:   File "<frozen runpy>", line 198, in _run_module_as_main
[rank177]:   File "<frozen runpy>", line 88, in _run_code
[rank177]:   File "/lus/flare/projects/NLDesignProtein/bryan/Diffusion-dev-space/ProLoopDiff/src/train.py", line 364, in <module>
[rank177]:     main()
[rank177]:   File "/lus/flare/projects/NLDesignProtein/bryan/Diffusion-dev-space/ProLoopDiff/src/train.py", line 177, in main
[rank177]:     broadcast_parameters(model)
[rank177]:   File "/lus/flare/projects/NLDesignProtein/bryan/Diffusion-dev-space/ProLoopDiff/src/dist.py", line 146, in broadcast_parameters
[rank177]:     torch.distributed.broadcast(p.data, src=src)
[rank177]:   File "/opt/aurora/26.26.0/frameworks/aurora_frameworks-2025.3.1/lib/python3.12/site-packages/torch/distributed/c10d_logger.py", line 83, in wrapper
[rank177]:     return func(*args, **kwargs)
[rank177]:            ^^^^^^^^^^^^^^^^^^^^^
[rank177]:   File "/opt/aurora/26.26.0/frameworks/aurora_frameworks-2025.3.1/lib/python3.12/site-packages/torch/distributed/distributed_c10d.py", line 2907, in broadcast
[rank177]:     work = group.broadcast([tensor], opts)
[rank177]:            ^^^^^^^^^^^^^^^^^^^^^^^^^^^^^^^
[rank177]: RuntimeError: oneCCL: env_parser.hpp:100 enum_by_str: EXCEPTION: CCL_ZE_IPC_EXCHANGE: unexpected value: drmfd, expected values: sockets, pidfd
[rank168]: Traceback (most recent call last):
[rank168]:   File "<frozen runpy>", line 198, in _run_module_as_main
[rank168]:   File "<frozen runpy>", line 88, in _run_code
[rank168]:   File "/lus/flare/projects/NLDesignProtein/bryan/Diffusion-dev-space/ProLoopDiff/src/train.py", line 364, in <module>
[rank168]:     main()
[rank168]:   File "/lus/flare/projects/NLDesignProtein/bryan/Diffusion-dev-space/ProLoopDiff/src/train.py", line 177, in main
[rank168]:     broadcast_parameters(model)
[rank168]:   File "/lus/flare/projects/NLDesignProtein/bryan/Diffusion-dev-space/ProLoopDiff/src/dist.py", line 146, in broadcast_parameters
[rank168]:     torch.distributed.broadcast(p.data, src=src)
[rank168]:   File "/opt/aurora/26.26.0/frameworks/aurora_frameworks-2025.3.1/lib/python3.12/site-packages/torch/distributed/c10d_logger.py", line 83, in wrapper
[rank168]:     return func(*args, **kwargs)
[rank168]:            ^^^^^^^^^^^^^^^^^^^^^
[rank168]:   File "/opt/aurora/26.26.0/frameworks/aurora_frameworks-2025.3.1/lib/python3.12/site-packages/torch/distributed/distributed_c10d.py", line 2907, in broadcast
[rank168]:     work = group.broadcast([tensor], opts)
[rank168]:            ^^^^^^^^^^^^^^^^^^^^^^^^^^^^^^^
[rank168]: RuntimeError: oneCCL: env_parser.hpp:100 enum_by_str: EXCEPTION: CCL_ZE_IPC_EXCHANGE: unexpected value: drmfd, expected values: sockets, pidfd
[rank188]: Traceback (most recent call last):
[rank188]:   File "<frozen runpy>", line 198, in _run_module_as_main
[rank188]:   File "<frozen runpy>", line 88, in _run_code
[rank188]:   File "/lus/flare/projects/NLDesignProtein/bryan/Diffusion-dev-space/ProLoopDiff/src/train.py", line 364, in <module>
[rank188]:     main()
[rank188]:   File "/lus/flare/projects/NLDesignProtein/bryan/Diffusion-dev-space/ProLoopDiff/src/train.py", line 177, in main
[rank188]:     broadcast_parameters(model)
[rank188]:   File "/lus/flare/projects/NLDesignProtein/bryan/Diffusion-dev-space/ProLoopDiff/src/dist.py", line 146, in broadcast_parameters
[rank188]:     torch.distributed.broadcast(p.data, src=src)
[rank188]:   File "/opt/aurora/26.26.0/frameworks/aurora_frameworks-2025.3.1/lib/python3.12/site-packages/torch/distributed/c10d_logger.py", line 83, in wrapper
[rank188]:     return func(*args, **kwargs)
[rank188]:            ^^^^^^^^^^^^^^^^^^^^^
[rank188]:   File "/opt/aurora/26.26.0/frameworks/aurora_frameworks-2025.3.1/lib/python3.12/site-packages/torch/distributed/distributed_c10d.py", line 2907, in broadcast
[rank188]:     work = group.broadcast([tensor], opts)
[rank188]:            ^^^^^^^^^^^^^^^^^^^^^^^^^^^^^^^
[rank188]: RuntimeError: oneCCL: env_parser.hpp:100 enum_by_str: EXCEPTION: CCL_ZE_IPC_EXCHANGE: unexpected value: drmfd, expected values: sockets, pidfd
[rank56]: Traceback (most recent call last):
[rank56]:   File "<frozen runpy>", line 198, in _run_module_as_main
[rank56]:   File "<frozen runpy>", line 88, in _run_code
[rank56]:   File "/lus/flare/projects/NLDesignProtein/bryan/Diffusion-dev-space/ProLoopDiff/src/train.py", line 364, in <module>
[rank56]:     main()
[rank56]:   File "/lus/flare/projects/NLDesignProtein/bryan/Diffusion-dev-space/ProLoopDiff/src/train.py", line 177, in main
[rank56]:     broadcast_parameters(model)
[rank56]:   File "/lus/flare/projects/NLDesignProtein/bryan/Diffusion-dev-space/ProLoopDiff/src/dist.py", line 146, in broadcast_parameters
[rank56]:     torch.distributed.broadcast(p.data, src=src)
[rank56]:   File "/opt/aurora/26.26.0/frameworks/aurora_frameworks-2025.3.1/lib/python3.12/site-packages/torch/distributed/c10d_logger.py", line 83, in wrapper
[rank56]:     return func(*args, **kwargs)
[rank56]:            ^^^^^^^^^^^^^^^^^^^^^
[rank56]:   File "/opt/aurora/26.26.0/frameworks/aurora_frameworks-2025.3.1/lib/python3.12/site-packages/torch/distributed/distributed_c10d.py", line 2907, in broadcast
[rank56]:     work = group.broadcast([tensor], opts)
[rank56]:            ^^^^^^^^^^^^^^^^^^^^^^^^^^^^^^^
[rank56]: RuntimeError: oneCCL: env_parser.hpp:100 enum_by_str: EXCEPTION: CCL_ZE_IPC_EXCHANGE: unexpected value: drmfd, expected values: sockets, pidfd
[rank83]: Traceback (most recent call last):
[rank83]:   File "<frozen runpy>", line 198, in _run_module_as_main
[rank83]:   File "<frozen runpy>", line 88, in _run_code
[rank83]:   File "/lus/flare/projects/NLDesignProtein/bryan/Diffusion-dev-space/ProLoopDiff/src/train.py", line 364, in <module>
[rank83]:     main()
[rank83]:   File "/lus/flare/projects/NLDesignProtein/bryan/Diffusion-dev-space/ProLoopDiff/src/train.py", line 177, in main
[rank83]:     broadcast_parameters(model)
[rank83]:   File "/lus/flare/projects/NLDesignProtein/bryan/Diffusion-dev-space/ProLoopDiff/src/dist.py", line 146, in broadcast_parameters
[rank83]:     torch.distributed.broadcast(p.data, src=src)
[rank83]:   File "/opt/aurora/26.26.0/frameworks/aurora_frameworks-2025.3.1/lib/python3.12/site-packages/torch/distributed/c10d_logger.py", line 83, in wrapper
[rank83]:     return func(*args, **kwargs)
[rank83]:            ^^^^^^^^^^^^^^^^^^^^^
[rank83]:   File "/opt/aurora/26.26.0/frameworks/aurora_frameworks-2025.3.1/lib/python3.12/site-packages/torch/distributed/distributed_c10d.py", line 2907, in broadcast
[rank83]:     work = group.broadcast([tensor], opts)
[rank83]:            ^^^^^^^^^^^^^^^^^^^^^^^^^^^^^^^
[rank83]: RuntimeError: oneCCL: env_parser.hpp:100 enum_by_str: EXCEPTION: CCL_ZE_IPC_EXCHANGE: unexpected value: drmfd, expected values: sockets, pidfd
[rank170]: Traceback (most recent call last):
[rank170]:   File "<frozen runpy>", line 198, in _run_module_as_main
[rank170]:   File "<frozen runpy>", line 88, in _run_code
[rank170]:   File "/lus/flare/projects/NLDesignProtein/bryan/Diffusion-dev-space/ProLoopDiff/src/train.py", line 364, in <module>
[rank170]:     main()
[rank170]:   File "/lus/flare/projects/NLDesignProtein/bryan/Diffusion-dev-space/ProLoopDiff/src/train.py", line 177, in main
[rank170]:     broadcast_parameters(model)
[rank170]:   File "/lus/flare/projects/NLDesignProtein/bryan/Diffusion-dev-space/ProLoopDiff/src/dist.py", line 146, in broadcast_parameters
[rank170]:     torch.distributed.broadcast(p.data, src=src)
[rank170]:   File "/opt/aurora/26.26.0/frameworks/aurora_frameworks-2025.3.1/lib/python3.12/site-packages/torch/distributed/c10d_logger.py", line 83, in wrapper
[rank170]:     return func(*args, **kwargs)
[rank170]:            ^^^^^^^^^^^^^^^^^^^^^
[rank170]:   File "/opt/aurora/26.26.0/frameworks/aurora_frameworks-2025.3.1/lib/python3.12/site-packages/torch/distributed/distributed_c10d.py", line 2907, in broadcast
[rank170]:     work = group.broadcast([tensor], opts)
[rank170]:            ^^^^^^^^^^^^^^^^^^^^^^^^^^^^^^^
[rank170]: RuntimeError: oneCCL: env_parser.hpp:100 enum_by_str: EXCEPTION: CCL_ZE_IPC_EXCHANGE: unexpected value: drmfd, expected values: sockets, pidfd
[rank77]: Traceback (most recent call last):
[rank77]:   File "<frozen runpy>", line 198, in _run_module_as_main
[rank77]:   File "<frozen runpy>", line 88, in _run_code
[rank77]:   File "/lus/flare/projects/NLDesignProtein/bryan/Diffusion-dev-space/ProLoopDiff/src/train.py", line 364, in <module>
[rank77]:     main()
[rank77]:   File "/lus/flare/projects/NLDesignProtein/bryan/Diffusion-dev-space/ProLoopDiff/src/train.py", line 177, in main
[rank77]:     broadcast_parameters(model)
[rank77]:   File "/lus/flare/projects/NLDesignProtein/bryan/Diffusion-dev-space/ProLoopDiff/src/dist.py", line 146, in broadcast_parameters
[rank77]:     torch.distributed.broadcast(p.data, src=src)
[rank77]:   File "/opt/aurora/26.26.0/frameworks/aurora_frameworks-2025.3.1/lib/python3.12/site-packages/torch/distributed/c10d_logger.py", line 83, in wrapper
[rank77]:     return func(*args, **kwargs)
[rank77]:            ^^^^^^^^^^^^^^^^^^^^^
[rank77]:   File "/opt/aurora/26.26.0/frameworks/aurora_frameworks-2025.3.1/lib/python3.12/site-packages/torch/distributed/distributed_c10d.py", line 2907, in broadcast
[rank77]:     work = group.broadcast([tensor], opts)
[rank77]:            ^^^^^^^^^^^^^^^^^^^^^^^^^^^^^^^
[rank77]: RuntimeError: oneCCL: env_parser.hpp:100 enum_by_str: EXCEPTION: CCL_ZE_IPC_EXCHANGE: unexpected value: drmfd, expected values: sockets, pidfd
[rank173]: Traceback (most recent call last):
[rank173]:   File "<frozen runpy>", line 198, in _run_module_as_main
[rank173]:   File "<frozen runpy>", line 88, in _run_code
[rank173]:   File "/lus/flare/projects/NLDesignProtein/bryan/Diffusion-dev-space/ProLoopDiff/src/train.py", line 364, in <module>
[rank173]:     main()
[rank173]:   File "/lus/flare/projects/NLDesignProtein/bryan/Diffusion-dev-space/ProLoopDiff/src/train.py", line 177, in main
[rank173]:     broadcast_parameters(model)
[rank173]:   File "/lus/flare/projects/NLDesignProtein/bryan/Diffusion-dev-space/ProLoopDiff/src/dist.py", line 146, in broadcast_parameters
[rank173]:     torch.distributed.broadcast(p.data, src=src)
[rank173]:   File "/opt/aurora/26.26.0/frameworks/aurora_frameworks-2025.3.1/lib/python3.12/site-packages/torch/distributed/c10d_logger.py", line 83, in wrapper
[rank173]:     return func(*args, **kwargs)
[rank173]:            ^^^^^^^^^^^^^^^^^^^^^
[rank173]:   File "/opt/aurora/26.26.0/frameworks/aurora_frameworks-2025.3.1/lib/python3.12/site-packages/torch/distributed/distributed_c10d.py", line 2907, in broadcast
[rank173]:     work = group.broadcast([tensor], opts)
[rank173]:            ^^^^^^^^^^^^^^^^^^^^^^^^^^^^^^^
[rank173]: RuntimeError: oneCCL: env_parser.hpp:100 enum_by_str: EXCEPTION: CCL_ZE_IPC_EXCHANGE: unexpected value: drmfd, expected values: sockets, pidfd
[rank96]: Traceback (most recent call last):
[rank96]:   File "<frozen runpy>", line 198, in _run_module_as_main
[rank96]:   File "<frozen runpy>", line 88, in _run_code
[rank96]:   File "/lus/flare/projects/NLDesignProtein/bryan/Diffusion-dev-space/ProLoopDiff/src/train.py", line 364, in <module>
[rank96]:     main()
[rank96]:   File "/lus/flare/projects/NLDesignProtein/bryan/Diffusion-dev-space/ProLoopDiff/src/train.py", line 177, in main
[rank96]:     broadcast_parameters(model)
[rank96]:   File "/lus/flare/projects/NLDesignProtein/bryan/Diffusion-dev-space/ProLoopDiff/src/dist.py", line 146, in broadcast_parameters
[rank96]:     torch.distributed.broadcast(p.data, src=src)
[rank96]:   File "/opt/aurora/26.26.0/frameworks/aurora_frameworks-2025.3.1/lib/python3.12/site-packages/torch/distributed/c10d_logger.py", line 83, in wrapper
[rank96]:     return func(*args, **kwargs)
[rank96]:            ^^^^^^^^^^^^^^^^^^^^^
[rank96]:   File "/opt/aurora/26.26.0/frameworks/aurora_frameworks-2025.3.1/lib/python3.12/site-packages/torch/distributed/distributed_c10d.py", line 2907, in broadcast
[rank96]:     work = group.broadcast([tensor], opts)
[rank96]:            ^^^^^^^^^^^^^^^^^^^^^^^^^^^^^^^
[rank96]: RuntimeError: oneCCL: env_parser.hpp:100 enum_by_str: EXCEPTION: CCL_ZE_IPC_EXCHANGE: unexpected value: drmfd, expected values: sockets, pidfd
[rank97]: Traceback (most recent call last):
[rank97]:   File "<frozen runpy>", line 198, in _run_module_as_main
[rank97]:   File "<frozen runpy>", line 88, in _run_code
[rank97]:   File "/lus/flare/projects/NLDesignProtein/bryan/Diffusion-dev-space/ProLoopDiff/src/train.py", line 364, in <module>
[rank97]:     main()
[rank97]:   File "/lus/flare/projects/NLDesignProtein/bryan/Diffusion-dev-space/ProLoopDiff/src/train.py", line 177, in main
[rank97]:     broadcast_parameters(model)
[rank97]:   File "/lus/flare/projects/NLDesignProtein/bryan/Diffusion-dev-space/ProLoopDiff/src/dist.py", line 146, in broadcast_parameters
[rank97]:     torch.distributed.broadcast(p.data, src=src)
[rank97]:   File "/opt/aurora/26.26.0/frameworks/aurora_frameworks-2025.3.1/lib/python3.12/site-packages/torch/distributed/c10d_logger.py", line 83, in wrapper
[rank97]:     return func(*args, **kwargs)
[rank97]:            ^^^^^^^^^^^^^^^^^^^^^
[rank97]:   File "/opt/aurora/26.26.0/frameworks/aurora_frameworks-2025.3.1/lib/python3.12/site-packages/torch/distributed/distributed_c10d.py", line 2907, in broadcast
[rank97]:     work = group.broadcast([tensor], opts)
[rank97]:            ^^^^^^^^^^^^^^^^^^^^^^^^^^^^^^^
[rank97]: RuntimeError: oneCCL: env_parser.hpp:100 enum_by_str: EXCEPTION: CCL_ZE_IPC_EXCHANGE: unexpected value: drmfd, expected values: sockets, pidfd
[rank98]: Traceback (most recent call last):
[rank98]:   File "<frozen runpy>", line 198, in _run_module_as_main
[rank98]:   File "<frozen runpy>", line 88, in _run_code
[rank98]:   File "/lus/flare/projects/NLDesignProtein/bryan/Diffusion-dev-space/ProLoopDiff/src/train.py", line 364, in <module>
[rank98]:     main()
[rank98]:   File "/lus/flare/projects/NLDesignProtein/bryan/Diffusion-dev-space/ProLoopDiff/src/train.py", line 177, in main
[rank98]:     broadcast_parameters(model)
[rank98]:   File "/lus/flare/projects/NLDesignProtein/bryan/Diffusion-dev-space/ProLoopDiff/src/dist.py", line 146, in broadcast_parameters
[rank98]:     torch.distributed.broadcast(p.data, src=src)
[rank98]:   File "/opt/aurora/26.26.0/frameworks/aurora_frameworks-2025.3.1/lib/python3.12/site-packages/torch/distributed/c10d_logger.py", line 83, in wrapper
[rank98]:     return func(*args, **kwargs)
[rank98]:            ^^^^^^^^^^^^^^^^^^^^^
[rank98]:   File "/opt/aurora/26.26.0/frameworks/aurora_frameworks-2025.3.1/lib/python3.12/site-packages/torch/distributed/distributed_c10d.py", line 2907, in broadcast
[rank98]:     work = group.broadcast([tensor], opts)
[rank98]:            ^^^^^^^^^^^^^^^^^^^^^^^^^^^^^^^
[rank98]: RuntimeError: oneCCL: env_parser.hpp:100 enum_by_str: EXCEPTION: CCL_ZE_IPC_EXCHANGE: unexpected value: drmfd, expected values: sockets, pidfd
[rank99]: Traceback (most recent call last):
[rank99]:   File "<frozen runpy>", line 198, in _run_module_as_main
[rank99]:   File "<frozen runpy>", line 88, in _run_code
[rank99]:   File "/lus/flare/projects/NLDesignProtein/bryan/Diffusion-dev-space/ProLoopDiff/src/train.py", line 364, in <module>
[rank99]:     main()
[rank99]:   File "/lus/flare/projects/NLDesignProtein/bryan/Diffusion-dev-space/ProLoopDiff/src/train.py", line 177, in main
[rank99]:     broadcast_parameters(model)
[rank99]:   File "/lus/flare/projects/NLDesignProtein/bryan/Diffusion-dev-space/ProLoopDiff/src/dist.py", line 146, in broadcast_parameters
[rank99]:     torch.distributed.broadcast(p.data, src=src)
[rank99]:   File "/opt/aurora/26.26.0/frameworks/aurora_frameworks-2025.3.1/lib/python3.12/site-packages/torch/distributed/c10d_logger.py", line 83, in wrapper
[rank99]:     return func(*args, **kwargs)
[rank99]:            ^^^^^^^^^^^^^^^^^^^^^
[rank99]:   File "/opt/aurora/26.26.0/frameworks/aurora_frameworks-2025.3.1/lib/python3.12/site-packages/torch/distributed/distributed_c10d.py", line 2907, in broadcast
[rank99]:     work = group.broadcast([tensor], opts)
[rank99]:            ^^^^^^^^^^^^^^^^^^^^^^^^^^^^^^^
[rank99]: RuntimeError: oneCCL: env_parser.hpp:100 enum_by_str: EXCEPTION: CCL_ZE_IPC_EXCHANGE: unexpected value: drmfd, expected values: sockets, pidfd
[rank102]: Traceback (most recent call last):
[rank102]:   File "<frozen runpy>", line 198, in _run_module_as_main
[rank102]:   File "<frozen runpy>", line 88, in _run_code
[rank102]:   File "/lus/flare/projects/NLDesignProtein/bryan/Diffusion-dev-space/ProLoopDiff/src/train.py", line 364, in <module>
[rank102]:     main()
[rank102]:   File "/lus/flare/projects/NLDesignProtein/bryan/Diffusion-dev-space/ProLoopDiff/src/train.py", line 177, in main
[rank102]:     broadcast_parameters(model)
[rank102]:   File "/lus/flare/projects/NLDesignProtein/bryan/Diffusion-dev-space/ProLoopDiff/src/dist.py", line 146, in broadcast_parameters
[rank102]:     torch.distributed.broadcast(p.data, src=src)
[rank102]:   File "/opt/aurora/26.26.0/frameworks/aurora_frameworks-2025.3.1/lib/python3.12/site-packages/torch/distributed/c10d_logger.py", line 83, in wrapper
[rank102]:     return func(*args, **kwargs)
[rank102]:            ^^^^^^^^^^^^^^^^^^^^^
[rank102]:   File "/opt/aurora/26.26.0/frameworks/aurora_frameworks-2025.3.1/lib/python3.12/site-packages/torch/distributed/distributed_c10d.py", line 2907, in broadcast
[rank102]:     work = group.broadcast([tensor], opts)
[rank102]:            ^^^^^^^^^^^^^^^^^^^^^^^^^^^^^^^
[rank102]: RuntimeError: oneCCL: env_parser.hpp:100 enum_by_str: EXCEPTION: CCL_ZE_IPC_EXCHANGE: unexpected value: drmfd, expected values: sockets, pidfd
[rank103]: Traceback (most recent call last):
[rank103]:   File "<frozen runpy>", line 198, in _run_module_as_main
[rank103]:   File "<frozen runpy>", line 88, in _run_code
[rank103]:   File "/lus/flare/projects/NLDesignProtein/bryan/Diffusion-dev-space/ProLoopDiff/src/train.py", line 364, in <module>
[rank103]:     main()
[rank103]:   File "/lus/flare/projects/NLDesignProtein/bryan/Diffusion-dev-space/ProLoopDiff/src/train.py", line 177, in main
[rank103]:     broadcast_parameters(model)
[rank103]:   File "/lus/flare/projects/NLDesignProtein/bryan/Diffusion-dev-space/ProLoopDiff/src/dist.py", line 146, in broadcast_parameters
[rank103]:     torch.distributed.broadcast(p.data, src=src)
[rank103]:   File "/opt/aurora/26.26.0/frameworks/aurora_frameworks-2025.3.1/lib/python3.12/site-packages/torch/distributed/c10d_logger.py", line 83, in wrapper
[rank103]:     return func(*args, **kwargs)
[rank103]:            ^^^^^^^^^^^^^^^^^^^^^
[rank103]:   File "/opt/aurora/26.26.0/frameworks/aurora_frameworks-2025.3.1/lib/python3.12/site-packages/torch/distributed/distributed_c10d.py", line 2907, in broadcast
[rank103]:     work = group.broadcast([tensor], opts)
[rank103]:            ^^^^^^^^^^^^^^^^^^^^^^^^^^^^^^^
[rank103]: RuntimeError: oneCCL: env_parser.hpp:100 enum_by_str: EXCEPTION: CCL_ZE_IPC_EXCHANGE: unexpected value: drmfd, expected values: sockets, pidfd
[rank105]: Traceback (most recent call last):
[rank105]:   File "<frozen runpy>", line 198, in _run_module_as_main
[rank105]:   File "<frozen runpy>", line 88, in _run_code
[rank105]:   File "/lus/flare/projects/NLDesignProtein/bryan/Diffusion-dev-space/ProLoopDiff/src/train.py", line 364, in <module>
[rank105]:     main()
[rank105]:   File "/lus/flare/projects/NLDesignProtein/bryan/Diffusion-dev-space/ProLoopDiff/src/train.py", line 177, in main
[rank105]:     broadcast_parameters(model)
[rank105]:   File "/lus/flare/projects/NLDesignProtein/bryan/Diffusion-dev-space/ProLoopDiff/src/dist.py", line 146, in broadcast_parameters
[rank105]:     torch.distributed.broadcast(p.data, src=src)
[rank105]:   File "/opt/aurora/26.26.0/frameworks/aurora_frameworks-2025.3.1/lib/python3.12/site-packages/torch/distributed/c10d_logger.py", line 83, in wrapper
[rank105]:     return func(*args, **kwargs)
[rank105]:            ^^^^^^^^^^^^^^^^^^^^^
[rank105]:   File "/opt/aurora/26.26.0/frameworks/aurora_frameworks-2025.3.1/lib/python3.12/site-packages/torch/distributed/distributed_c10d.py", line 2907, in broadcast
[rank105]:     work = group.broadcast([tensor], opts)
[rank105]:            ^^^^^^^^^^^^^^^^^^^^^^^^^^^^^^^
[rank105]: RuntimeError: oneCCL: env_parser.hpp:100 enum_by_str: EXCEPTION: CCL_ZE_IPC_EXCHANGE: unexpected value: drmfd, expected values: sockets, pidfd
[rank106]: Traceback (most recent call last):
[rank106]:   File "<frozen runpy>", line 198, in _run_module_as_main
[rank106]:   File "<frozen runpy>", line 88, in _run_code
[rank106]:   File "/lus/flare/projects/NLDesignProtein/bryan/Diffusion-dev-space/ProLoopDiff/src/train.py", line 364, in <module>
[rank106]:     main()
[rank106]:   File "/lus/flare/projects/NLDesignProtein/bryan/Diffusion-dev-space/ProLoopDiff/src/train.py", line 177, in main
[rank106]:     broadcast_parameters(model)
[rank106]:   File "/lus/flare/projects/NLDesignProtein/bryan/Diffusion-dev-space/ProLoopDiff/src/dist.py", line 146, in broadcast_parameters
[rank106]:     torch.distributed.broadcast(p.data, src=src)
[rank106]:   File "/opt/aurora/26.26.0/frameworks/aurora_frameworks-2025.3.1/lib/python3.12/site-packages/torch/distributed/c10d_logger.py", line 83, in wrapper
[rank106]:     return func(*args, **kwargs)
[rank106]:            ^^^^^^^^^^^^^^^^^^^^^
[rank106]:   File "/opt/aurora/26.26.0/frameworks/aurora_frameworks-2025.3.1/lib/python3.12/site-packages/torch/distributed/distributed_c10d.py", line 2907, in broadcast
[rank106]:     work = group.broadcast([tensor], opts)
[rank106]:            ^^^^^^^^^^^^^^^^^^^^^^^^^^^^^^^
[rank106]: RuntimeError: oneCCL: env_parser.hpp:100 enum_by_str: EXCEPTION: CCL_ZE_IPC_EXCHANGE: unexpected value: drmfd, expected values: sockets, pidfd
[rank100]: Traceback (most recent call last):
[rank100]:   File "<frozen runpy>", line 198, in _run_module_as_main
[rank100]:   File "<frozen runpy>", line 88, in _run_code
[rank100]:   File "/lus/flare/projects/NLDesignProtein/bryan/Diffusion-dev-space/ProLoopDiff/src/train.py", line 364, in <module>
[rank100]:     main()
[rank100]:   File "/lus/flare/projects/NLDesignProtein/bryan/Diffusion-dev-space/ProLoopDiff/src/train.py", line 177, in main
[rank100]:     broadcast_parameters(model)
[rank100]:   File "/lus/flare/projects/NLDesignProtein/bryan/Diffusion-dev-space/ProLoopDiff/src/dist.py", line 146, in broadcast_parameters
[rank100]:     torch.distributed.broadcast(p.data, src=src)
[rank100]:   File "/opt/aurora/26.26.0/frameworks/aurora_frameworks-2025.3.1/lib/python3.12/site-packages/torch/distributed/c10d_logger.py", line 83, in wrapper
[rank100]:     return func(*args, **kwargs)
[rank100]:            ^^^^^^^^^^^^^^^^^^^^^
[rank100]:   File "/opt/aurora/26.26.0/frameworks/aurora_frameworks-2025.3.1/lib/python3.12/site-packages/torch/distributed/distributed_c10d.py", line 2907, in broadcast
[rank100]:     work = group.broadcast([tensor], opts)
[rank100]:            ^^^^^^^^^^^^^^^^^^^^^^^^^^^^^^^
[rank100]: RuntimeError: oneCCL: env_parser.hpp:100 enum_by_str: EXCEPTION: CCL_ZE_IPC_EXCHANGE: unexpected value: drmfd, expected values: sockets, pidfd
[rank101]: Traceback (most recent call last):
[rank101]:   File "<frozen runpy>", line 198, in _run_module_as_main
[rank101]:   File "<frozen runpy>", line 88, in _run_code
[rank101]:   File "/lus/flare/projects/NLDesignProtein/bryan/Diffusion-dev-space/ProLoopDiff/src/train.py", line 364, in <module>
[rank101]:     main()
[rank101]:   File "/lus/flare/projects/NLDesignProtein/bryan/Diffusion-dev-space/ProLoopDiff/src/train.py", line 177, in main
[rank101]:     broadcast_parameters(model)
[rank101]:   File "/lus/flare/projects/NLDesignProtein/bryan/Diffusion-dev-space/ProLoopDiff/src/dist.py", line 146, in broadcast_parameters
[rank101]:     torch.distributed.broadcast(p.data, src=src)
[rank101]:   File "/opt/aurora/26.26.0/frameworks/aurora_frameworks-2025.3.1/lib/python3.12/site-packages/torch/distributed/c10d_logger.py", line 83, in wrapper
[rank101]:     return func(*args, **kwargs)
[rank101]:            ^^^^^^^^^^^^^^^^^^^^^
[rank101]:   File "/opt/aurora/26.26.0/frameworks/aurora_frameworks-2025.3.1/lib/python3.12/site-packages/torch/distributed/distributed_c10d.py", line 2907, in broadcast
[rank101]:     work = group.broadcast([tensor], opts)
[rank101]:            ^^^^^^^^^^^^^^^^^^^^^^^^^^^^^^^
[rank101]: RuntimeError: oneCCL: env_parser.hpp:100 enum_by_str: EXCEPTION: CCL_ZE_IPC_EXCHANGE: unexpected value: drmfd, expected values: sockets, pidfd
[rank107]: Traceback (most recent call last):
[rank107]:   File "<frozen runpy>", line 198, in _run_module_as_main
[rank107]:   File "<frozen runpy>", line 88, in _run_code
[rank107]:   File "/lus/flare/projects/NLDesignProtein/bryan/Diffusion-dev-space/ProLoopDiff/src/train.py", line 364, in <module>
[rank107]:     main()
[rank107]:   File "/lus/flare/projects/NLDesignProtein/bryan/Diffusion-dev-space/ProLoopDiff/src/train.py", line 177, in main
[rank107]:     broadcast_parameters(model)
[rank107]:   File "/lus/flare/projects/NLDesignProtein/bryan/Diffusion-dev-space/ProLoopDiff/src/dist.py", line 146, in broadcast_parameters
[rank107]:     torch.distributed.broadcast(p.data, src=src)
[rank107]:   File "/opt/aurora/26.26.0/frameworks/aurora_frameworks-2025.3.1/lib/python3.12/site-packages/torch/distributed/c10d_logger.py", line 83, in wrapper
[rank107]:     return func(*args, **kwargs)
[rank107]:            ^^^^^^^^^^^^^^^^^^^^^
[rank107]:   File "/opt/aurora/26.26.0/frameworks/aurora_frameworks-2025.3.1/lib/python3.12/site-packages/torch/distributed/distributed_c10d.py", line 2907, in broadcast
[rank107]:     work = group.broadcast([tensor], opts)
[rank107]:            ^^^^^^^^^^^^^^^^^^^^^^^^^^^^^^^
[rank107]: RuntimeError: oneCCL: env_parser.hpp:100 enum_by_str: EXCEPTION: CCL_ZE_IPC_EXCHANGE: unexpected value: drmfd, expected values: sockets, pidfd
[rank104]: Traceback (most recent call last):
[rank104]:   File "<frozen runpy>", line 198, in _run_module_as_main
[rank104]:   File "<frozen runpy>", line 88, in _run_code
[rank104]:   File "/lus/flare/projects/NLDesignProtein/bryan/Diffusion-dev-space/ProLoopDiff/src/train.py", line 364, in <module>
[rank104]:     main()
[rank104]:   File "/lus/flare/projects/NLDesignProtein/bryan/Diffusion-dev-space/ProLoopDiff/src/train.py", line 177, in main
[rank104]:     broadcast_parameters(model)
[rank104]:   File "/lus/flare/projects/NLDesignProtein/bryan/Diffusion-dev-space/ProLoopDiff/src/dist.py", line 146, in broadcast_parameters
[rank104]:     torch.distributed.broadcast(p.data, src=src)
[rank104]:   File "/opt/aurora/26.26.0/frameworks/aurora_frameworks-2025.3.1/lib/python3.12/site-packages/torch/distributed/c10d_logger.py", line 83, in wrapper
[rank104]:     return func(*args, **kwargs)
[rank104]:            ^^^^^^^^^^^^^^^^^^^^^
[rank104]:   File "/opt/aurora/26.26.0/frameworks/aurora_frameworks-2025.3.1/lib/python3.12/site-packages/torch/distributed/distributed_c10d.py", line 2907, in broadcast
[rank104]:     work = group.broadcast([tensor], opts)
[rank104]:            ^^^^^^^^^^^^^^^^^^^^^^^^^^^^^^^
[rank104]: RuntimeError: oneCCL: env_parser.hpp:100 enum_by_str: EXCEPTION: CCL_ZE_IPC_EXCHANGE: unexpected value: drmfd, expected values: sockets, pidfd
[rank179]: Traceback (most recent call last):
[rank179]:   File "<frozen runpy>", line 198, in _run_module_as_main
[rank179]:   File "<frozen runpy>", line 88, in _run_code
[rank179]:   File "/lus/flare/projects/NLDesignProtein/bryan/Diffusion-dev-space/ProLoopDiff/src/train.py", line 364, in <module>
[rank179]:     main()
[rank179]:   File "/lus/flare/projects/NLDesignProtein/bryan/Diffusion-dev-space/ProLoopDiff/src/train.py", line 177, in main
[rank179]:     broadcast_parameters(model)
[rank179]:   File "/lus/flare/projects/NLDesignProtein/bryan/Diffusion-dev-space/ProLoopDiff/src/dist.py", line 146, in broadcast_parameters
[rank179]:     torch.distributed.broadcast(p.data, src=src)
[rank179]:   File "/opt/aurora/26.26.0/frameworks/aurora_frameworks-2025.3.1/lib/python3.12/site-packages/torch/distributed/c10d_logger.py", line 83, in wrapper
[rank179]:     return func(*args, **kwargs)
[rank179]:            ^^^^^^^^^^^^^^^^^^^^^
[rank179]:   File "/opt/aurora/26.26.0/frameworks/aurora_frameworks-2025.3.1/lib/python3.12/site-packages/torch/distributed/distributed_c10d.py", line 2907, in broadcast
[rank179]:     work = group.broadcast([tensor], opts)
[rank179]:            ^^^^^^^^^^^^^^^^^^^^^^^^^^^^^^^
[rank179]: RuntimeError: oneCCL: env_parser.hpp:100 enum_by_str: EXCEPTION: CCL_ZE_IPC_EXCHANGE: unexpected value: drmfd, expected values: sockets, pidfd
[rank18]: Traceback (most recent call last):
[rank18]:   File "<frozen runpy>", line 198, in _run_module_as_main
[rank18]:   File "<frozen runpy>", line 88, in _run_code
[rank18]:   File "/lus/flare/projects/NLDesignProtein/bryan/Diffusion-dev-space/ProLoopDiff/src/train.py", line 364, in <module>
[rank18]:     main()
[rank18]:   File "/lus/flare/projects/NLDesignProtein/bryan/Diffusion-dev-space/ProLoopDiff/src/train.py", line 177, in main
[rank18]:     broadcast_parameters(model)
[rank18]:   File "/lus/flare/projects/NLDesignProtein/bryan/Diffusion-dev-space/ProLoopDiff/src/dist.py", line 146, in broadcast_parameters
[rank18]:     torch.distributed.broadcast(p.data, src=src)
[rank18]:   File "/opt/aurora/26.26.0/frameworks/aurora_frameworks-2025.3.1/lib/python3.12/site-packages/torch/distributed/c10d_logger.py", line 83, in wrapper
[rank18]:     return func(*args, **kwargs)
[rank18]:            ^^^^^^^^^^^^^^^^^^^^^
[rank18]:   File "/opt/aurora/26.26.0/frameworks/aurora_frameworks-2025.3.1/lib/python3.12/site-packages/torch/distributed/distributed_c10d.py", line 2907, in broadcast
[rank18]:     work = group.broadcast([tensor], opts)
[rank18]:            ^^^^^^^^^^^^^^^^^^^^^^^^^^^^^^^
[rank18]: RuntimeError: oneCCL: env_parser.hpp:100 enum_by_str: EXCEPTION: CCL_ZE_IPC_EXCHANGE: unexpected value: drmfd, expected values: sockets, pidfd
[rank15]: Traceback (most recent call last):
[rank15]:   File "<frozen runpy>", line 198, in _run_module_as_main
[rank15]:   File "<frozen runpy>", line 88, in _run_code
[rank15]:   File "/lus/flare/projects/NLDesignProtein/bryan/Diffusion-dev-space/ProLoopDiff/src/train.py", line 364, in <module>
[rank15]:     main()
[rank15]:   File "/lus/flare/projects/NLDesignProtein/bryan/Diffusion-dev-space/ProLoopDiff/src/train.py", line 177, in main
[rank15]:     broadcast_parameters(model)
[rank15]:   File "/lus/flare/projects/NLDesignProtein/bryan/Diffusion-dev-space/ProLoopDiff/src/dist.py", line 146, in broadcast_parameters
[rank15]:     torch.distributed.broadcast(p.data, src=src)
[rank15]:   File "/opt/aurora/26.26.0/frameworks/aurora_frameworks-2025.3.1/lib/python3.12/site-packages/torch/distributed/c10d_logger.py", line 83, in wrapper
[rank15]:     return func(*args, **kwargs)
[rank15]:            ^^^^^^^^^^^^^^^^^^^^^
[rank15]:   File "/opt/aurora/26.26.0/frameworks/aurora_frameworks-2025.3.1/lib/python3.12/site-packages/torch/distributed/distributed_c10d.py", line 2907, in broadcast
[rank15]:     work = group.broadcast([tensor], opts)
[rank15]:            ^^^^^^^^^^^^^^^^^^^^^^^^^^^^^^^
[rank15]: RuntimeError: oneCCL: env_parser.hpp:100 enum_by_str: EXCEPTION: CCL_ZE_IPC_EXCHANGE: unexpected value: drmfd, expected values: sockets, pidfd
[rank151]: Traceback (most recent call last):
[rank151]:   File "<frozen runpy>", line 198, in _run_module_as_main
[rank151]:   File "<frozen runpy>", line 88, in _run_code
[rank151]:   File "/lus/flare/projects/NLDesignProtein/bryan/Diffusion-dev-space/ProLoopDiff/src/train.py", line 364, in <module>
[rank151]:     main()
[rank151]:   File "/lus/flare/projects/NLDesignProtein/bryan/Diffusion-dev-space/ProLoopDiff/src/train.py", line 177, in main
[rank151]:     broadcast_parameters(model)
[rank151]:   File "/lus/flare/projects/NLDesignProtein/bryan/Diffusion-dev-space/ProLoopDiff/src/dist.py", line 146, in broadcast_parameters
[rank151]:     torch.distributed.broadcast(p.data, src=src)
[rank151]:   File "/opt/aurora/26.26.0/frameworks/aurora_frameworks-2025.3.1/lib/python3.12/site-packages/torch/distributed/c10d_logger.py", line 83, in wrapper
[rank151]:     return func(*args, **kwargs)
[rank151]:            ^^^^^^^^^^^^^^^^^^^^^
[rank151]:   File "/opt/aurora/26.26.0/frameworks/aurora_frameworks-2025.3.1/lib/python3.12/site-packages/torch/distributed/distributed_c10d.py", line 2907, in broadcast
[rank151]:     work = group.broadcast([tensor], opts)
[rank151]:            ^^^^^^^^^^^^^^^^^^^^^^^^^^^^^^^
[rank151]: RuntimeError: oneCCL: env_parser.hpp:100 enum_by_str: EXCEPTION: CCL_ZE_IPC_EXCHANGE: unexpected value: drmfd, expected values: sockets, pidfd
[rank153]: Traceback (most recent call last):
[rank153]:   File "<frozen runpy>", line 198, in _run_module_as_main
[rank153]:   File "<frozen runpy>", line 88, in _run_code
[rank153]:   File "/lus/flare/projects/NLDesignProtein/bryan/Diffusion-dev-space/ProLoopDiff/src/train.py", line 364, in <module>
[rank153]:     main()
[rank153]:   File "/lus/flare/projects/NLDesignProtein/bryan/Diffusion-dev-space/ProLoopDiff/src/train.py", line 177, in main
[rank153]:     broadcast_parameters(model)
[rank153]:   File "/lus/flare/projects/NLDesignProtein/bryan/Diffusion-dev-space/ProLoopDiff/src/dist.py", line 146, in broadcast_parameters
[rank153]:     torch.distributed.broadcast(p.data, src=src)
[rank153]:   File "/opt/aurora/26.26.0/frameworks/aurora_frameworks-2025.3.1/lib/python3.12/site-packages/torch/distributed/c10d_logger.py", line 83, in wrapper
[rank153]:     return func(*args, **kwargs)
[rank153]:            ^^^^^^^^^^^^^^^^^^^^^
[rank153]:   File "/opt/aurora/26.26.0/frameworks/aurora_frameworks-2025.3.1/lib/python3.12/site-packages/torch/distributed/distributed_c10d.py", line 2907, in broadcast
[rank153]:     work = group.broadcast([tensor], opts)
[rank153]:            ^^^^^^^^^^^^^^^^^^^^^^^^^^^^^^^
[rank153]: RuntimeError: oneCCL: env_parser.hpp:100 enum_by_str: EXCEPTION: CCL_ZE_IPC_EXCHANGE: unexpected value: drmfd, expected values: sockets, pidfd
[rank155]: Traceback (most recent call last):
[rank155]:   File "<frozen runpy>", line 198, in _run_module_as_main
[rank155]:   File "<frozen runpy>", line 88, in _run_code
[rank155]:   File "/lus/flare/projects/NLDesignProtein/bryan/Diffusion-dev-space/ProLoopDiff/src/train.py", line 364, in <module>
[rank155]:     main()
[rank155]:   File "/lus/flare/projects/NLDesignProtein/bryan/Diffusion-dev-space/ProLoopDiff/src/train.py", line 177, in main
[rank155]:     broadcast_parameters(model)
[rank155]:   File "/lus/flare/projects/NLDesignProtein/bryan/Diffusion-dev-space/ProLoopDiff/src/dist.py", line 146, in broadcast_parameters
[rank155]:     torch.distributed.broadcast(p.data, src=src)
[rank155]:   File "/opt/aurora/26.26.0/frameworks/aurora_frameworks-2025.3.1/lib/python3.12/site-packages/torch/distributed/c10d_logger.py", line 83, in wrapper
[rank155]:     return func(*args, **kwargs)
[rank155]:            ^^^^^^^^^^^^^^^^^^^^^
[rank155]:   File "/opt/aurora/26.26.0/frameworks/aurora_frameworks-2025.3.1/lib/python3.12/site-packages/torch/distributed/distributed_c10d.py", line 2907, in broadcast
[rank155]:     work = group.broadcast([tensor], opts)
[rank155]:            ^^^^^^^^^^^^^^^^^^^^^^^^^^^^^^^
[rank155]: RuntimeError: oneCCL: env_parser.hpp:100 enum_by_str: EXCEPTION: CCL_ZE_IPC_EXCHANGE: unexpected value: drmfd, expected values: sockets, pidfd
[rank144]: Traceback (most recent call last):
[rank144]:   File "<frozen runpy>", line 198, in _run_module_as_main
[rank144]:   File "<frozen runpy>", line 88, in _run_code
[rank144]:   File "/lus/flare/projects/NLDesignProtein/bryan/Diffusion-dev-space/ProLoopDiff/src/train.py", line 364, in <module>
[rank144]:     main()
[rank144]:   File "/lus/flare/projects/NLDesignProtein/bryan/Diffusion-dev-space/ProLoopDiff/src/train.py", line 177, in main
[rank144]:     broadcast_parameters(model)
[rank144]:   File "/lus/flare/projects/NLDesignProtein/bryan/Diffusion-dev-space/ProLoopDiff/src/dist.py", line 146, in broadcast_parameters
[rank144]:     torch.distributed.broadcast(p.data, src=src)
[rank144]:   File "/opt/aurora/26.26.0/frameworks/aurora_frameworks-2025.3.1/lib/python3.12/site-packages/torch/distributed/c10d_logger.py", line 83, in wrapper
[rank144]:     return func(*args, **kwargs)
[rank144]:            ^^^^^^^^^^^^^^^^^^^^^
[rank144]:   File "/opt/aurora/26.26.0/frameworks/aurora_frameworks-2025.3.1/lib/python3.12/site-packages/torch/distributed/distributed_c10d.py", line 2907, in broadcast
[rank144]:     work = group.broadcast([tensor], opts)
[rank144]:            ^^^^^^^^^^^^^^^^^^^^^^^^^^^^^^^
[rank144]: RuntimeError: oneCCL: env_parser.hpp:100 enum_by_str: EXCEPTION: CCL_ZE_IPC_EXCHANGE: unexpected value: drmfd, expected values: sockets, pidfd
[rank145]: Traceback (most recent call last):
[rank145]:   File "<frozen runpy>", line 198, in _run_module_as_main
[rank145]:   File "<frozen runpy>", line 88, in _run_code
[rank145]:   File "/lus/flare/projects/NLDesignProtein/bryan/Diffusion-dev-space/ProLoopDiff/src/train.py", line 364, in <module>
[rank145]:     main()
[rank145]:   File "/lus/flare/projects/NLDesignProtein/bryan/Diffusion-dev-space/ProLoopDiff/src/train.py", line 177, in main
[rank145]:     broadcast_parameters(model)
[rank145]:   File "/lus/flare/projects/NLDesignProtein/bryan/Diffusion-dev-space/ProLoopDiff/src/dist.py", line 146, in broadcast_parameters
[rank145]:     torch.distributed.broadcast(p.data, src=src)
[rank145]:   File "/opt/aurora/26.26.0/frameworks/aurora_frameworks-2025.3.1/lib/python3.12/site-packages/torch/distributed/c10d_logger.py", line 83, in wrapper
[rank145]:     return func(*args, **kwargs)
[rank145]:            ^^^^^^^^^^^^^^^^^^^^^
[rank145]:   File "/opt/aurora/26.26.0/frameworks/aurora_frameworks-2025.3.1/lib/python3.12/site-packages/torch/distributed/distributed_c10d.py", line 2907, in broadcast
[rank145]:     work = group.broadcast([tensor], opts)
[rank145]:            ^^^^^^^^^^^^^^^^^^^^^^^^^^^^^^^
[rank145]: RuntimeError: oneCCL: env_parser.hpp:100 enum_by_str: EXCEPTION: CCL_ZE_IPC_EXCHANGE: unexpected value: drmfd, expected values: sockets, pidfd
[rank148]: Traceback (most recent call last):
[rank148]:   File "<frozen runpy>", line 198, in _run_module_as_main
[rank148]:   File "<frozen runpy>", line 88, in _run_code
[rank148]:   File "/lus/flare/projects/NLDesignProtein/bryan/Diffusion-dev-space/ProLoopDiff/src/train.py", line 364, in <module>
[rank148]:     main()
[rank148]:   File "/lus/flare/projects/NLDesignProtein/bryan/Diffusion-dev-space/ProLoopDiff/src/train.py", line 177, in main
[rank148]:     broadcast_parameters(model)
[rank148]:   File "/lus/flare/projects/NLDesignProtein/bryan/Diffusion-dev-space/ProLoopDiff/src/dist.py", line 146, in broadcast_parameters
[rank148]:     torch.distributed.broadcast(p.data, src=src)
[rank148]:   File "/opt/aurora/26.26.0/frameworks/aurora_frameworks-2025.3.1/lib/python3.12/site-packages/torch/distributed/c10d_logger.py", line 83, in wrapper
[rank148]:     return func(*args, **kwargs)
[rank148]:            ^^^^^^^^^^^^^^^^^^^^^
[rank148]:   File "/opt/aurora/26.26.0/frameworks/aurora_frameworks-2025.3.1/lib/python3.12/site-packages/torch/distributed/distributed_c10d.py", line 2907, in broadcast
[rank148]:     work = group.broadcast([tensor], opts)
[rank148]:            ^^^^^^^^^^^^^^^^^^^^^^^^^^^^^^^
[rank148]: RuntimeError: oneCCL: env_parser.hpp:100 enum_by_str: EXCEPTION: CCL_ZE_IPC_EXCHANGE: unexpected value: drmfd, expected values: sockets, pidfd
[rank149]: Traceback (most recent call last):
[rank149]:   File "<frozen runpy>", line 198, in _run_module_as_main
[rank149]:   File "<frozen runpy>", line 88, in _run_code
[rank149]:   File "/lus/flare/projects/NLDesignProtein/bryan/Diffusion-dev-space/ProLoopDiff/src/train.py", line 364, in <module>
[rank149]:     main()
[rank149]:   File "/lus/flare/projects/NLDesignProtein/bryan/Diffusion-dev-space/ProLoopDiff/src/train.py", line 177, in main
[rank149]:     broadcast_parameters(model)
[rank149]:   File "/lus/flare/projects/NLDesignProtein/bryan/Diffusion-dev-space/ProLoopDiff/src/dist.py", line 146, in broadcast_parameters
[rank149]:     torch.distributed.broadcast(p.data, src=src)
[rank149]:   File "/opt/aurora/26.26.0/frameworks/aurora_frameworks-2025.3.1/lib/python3.12/site-packages/torch/distributed/c10d_logger.py", line 83, in wrapper
[rank149]:     return func(*args, **kwargs)
[rank149]:            ^^^^^^^^^^^^^^^^^^^^^
[rank149]:   File "/opt/aurora/26.26.0/frameworks/aurora_frameworks-2025.3.1/lib/python3.12/site-packages/torch/distributed/distributed_c10d.py", line 2907, in broadcast
[rank149]:     work = group.broadcast([tensor], opts)
[rank149]:            ^^^^^^^^^^^^^^^^^^^^^^^^^^^^^^^
[rank149]: RuntimeError: oneCCL: env_parser.hpp:100 enum_by_str: EXCEPTION: CCL_ZE_IPC_EXCHANGE: unexpected value: drmfd, expected values: sockets, pidfd
[rank150]: Traceback (most recent call last):
[rank150]:   File "<frozen runpy>", line 198, in _run_module_as_main
[rank150]:   File "<frozen runpy>", line 88, in _run_code
[rank150]:   File "/lus/flare/projects/NLDesignProtein/bryan/Diffusion-dev-space/ProLoopDiff/src/train.py", line 364, in <module>
[rank150]:     main()
[rank150]:   File "/lus/flare/projects/NLDesignProtein/bryan/Diffusion-dev-space/ProLoopDiff/src/train.py", line 177, in main
[rank150]:     broadcast_parameters(model)
[rank150]:   File "/lus/flare/projects/NLDesignProtein/bryan/Diffusion-dev-space/ProLoopDiff/src/dist.py", line 146, in broadcast_parameters
[rank150]:     torch.distributed.broadcast(p.data, src=src)
[rank150]:   File "/opt/aurora/26.26.0/frameworks/aurora_frameworks-2025.3.1/lib/python3.12/site-packages/torch/distributed/c10d_logger.py", line 83, in wrapper
[rank150]:     return func(*args, **kwargs)
[rank150]:            ^^^^^^^^^^^^^^^^^^^^^
[rank150]:   File "/opt/aurora/26.26.0/frameworks/aurora_frameworks-2025.3.1/lib/python3.12/site-packages/torch/distributed/distributed_c10d.py", line 2907, in broadcast
[rank150]:     work = group.broadcast([tensor], opts)
[rank150]:            ^^^^^^^^^^^^^^^^^^^^^^^^^^^^^^^
[rank150]: RuntimeError: oneCCL: env_parser.hpp:100 enum_by_str: EXCEPTION: CCL_ZE_IPC_EXCHANGE: unexpected value: drmfd, expected values: sockets, pidfd
[rank172]: Traceback (most recent call last):
[rank172]:   File "<frozen runpy>", line 198, in _run_module_as_main
[rank172]:   File "<frozen runpy>", line 88, in _run_code
[rank172]:   File "/lus/flare/projects/NLDesignProtein/bryan/Diffusion-dev-space/ProLoopDiff/src/train.py", line 364, in <module>
[rank172]:     main()
[rank172]:   File "/lus/flare/projects/NLDesignProtein/bryan/Diffusion-dev-space/ProLoopDiff/src/train.py", line 177, in main
[rank172]:     broadcast_parameters(model)
[rank172]:   File "/lus/flare/projects/NLDesignProtein/bryan/Diffusion-dev-space/ProLoopDiff/src/dist.py", line 146, in broadcast_parameters
[rank172]:     torch.distributed.broadcast(p.data, src=src)
[rank172]:   File "/opt/aurora/26.26.0/frameworks/aurora_frameworks-2025.3.1/lib/python3.12/site-packages/torch/distributed/c10d_logger.py", line 83, in wrapper
[rank172]:     return func(*args, **kwargs)
[rank172]:            ^^^^^^^^^^^^^^^^^^^^^
[rank172]:   File "/opt/aurora/26.26.0/frameworks/aurora_frameworks-2025.3.1/lib/python3.12/site-packages/torch/distributed/distributed_c10d.py", line 2907, in broadcast
[rank172]:     work = group.broadcast([tensor], opts)
[rank172]:            ^^^^^^^^^^^^^^^^^^^^^^^^^^^^^^^
[rank172]: RuntimeError: oneCCL: env_parser.hpp:100 enum_by_str: EXCEPTION: CCL_ZE_IPC_EXCHANGE: unexpected value: drmfd, expected values: sockets, pidfd
[rank174]: Traceback (most recent call last):
[rank174]:   File "<frozen runpy>", line 198, in _run_module_as_main
[rank174]:   File "<frozen runpy>", line 88, in _run_code
[rank174]:   File "/lus/flare/projects/NLDesignProtein/bryan/Diffusion-dev-space/ProLoopDiff/src/train.py", line 364, in <module>
[rank174]:     main()
[rank174]:   File "/lus/flare/projects/NLDesignProtein/bryan/Diffusion-dev-space/ProLoopDiff/src/train.py", line 177, in main
[rank174]:     broadcast_parameters(model)
[rank174]:   File "/lus/flare/projects/NLDesignProtein/bryan/Diffusion-dev-space/ProLoopDiff/src/dist.py", line 146, in broadcast_parameters
[rank174]:     torch.distributed.broadcast(p.data, src=src)
[rank174]:   File "/opt/aurora/26.26.0/frameworks/aurora_frameworks-2025.3.1/lib/python3.12/site-packages/torch/distributed/c10d_logger.py", line 83, in wrapper
[rank174]:     return func(*args, **kwargs)
[rank174]:            ^^^^^^^^^^^^^^^^^^^^^
[rank174]:   File "/opt/aurora/26.26.0/frameworks/aurora_frameworks-2025.3.1/lib/python3.12/site-packages/torch/distributed/distributed_c10d.py", line 2907, in broadcast
[rank174]:     work = group.broadcast([tensor], opts)
[rank174]:            ^^^^^^^^^^^^^^^^^^^^^^^^^^^^^^^
[rank174]: RuntimeError: oneCCL: env_parser.hpp:100 enum_by_str: EXCEPTION: CCL_ZE_IPC_EXCHANGE: unexpected value: drmfd, expected values: sockets, pidfd
[rank152]: Traceback (most recent call last):
[rank152]:   File "<frozen runpy>", line 198, in _run_module_as_main
[rank152]:   File "<frozen runpy>", line 88, in _run_code
[rank152]:   File "/lus/flare/projects/NLDesignProtein/bryan/Diffusion-dev-space/ProLoopDiff/src/train.py", line 364, in <module>
[rank152]:     main()
[rank152]:   File "/lus/flare/projects/NLDesignProtein/bryan/Diffusion-dev-space/ProLoopDiff/src/train.py", line 177, in main
[rank152]:     broadcast_parameters(model)
[rank152]:   File "/lus/flare/projects/NLDesignProtein/bryan/Diffusion-dev-space/ProLoopDiff/src/dist.py", line 146, in broadcast_parameters
[rank152]:     torch.distributed.broadcast(p.data, src=src)
[rank152]:   File "/opt/aurora/26.26.0/frameworks/aurora_frameworks-2025.3.1/lib/python3.12/site-packages/torch/distributed/c10d_logger.py", line 83, in wrapper
[rank152]:     return func(*args, **kwargs)
[rank152]:            ^^^^^^^^^^^^^^^^^^^^^
[rank152]:   File "/opt/aurora/26.26.0/frameworks/aurora_frameworks-2025.3.1/lib/python3.12/site-packages/torch/distributed/distributed_c10d.py", line 2907, in broadcast
[rank152]:     work = group.broadcast([tensor], opts)
[rank152]:            ^^^^^^^^^^^^^^^^^^^^^^^^^^^^^^^
[rank152]: RuntimeError: oneCCL: env_parser.hpp:100 enum_by_str: EXCEPTION: CCL_ZE_IPC_EXCHANGE: unexpected value: drmfd, expected values: sockets, pidfd
[rank132]: Traceback (most recent call last):
[rank132]:   File "<frozen runpy>", line 198, in _run_module_as_main
[rank132]:   File "<frozen runpy>", line 88, in _run_code
[rank132]:   File "/lus/flare/projects/NLDesignProtein/bryan/Diffusion-dev-space/ProLoopDiff/src/train.py", line 364, in <module>
[rank132]:     main()
[rank132]:   File "/lus/flare/projects/NLDesignProtein/bryan/Diffusion-dev-space/ProLoopDiff/src/train.py", line 177, in main
[rank132]:     broadcast_parameters(model)
[rank132]:   File "/lus/flare/projects/NLDesignProtein/bryan/Diffusion-dev-space/ProLoopDiff/src/dist.py", line 146, in broadcast_parameters
[rank132]:     torch.distributed.broadcast(p.data, src=src)
[rank132]:   File "/opt/aurora/26.26.0/frameworks/aurora_frameworks-2025.3.1/lib/python3.12/site-packages/torch/distributed/c10d_logger.py", line 83, in wrapper
[rank132]:     return func(*args, **kwargs)
[rank132]:            ^^^^^^^^^^^^^^^^^^^^^
[rank132]:   File "/opt/aurora/26.26.0/frameworks/aurora_frameworks-2025.3.1/lib/python3.12/site-packages/torch/distributed/distributed_c10d.py", line 2907, in broadcast
[rank132]:     work = group.broadcast([tensor], opts)
[rank132]:            ^^^^^^^^^^^^^^^^^^^^^^^^^^^^^^^
[rank132]: RuntimeError: oneCCL: env_parser.hpp:100 enum_by_str: EXCEPTION: CCL_ZE_IPC_EXCHANGE: unexpected value: drmfd, expected values: sockets, pidfd
[rank133]: Traceback (most recent call last):
[rank133]:   File "<frozen runpy>", line 198, in _run_module_as_main
[rank133]:   File "<frozen runpy>", line 88, in _run_code
[rank133]:   File "/lus/flare/projects/NLDesignProtein/bryan/Diffusion-dev-space/ProLoopDiff/src/train.py", line 364, in <module>
[rank133]:     main()
[rank133]:   File "/lus/flare/projects/NLDesignProtein/bryan/Diffusion-dev-space/ProLoopDiff/src/train.py", line 177, in main
[rank133]:     broadcast_parameters(model)
[rank133]:   File "/lus/flare/projects/NLDesignProtein/bryan/Diffusion-dev-space/ProLoopDiff/src/dist.py", line 146, in broadcast_parameters
[rank133]:     torch.distributed.broadcast(p.data, src=src)
[rank133]:   File "/opt/aurora/26.26.0/frameworks/aurora_frameworks-2025.3.1/lib/python3.12/site-packages/torch/distributed/c10d_logger.py", line 83, in wrapper
[rank133]:     return func(*args, **kwargs)
[rank133]:            ^^^^^^^^^^^^^^^^^^^^^
[rank133]:   File "/opt/aurora/26.26.0/frameworks/aurora_frameworks-2025.3.1/lib/python3.12/site-packages/torch/distributed/distributed_c10d.py", line 2907, in broadcast
[rank133]:     work = group.broadcast([tensor], opts)
[rank133]:            ^^^^^^^^^^^^^^^^^^^^^^^^^^^^^^^
[rank133]: RuntimeError: oneCCL: env_parser.hpp:100 enum_by_str: EXCEPTION: CCL_ZE_IPC_EXCHANGE: unexpected value: drmfd, expected values: sockets, pidfd
[rank134]: Traceback (most recent call last):
[rank134]:   File "<frozen runpy>", line 198, in _run_module_as_main
[rank134]:   File "<frozen runpy>", line 88, in _run_code
[rank134]:   File "/lus/flare/projects/NLDesignProtein/bryan/Diffusion-dev-space/ProLoopDiff/src/train.py", line 364, in <module>
[rank134]:     main()
[rank134]:   File "/lus/flare/projects/NLDesignProtein/bryan/Diffusion-dev-space/ProLoopDiff/src/train.py", line 177, in main
[rank134]:     broadcast_parameters(model)
[rank134]:   File "/lus/flare/projects/NLDesignProtein/bryan/Diffusion-dev-space/ProLoopDiff/src/dist.py", line 146, in broadcast_parameters
[rank134]:     torch.distributed.broadcast(p.data, src=src)
[rank134]:   File "/opt/aurora/26.26.0/frameworks/aurora_frameworks-2025.3.1/lib/python3.12/site-packages/torch/distributed/c10d_logger.py", line 83, in wrapper
[rank134]:     return func(*args, **kwargs)
[rank134]:            ^^^^^^^^^^^^^^^^^^^^^
[rank134]:   File "/opt/aurora/26.26.0/frameworks/aurora_frameworks-2025.3.1/lib/python3.12/site-packages/torch/distributed/distributed_c10d.py", line 2907, in broadcast
[rank134]:     work = group.broadcast([tensor], opts)
[rank134]:            ^^^^^^^^^^^^^^^^^^^^^^^^^^^^^^^
[rank134]: RuntimeError: oneCCL: env_parser.hpp:100 enum_by_str: EXCEPTION: CCL_ZE_IPC_EXCHANGE: unexpected value: drmfd, expected values: sockets, pidfd
[rank135]: Traceback (most recent call last):
[rank135]:   File "<frozen runpy>", line 198, in _run_module_as_main
[rank135]:   File "<frozen runpy>", line 88, in _run_code
[rank135]:   File "/lus/flare/projects/NLDesignProtein/bryan/Diffusion-dev-space/ProLoopDiff/src/train.py", line 364, in <module>
[rank135]:     main()
[rank135]:   File "/lus/flare/projects/NLDesignProtein/bryan/Diffusion-dev-space/ProLoopDiff/src/train.py", line 177, in main
[rank135]:     broadcast_parameters(model)
[rank135]:   File "/lus/flare/projects/NLDesignProtein/bryan/Diffusion-dev-space/ProLoopDiff/src/dist.py", line 146, in broadcast_parameters
[rank135]:     torch.distributed.broadcast(p.data, src=src)
[rank135]:   File "/opt/aurora/26.26.0/frameworks/aurora_frameworks-2025.3.1/lib/python3.12/site-packages/torch/distributed/c10d_logger.py", line 83, in wrapper
[rank135]:     return func(*args, **kwargs)
[rank135]:            ^^^^^^^^^^^^^^^^^^^^^
[rank135]:   File "/opt/aurora/26.26.0/frameworks/aurora_frameworks-2025.3.1/lib/python3.12/site-packages/torch/distributed/distributed_c10d.py", line 2907, in broadcast
[rank135]:     work = group.broadcast([tensor], opts)
[rank135]:            ^^^^^^^^^^^^^^^^^^^^^^^^^^^^^^^
[rank135]: RuntimeError: oneCCL: env_parser.hpp:100 enum_by_str: EXCEPTION: CCL_ZE_IPC_EXCHANGE: unexpected value: drmfd, expected values: sockets, pidfd
[rank136]: Traceback (most recent call last):
[rank136]:   File "<frozen runpy>", line 198, in _run_module_as_main
[rank136]:   File "<frozen runpy>", line 88, in _run_code
[rank136]:   File "/lus/flare/projects/NLDesignProtein/bryan/Diffusion-dev-space/ProLoopDiff/src/train.py", line 364, in <module>
[rank136]:     main()
[rank136]:   File "/lus/flare/projects/NLDesignProtein/bryan/Diffusion-dev-space/ProLoopDiff/src/train.py", line 177, in main
[rank136]:     broadcast_parameters(model)
[rank136]:   File "/lus/flare/projects/NLDesignProtein/bryan/Diffusion-dev-space/ProLoopDiff/src/dist.py", line 146, in broadcast_parameters
[rank136]:     torch.distributed.broadcast(p.data, src=src)
[rank136]:   File "/opt/aurora/26.26.0/frameworks/aurora_frameworks-2025.3.1/lib/python3.12/site-packages/torch/distributed/c10d_logger.py", line 83, in wrapper
[rank136]:     return func(*args, **kwargs)
[rank136]:            ^^^^^^^^^^^^^^^^^^^^^
[rank136]:   File "/opt/aurora/26.26.0/frameworks/aurora_frameworks-2025.3.1/lib/python3.12/site-packages/torch/distributed/distributed_c10d.py", line 2907, in broadcast
[rank136]:     work = group.broadcast([tensor], opts)
[rank136]:            ^^^^^^^^^^^^^^^^^^^^^^^^^^^^^^^
[rank136]: RuntimeError: oneCCL: env_parser.hpp:100 enum_by_str: EXCEPTION: CCL_ZE_IPC_EXCHANGE: unexpected value: drmfd, expected values: sockets, pidfd
[rank137]: Traceback (most recent call last):
[rank137]:   File "<frozen runpy>", line 198, in _run_module_as_main
[rank137]:   File "<frozen runpy>", line 88, in _run_code
[rank137]:   File "/lus/flare/projects/NLDesignProtein/bryan/Diffusion-dev-space/ProLoopDiff/src/train.py", line 364, in <module>
[rank137]:     main()
[rank137]:   File "/lus/flare/projects/NLDesignProtein/bryan/Diffusion-dev-space/ProLoopDiff/src/train.py", line 177, in main
[rank137]:     broadcast_parameters(model)
[rank137]:   File "/lus/flare/projects/NLDesignProtein/bryan/Diffusion-dev-space/ProLoopDiff/src/dist.py", line 146, in broadcast_parameters
[rank137]:     torch.distributed.broadcast(p.data, src=src)
[rank137]:   File "/opt/aurora/26.26.0/frameworks/aurora_frameworks-2025.3.1/lib/python3.12/site-packages/torch/distributed/c10d_logger.py", line 83, in wrapper
[rank137]:     return func(*args, **kwargs)
[rank137]:            ^^^^^^^^^^^^^^^^^^^^^
[rank137]:   File "/opt/aurora/26.26.0/frameworks/aurora_frameworks-2025.3.1/lib/python3.12/site-packages/torch/distributed/distributed_c10d.py", line 2907, in broadcast
[rank137]:     work = group.broadcast([tensor], opts)
[rank137]:            ^^^^^^^^^^^^^^^^^^^^^^^^^^^^^^^
[rank137]: RuntimeError: oneCCL: env_parser.hpp:100 enum_by_str: EXCEPTION: CCL_ZE_IPC_EXCHANGE: unexpected value: drmfd, expected values: sockets, pidfd
[rank138]: Traceback (most recent call last):
[rank138]:   File "<frozen runpy>", line 198, in _run_module_as_main
[rank138]:   File "<frozen runpy>", line 88, in _run_code
[rank138]:   File "/lus/flare/projects/NLDesignProtein/bryan/Diffusion-dev-space/ProLoopDiff/src/train.py", line 364, in <module>
[rank138]:     main()
[rank138]:   File "/lus/flare/projects/NLDesignProtein/bryan/Diffusion-dev-space/ProLoopDiff/src/train.py", line 177, in main
[rank138]:     broadcast_parameters(model)
[rank138]:   File "/lus/flare/projects/NLDesignProtein/bryan/Diffusion-dev-space/ProLoopDiff/src/dist.py", line 146, in broadcast_parameters
[rank138]:     torch.distributed.broadcast(p.data, src=src)
[rank138]:   File "/opt/aurora/26.26.0/frameworks/aurora_frameworks-2025.3.1/lib/python3.12/site-packages/torch/distributed/c10d_logger.py", line 83, in wrapper
[rank138]:     return func(*args, **kwargs)
[rank138]:            ^^^^^^^^^^^^^^^^^^^^^
[rank138]:   File "/opt/aurora/26.26.0/frameworks/aurora_frameworks-2025.3.1/lib/python3.12/site-packages/torch/distributed/distributed_c10d.py", line 2907, in broadcast
[rank138]:     work = group.broadcast([tensor], opts)
[rank138]:            ^^^^^^^^^^^^^^^^^^^^^^^^^^^^^^^
[rank138]: RuntimeError: oneCCL: env_parser.hpp:100 enum_by_str: EXCEPTION: CCL_ZE_IPC_EXCHANGE: unexpected value: drmfd, expected values: sockets, pidfd
[rank139]: Traceback (most recent call last):
[rank139]:   File "<frozen runpy>", line 198, in _run_module_as_main
[rank139]:   File "<frozen runpy>", line 88, in _run_code
[rank139]:   File "/lus/flare/projects/NLDesignProtein/bryan/Diffusion-dev-space/ProLoopDiff/src/train.py", line 364, in <module>
[rank139]:     main()
[rank139]:   File "/lus/flare/projects/NLDesignProtein/bryan/Diffusion-dev-space/ProLoopDiff/src/train.py", line 177, in main
[rank139]:     broadcast_parameters(model)
[rank139]:   File "/lus/flare/projects/NLDesignProtein/bryan/Diffusion-dev-space/ProLoopDiff/src/dist.py", line 146, in broadcast_parameters
[rank139]:     torch.distributed.broadcast(p.data, src=src)
[rank139]:   File "/opt/aurora/26.26.0/frameworks/aurora_frameworks-2025.3.1/lib/python3.12/site-packages/torch/distributed/c10d_logger.py", line 83, in wrapper
[rank139]:     return func(*args, **kwargs)
[rank139]:            ^^^^^^^^^^^^^^^^^^^^^
[rank139]:   File "/opt/aurora/26.26.0/frameworks/aurora_frameworks-2025.3.1/lib/python3.12/site-packages/torch/distributed/distributed_c10d.py", line 2907, in broadcast
[rank139]:     work = group.broadcast([tensor], opts)
[rank139]:            ^^^^^^^^^^^^^^^^^^^^^^^^^^^^^^^
[rank139]: RuntimeError: oneCCL: env_parser.hpp:100 enum_by_str: EXCEPTION: CCL_ZE_IPC_EXCHANGE: unexpected value: drmfd, expected values: sockets, pidfd
[rank141]: Traceback (most recent call last):
[rank141]:   File "<frozen runpy>", line 198, in _run_module_as_main
[rank141]:   File "<frozen runpy>", line 88, in _run_code
[rank141]:   File "/lus/flare/projects/NLDesignProtein/bryan/Diffusion-dev-space/ProLoopDiff/src/train.py", line 364, in <module>
[rank141]:     main()
[rank141]:   File "/lus/flare/projects/NLDesignProtein/bryan/Diffusion-dev-space/ProLoopDiff/src/train.py", line 177, in main
[rank141]:     broadcast_parameters(model)
[rank141]:   File "/lus/flare/projects/NLDesignProtein/bryan/Diffusion-dev-space/ProLoopDiff/src/dist.py", line 146, in broadcast_parameters
[rank141]:     torch.distributed.broadcast(p.data, src=src)
[rank141]:   File "/opt/aurora/26.26.0/frameworks/aurora_frameworks-2025.3.1/lib/python3.12/site-packages/torch/distributed/c10d_logger.py", line 83, in wrapper
[rank141]:     return func(*args, **kwargs)
[rank141]:            ^^^^^^^^^^^^^^^^^^^^^
[rank141]:   File "/opt/aurora/26.26.0/frameworks/aurora_frameworks-2025.3.1/lib/python3.12/site-packages/torch/distributed/distributed_c10d.py", line 2907, in broadcast
[rank141]:     work = group.broadcast([tensor], opts)
[rank141]:            ^^^^^^^^^^^^^^^^^^^^^^^^^^^^^^^
[rank141]: RuntimeError: oneCCL: env_parser.hpp:100 enum_by_str: EXCEPTION: CCL_ZE_IPC_EXCHANGE: unexpected value: drmfd, expected values: sockets, pidfd
[rank142]: Traceback (most recent call last):
[rank142]:   File "<frozen runpy>", line 198, in _run_module_as_main
[rank142]:   File "<frozen runpy>", line 88, in _run_code
[rank142]:   File "/lus/flare/projects/NLDesignProtein/bryan/Diffusion-dev-space/ProLoopDiff/src/train.py", line 364, in <module>
[rank142]:     main()
[rank142]:   File "/lus/flare/projects/NLDesignProtein/bryan/Diffusion-dev-space/ProLoopDiff/src/train.py", line 177, in main
[rank142]:     broadcast_parameters(model)
[rank142]:   File "/lus/flare/projects/NLDesignProtein/bryan/Diffusion-dev-space/ProLoopDiff/src/dist.py", line 146, in broadcast_parameters
[rank142]:     torch.distributed.broadcast(p.data, src=src)
[rank142]:   File "/opt/aurora/26.26.0/frameworks/aurora_frameworks-2025.3.1/lib/python3.12/site-packages/torch/distributed/c10d_logger.py", line 83, in wrapper
[rank142]:     return func(*args, **kwargs)
[rank142]:            ^^^^^^^^^^^^^^^^^^^^^
[rank142]:   File "/opt/aurora/26.26.0/frameworks/aurora_frameworks-2025.3.1/lib/python3.12/site-packages/torch/distributed/distributed_c10d.py", line 2907, in broadcast
[rank142]:     work = group.broadcast([tensor], opts)
[rank142]:            ^^^^^^^^^^^^^^^^^^^^^^^^^^^^^^^
[rank142]: RuntimeError: oneCCL: env_parser.hpp:100 enum_by_str: EXCEPTION: CCL_ZE_IPC_EXCHANGE: unexpected value: drmfd, expected values: sockets, pidfd
[rank143]: Traceback (most recent call last):
[rank143]:   File "<frozen runpy>", line 198, in _run_module_as_main
[rank143]:   File "<frozen runpy>", line 88, in _run_code
[rank143]:   File "/lus/flare/projects/NLDesignProtein/bryan/Diffusion-dev-space/ProLoopDiff/src/train.py", line 364, in <module>
[rank143]:     main()
[rank143]:   File "/lus/flare/projects/NLDesignProtein/bryan/Diffusion-dev-space/ProLoopDiff/src/train.py", line 177, in main
[rank143]:     broadcast_parameters(model)
[rank143]:   File "/lus/flare/projects/NLDesignProtein/bryan/Diffusion-dev-space/ProLoopDiff/src/dist.py", line 146, in broadcast_parameters
[rank143]:     torch.distributed.broadcast(p.data, src=src)
[rank143]:   File "/opt/aurora/26.26.0/frameworks/aurora_frameworks-2025.3.1/lib/python3.12/site-packages/torch/distributed/c10d_logger.py", line 83, in wrapper
[rank143]:     return func(*args, **kwargs)
[rank143]:            ^^^^^^^^^^^^^^^^^^^^^
[rank143]:   File "/opt/aurora/26.26.0/frameworks/aurora_frameworks-2025.3.1/lib/python3.12/site-packages/torch/distributed/distributed_c10d.py", line 2907, in broadcast
[rank143]:     work = group.broadcast([tensor], opts)
[rank143]:            ^^^^^^^^^^^^^^^^^^^^^^^^^^^^^^^
[rank143]: RuntimeError: oneCCL: env_parser.hpp:100 enum_by_str: EXCEPTION: CCL_ZE_IPC_EXCHANGE: unexpected value: drmfd, expected values: sockets, pidfd
[rank24]: Traceback (most recent call last):
[rank24]:   File "<frozen runpy>", line 198, in _run_module_as_main
[rank24]:   File "<frozen runpy>", line 88, in _run_code
[rank24]:   File "/lus/flare/projects/NLDesignProtein/bryan/Diffusion-dev-space/ProLoopDiff/src/train.py", line 364, in <module>
[rank24]:     main()
[rank24]:   File "/lus/flare/projects/NLDesignProtein/bryan/Diffusion-dev-space/ProLoopDiff/src/train.py", line 177, in main
[rank24]:     broadcast_parameters(model)
[rank24]:   File "/lus/flare/projects/NLDesignProtein/bryan/Diffusion-dev-space/ProLoopDiff/src/dist.py", line 146, in broadcast_parameters
[rank24]:     torch.distributed.broadcast(p.data, src=src)
[rank24]:   File "/opt/aurora/26.26.0/frameworks/aurora_frameworks-2025.3.1/lib/python3.12/site-packages/torch/distributed/c10d_logger.py", line 83, in wrapper
[rank24]:     return func(*args, **kwargs)
[rank24]:            ^^^^^^^^^^^^^^^^^^^^^
[rank24]:   File "/opt/aurora/26.26.0/frameworks/aurora_frameworks-2025.3.1/lib/python3.12/site-packages/torch/distributed/distributed_c10d.py", line 2907, in broadcast
[rank24]:     work = group.broadcast([tensor], opts)
[rank24]:            ^^^^^^^^^^^^^^^^^^^^^^^^^^^^^^^
[rank24]: RuntimeError: oneCCL: env_parser.hpp:100 enum_by_str: EXCEPTION: CCL_ZE_IPC_EXCHANGE: unexpected value: drmfd, expected values: sockets, pidfd
[rank25]: Traceback (most recent call last):
[rank25]:   File "<frozen runpy>", line 198, in _run_module_as_main
[rank25]:   File "<frozen runpy>", line 88, in _run_code
[rank25]:   File "/lus/flare/projects/NLDesignProtein/bryan/Diffusion-dev-space/ProLoopDiff/src/train.py", line 364, in <module>
[rank25]:     main()
[rank25]:   File "/lus/flare/projects/NLDesignProtein/bryan/Diffusion-dev-space/ProLoopDiff/src/train.py", line 177, in main
[rank25]:     broadcast_parameters(model)
[rank25]:   File "/lus/flare/projects/NLDesignProtein/bryan/Diffusion-dev-space/ProLoopDiff/src/dist.py", line 146, in broadcast_parameters
[rank25]:     torch.distributed.broadcast(p.data, src=src)
[rank25]:   File "/opt/aurora/26.26.0/frameworks/aurora_frameworks-2025.3.1/lib/python3.12/site-packages/torch/distributed/c10d_logger.py", line 83, in wrapper
[rank25]:     return func(*args, **kwargs)
[rank25]:            ^^^^^^^^^^^^^^^^^^^^^
[rank25]:   File "/opt/aurora/26.26.0/frameworks/aurora_frameworks-2025.3.1/lib/python3.12/site-packages/torch/distributed/distributed_c10d.py", line 2907, in broadcast
[rank25]:     work = group.broadcast([tensor], opts)
[rank25]:            ^^^^^^^^^^^^^^^^^^^^^^^^^^^^^^^
[rank25]: RuntimeError: oneCCL: env_parser.hpp:100 enum_by_str: EXCEPTION: CCL_ZE_IPC_EXCHANGE: unexpected value: drmfd, expected values: sockets, pidfd
[rank26]: Traceback (most recent call last):
[rank26]:   File "<frozen runpy>", line 198, in _run_module_as_main
[rank26]:   File "<frozen runpy>", line 88, in _run_code
[rank26]:   File "/lus/flare/projects/NLDesignProtein/bryan/Diffusion-dev-space/ProLoopDiff/src/train.py", line 364, in <module>
[rank26]:     main()
[rank26]:   File "/lus/flare/projects/NLDesignProtein/bryan/Diffusion-dev-space/ProLoopDiff/src/train.py", line 177, in main
[rank26]:     broadcast_parameters(model)
[rank26]:   File "/lus/flare/projects/NLDesignProtein/bryan/Diffusion-dev-space/ProLoopDiff/src/dist.py", line 146, in broadcast_parameters
[rank26]:     torch.distributed.broadcast(p.data, src=src)
[rank26]:   File "/opt/aurora/26.26.0/frameworks/aurora_frameworks-2025.3.1/lib/python3.12/site-packages/torch/distributed/c10d_logger.py", line 83, in wrapper
[rank26]:     return func(*args, **kwargs)
[rank26]:            ^^^^^^^^^^^^^^^^^^^^^
[rank26]:   File "/opt/aurora/26.26.0/frameworks/aurora_frameworks-2025.3.1/lib/python3.12/site-packages/torch/distributed/distributed_c10d.py", line 2907, in broadcast
[rank26]:     work = group.broadcast([tensor], opts)
[rank26]:            ^^^^^^^^^^^^^^^^^^^^^^^^^^^^^^^
[rank26]: RuntimeError: oneCCL: env_parser.hpp:100 enum_by_str: EXCEPTION: CCL_ZE_IPC_EXCHANGE: unexpected value: drmfd, expected values: sockets, pidfd
[rank27]: Traceback (most recent call last):
[rank27]:   File "<frozen runpy>", line 198, in _run_module_as_main
[rank27]:   File "<frozen runpy>", line 88, in _run_code
[rank27]:   File "/lus/flare/projects/NLDesignProtein/bryan/Diffusion-dev-space/ProLoopDiff/src/train.py", line 364, in <module>
[rank27]:     main()
[rank27]:   File "/lus/flare/projects/NLDesignProtein/bryan/Diffusion-dev-space/ProLoopDiff/src/train.py", line 177, in main
[rank27]:     broadcast_parameters(model)
[rank27]:   File "/lus/flare/projects/NLDesignProtein/bryan/Diffusion-dev-space/ProLoopDiff/src/dist.py", line 146, in broadcast_parameters
[rank27]:     torch.distributed.broadcast(p.data, src=src)
[rank27]:   File "/opt/aurora/26.26.0/frameworks/aurora_frameworks-2025.3.1/lib/python3.12/site-packages/torch/distributed/c10d_logger.py", line 83, in wrapper
[rank27]:     return func(*args, **kwargs)
[rank27]:            ^^^^^^^^^^^^^^^^^^^^^
[rank27]:   File "/opt/aurora/26.26.0/frameworks/aurora_frameworks-2025.3.1/lib/python3.12/site-packages/torch/distributed/distributed_c10d.py", line 2907, in broadcast
[rank27]:     work = group.broadcast([tensor], opts)
[rank27]:            ^^^^^^^^^^^^^^^^^^^^^^^^^^^^^^^
[rank27]: RuntimeError: oneCCL: env_parser.hpp:100 enum_by_str: EXCEPTION: CCL_ZE_IPC_EXCHANGE: unexpected value: drmfd, expected values: sockets, pidfd
[rank28]: Traceback (most recent call last):
[rank28]:   File "<frozen runpy>", line 198, in _run_module_as_main
[rank28]:   File "<frozen runpy>", line 88, in _run_code
[rank28]:   File "/lus/flare/projects/NLDesignProtein/bryan/Diffusion-dev-space/ProLoopDiff/src/train.py", line 364, in <module>
[rank28]:     main()
[rank28]:   File "/lus/flare/projects/NLDesignProtein/bryan/Diffusion-dev-space/ProLoopDiff/src/train.py", line 177, in main
[rank28]:     broadcast_parameters(model)
[rank28]:   File "/lus/flare/projects/NLDesignProtein/bryan/Diffusion-dev-space/ProLoopDiff/src/dist.py", line 146, in broadcast_parameters
[rank28]:     torch.distributed.broadcast(p.data, src=src)
[rank28]:   File "/opt/aurora/26.26.0/frameworks/aurora_frameworks-2025.3.1/lib/python3.12/site-packages/torch/distributed/c10d_logger.py", line 83, in wrapper
[rank28]:     return func(*args, **kwargs)
[rank28]:            ^^^^^^^^^^^^^^^^^^^^^
[rank28]:   File "/opt/aurora/26.26.0/frameworks/aurora_frameworks-2025.3.1/lib/python3.12/site-packages/torch/distributed/distributed_c10d.py", line 2907, in broadcast
[rank28]:     work = group.broadcast([tensor], opts)
[rank28]:            ^^^^^^^^^^^^^^^^^^^^^^^^^^^^^^^
[rank28]: RuntimeError: oneCCL: env_parser.hpp:100 enum_by_str: EXCEPTION: CCL_ZE_IPC_EXCHANGE: unexpected value: drmfd, expected values: sockets, pidfd
[rank29]: Traceback (most recent call last):
[rank29]:   File "<frozen runpy>", line 198, in _run_module_as_main
[rank29]:   File "<frozen runpy>", line 88, in _run_code
[rank29]:   File "/lus/flare/projects/NLDesignProtein/bryan/Diffusion-dev-space/ProLoopDiff/src/train.py", line 364, in <module>
[rank29]:     main()
[rank29]:   File "/lus/flare/projects/NLDesignProtein/bryan/Diffusion-dev-space/ProLoopDiff/src/train.py", line 177, in main
[rank29]:     broadcast_parameters(model)
[rank29]:   File "/lus/flare/projects/NLDesignProtein/bryan/Diffusion-dev-space/ProLoopDiff/src/dist.py", line 146, in broadcast_parameters
[rank29]:     torch.distributed.broadcast(p.data, src=src)
[rank29]:   File "/opt/aurora/26.26.0/frameworks/aurora_frameworks-2025.3.1/lib/python3.12/site-packages/torch/distributed/c10d_logger.py", line 83, in wrapper
[rank29]:     return func(*args, **kwargs)
[rank29]:            ^^^^^^^^^^^^^^^^^^^^^
[rank29]:   File "/opt/aurora/26.26.0/frameworks/aurora_frameworks-2025.3.1/lib/python3.12/site-packages/torch/distributed/distributed_c10d.py", line 2907, in broadcast
[rank29]:     work = group.broadcast([tensor], opts)
[rank29]:            ^^^^^^^^^^^^^^^^^^^^^^^^^^^^^^^
[rank29]: RuntimeError: oneCCL: env_parser.hpp:100 enum_by_str: EXCEPTION: CCL_ZE_IPC_EXCHANGE: unexpected value: drmfd, expected values: sockets, pidfd
[rank30]: Traceback (most recent call last):
[rank30]:   File "<frozen runpy>", line 198, in _run_module_as_main
[rank30]:   File "<frozen runpy>", line 88, in _run_code
[rank30]:   File "/lus/flare/projects/NLDesignProtein/bryan/Diffusion-dev-space/ProLoopDiff/src/train.py", line 364, in <module>
[rank30]:     main()
[rank30]:   File "/lus/flare/projects/NLDesignProtein/bryan/Diffusion-dev-space/ProLoopDiff/src/train.py", line 177, in main
[rank30]:     broadcast_parameters(model)
[rank30]:   File "/lus/flare/projects/NLDesignProtein/bryan/Diffusion-dev-space/ProLoopDiff/src/dist.py", line 146, in broadcast_parameters
[rank30]:     torch.distributed.broadcast(p.data, src=src)
[rank30]:   File "/opt/aurora/26.26.0/frameworks/aurora_frameworks-2025.3.1/lib/python3.12/site-packages/torch/distributed/c10d_logger.py", line 83, in wrapper
[rank30]:     return func(*args, **kwargs)
[rank30]:            ^^^^^^^^^^^^^^^^^^^^^
[rank30]:   File "/opt/aurora/26.26.0/frameworks/aurora_frameworks-2025.3.1/lib/python3.12/site-packages/torch/distributed/distributed_c10d.py", line 2907, in broadcast
[rank30]:     work = group.broadcast([tensor], opts)
[rank30]:            ^^^^^^^^^^^^^^^^^^^^^^^^^^^^^^^
[rank30]: RuntimeError: oneCCL: env_parser.hpp:100 enum_by_str: EXCEPTION: CCL_ZE_IPC_EXCHANGE: unexpected value: drmfd, expected values: sockets, pidfd
[rank31]: Traceback (most recent call last):
[rank31]:   File "<frozen runpy>", line 198, in _run_module_as_main
[rank31]:   File "<frozen runpy>", line 88, in _run_code
[rank31]:   File "/lus/flare/projects/NLDesignProtein/bryan/Diffusion-dev-space/ProLoopDiff/src/train.py", line 364, in <module>
[rank31]:     main()
[rank31]:   File "/lus/flare/projects/NLDesignProtein/bryan/Diffusion-dev-space/ProLoopDiff/src/train.py", line 177, in main
[rank31]:     broadcast_parameters(model)
[rank31]:   File "/lus/flare/projects/NLDesignProtein/bryan/Diffusion-dev-space/ProLoopDiff/src/dist.py", line 146, in broadcast_parameters
[rank31]:     torch.distributed.broadcast(p.data, src=src)
[rank31]:   File "/opt/aurora/26.26.0/frameworks/aurora_frameworks-2025.3.1/lib/python3.12/site-packages/torch/distributed/c10d_logger.py", line 83, in wrapper
[rank31]:     return func(*args, **kwargs)
[rank31]:            ^^^^^^^^^^^^^^^^^^^^^
[rank31]:   File "/opt/aurora/26.26.0/frameworks/aurora_frameworks-2025.3.1/lib/python3.12/site-packages/torch/distributed/distributed_c10d.py", line 2907, in broadcast
[rank31]:     work = group.broadcast([tensor], opts)
[rank31]:            ^^^^^^^^^^^^^^^^^^^^^^^^^^^^^^^
[rank31]: RuntimeError: oneCCL: env_parser.hpp:100 enum_by_str: EXCEPTION: CCL_ZE_IPC_EXCHANGE: unexpected value: drmfd, expected values: sockets, pidfd
[rank33]: Traceback (most recent call last):
[rank33]:   File "<frozen runpy>", line 198, in _run_module_as_main
[rank33]:   File "<frozen runpy>", line 88, in _run_code
[rank33]:   File "/lus/flare/projects/NLDesignProtein/bryan/Diffusion-dev-space/ProLoopDiff/src/train.py", line 364, in <module>
[rank33]:     main()
[rank33]:   File "/lus/flare/projects/NLDesignProtein/bryan/Diffusion-dev-space/ProLoopDiff/src/train.py", line 177, in main
[rank33]:     broadcast_parameters(model)
[rank33]:   File "/lus/flare/projects/NLDesignProtein/bryan/Diffusion-dev-space/ProLoopDiff/src/dist.py", line 146, in broadcast_parameters
[rank33]:     torch.distributed.broadcast(p.data, src=src)
[rank33]:   File "/opt/aurora/26.26.0/frameworks/aurora_frameworks-2025.3.1/lib/python3.12/site-packages/torch/distributed/c10d_logger.py", line 83, in wrapper
[rank33]:     return func(*args, **kwargs)
[rank33]:            ^^^^^^^^^^^^^^^^^^^^^
[rank33]:   File "/opt/aurora/26.26.0/frameworks/aurora_frameworks-2025.3.1/lib/python3.12/site-packages/torch/distributed/distributed_c10d.py", line 2907, in broadcast
[rank33]:     work = group.broadcast([tensor], opts)
[rank33]:            ^^^^^^^^^^^^^^^^^^^^^^^^^^^^^^^
[rank33]: RuntimeError: oneCCL: env_parser.hpp:100 enum_by_str: EXCEPTION: CCL_ZE_IPC_EXCHANGE: unexpected value: drmfd, expected values: sockets, pidfd
[rank147]: Traceback (most recent call last):
[rank147]:   File "<frozen runpy>", line 198, in _run_module_as_main
[rank147]:   File "<frozen runpy>", line 88, in _run_code
[rank147]:   File "/lus/flare/projects/NLDesignProtein/bryan/Diffusion-dev-space/ProLoopDiff/src/train.py", line 364, in <module>
[rank147]:     main()
[rank147]:   File "/lus/flare/projects/NLDesignProtein/bryan/Diffusion-dev-space/ProLoopDiff/src/train.py", line 177, in main
[rank147]:     broadcast_parameters(model)
[rank147]:   File "/lus/flare/projects/NLDesignProtein/bryan/Diffusion-dev-space/ProLoopDiff/src/dist.py", line 146, in broadcast_parameters
[rank147]:     torch.distributed.broadcast(p.data, src=src)
[rank147]:   File "/opt/aurora/26.26.0/frameworks/aurora_frameworks-2025.3.1/lib/python3.12/site-packages/torch/distributed/c10d_logger.py", line 83, in wrapper
[rank147]:     return func(*args, **kwargs)
[rank147]:            ^^^^^^^^^^^^^^^^^^^^^
[rank147]:   File "/opt/aurora/26.26.0/frameworks/aurora_frameworks-2025.3.1/lib/python3.12/site-packages/torch/distributed/distributed_c10d.py", line 2907, in broadcast
[rank147]:     work = group.broadcast([tensor], opts)
[rank147]:            ^^^^^^^^^^^^^^^^^^^^^^^^^^^^^^^
[rank147]: RuntimeError: oneCCL: env_parser.hpp:100 enum_by_str: EXCEPTION: CCL_ZE_IPC_EXCHANGE: unexpected value: drmfd, expected values: sockets, pidfd
[rank34]: Traceback (most recent call last):
[rank34]:   File "<frozen runpy>", line 198, in _run_module_as_main
[rank34]:   File "<frozen runpy>", line 88, in _run_code
[rank34]:   File "/lus/flare/projects/NLDesignProtein/bryan/Diffusion-dev-space/ProLoopDiff/src/train.py", line 364, in <module>
[rank34]:     main()
[rank34]:   File "/lus/flare/projects/NLDesignProtein/bryan/Diffusion-dev-space/ProLoopDiff/src/train.py", line 177, in main
[rank34]:     broadcast_parameters(model)
[rank34]:   File "/lus/flare/projects/NLDesignProtein/bryan/Diffusion-dev-space/ProLoopDiff/src/dist.py", line 146, in broadcast_parameters
[rank34]:     torch.distributed.broadcast(p.data, src=src)
[rank34]:   File "/opt/aurora/26.26.0/frameworks/aurora_frameworks-2025.3.1/lib/python3.12/site-packages/torch/distributed/c10d_logger.py", line 83, in wrapper
[rank34]:     return func(*args, **kwargs)
[rank34]:            ^^^^^^^^^^^^^^^^^^^^^
[rank34]:   File "/opt/aurora/26.26.0/frameworks/aurora_frameworks-2025.3.1/lib/python3.12/site-packages/torch/distributed/distributed_c10d.py", line 2907, in broadcast
[rank34]:     work = group.broadcast([tensor], opts)
[rank34]:            ^^^^^^^^^^^^^^^^^^^^^^^^^^^^^^^
[rank34]: RuntimeError: oneCCL: env_parser.hpp:100 enum_by_str: EXCEPTION: CCL_ZE_IPC_EXCHANGE: unexpected value: drmfd, expected values: sockets, pidfd
[rank35]: Traceback (most recent call last):
[rank35]:   File "<frozen runpy>", line 198, in _run_module_as_main
[rank35]:   File "<frozen runpy>", line 88, in _run_code
[rank35]:   File "/lus/flare/projects/NLDesignProtein/bryan/Diffusion-dev-space/ProLoopDiff/src/train.py", line 364, in <module>
[rank35]:     main()
[rank35]:   File "/lus/flare/projects/NLDesignProtein/bryan/Diffusion-dev-space/ProLoopDiff/src/train.py", line 177, in main
[rank35]:     broadcast_parameters(model)
[rank35]:   File "/lus/flare/projects/NLDesignProtein/bryan/Diffusion-dev-space/ProLoopDiff/src/dist.py", line 146, in broadcast_parameters
[rank35]:     torch.distributed.broadcast(p.data, src=src)
[rank35]:   File "/opt/aurora/26.26.0/frameworks/aurora_frameworks-2025.3.1/lib/python3.12/site-packages/torch/distributed/c10d_logger.py", line 83, in wrapper
[rank35]:     return func(*args, **kwargs)
[rank35]:            ^^^^^^^^^^^^^^^^^^^^^
[rank35]:   File "/opt/aurora/26.26.0/frameworks/aurora_frameworks-2025.3.1/lib/python3.12/site-packages/torch/distributed/distributed_c10d.py", line 2907, in broadcast
[rank35]:     work = group.broadcast([tensor], opts)
[rank35]:            ^^^^^^^^^^^^^^^^^^^^^^^^^^^^^^^
[rank35]: RuntimeError: oneCCL: env_parser.hpp:100 enum_by_str: EXCEPTION: CCL_ZE_IPC_EXCHANGE: unexpected value: drmfd, expected values: sockets, pidfd
[rank146]: Traceback (most recent call last):
[rank146]:   File "<frozen runpy>", line 198, in _run_module_as_main
[rank146]:   File "<frozen runpy>", line 88, in _run_code
[rank146]:   File "/lus/flare/projects/NLDesignProtein/bryan/Diffusion-dev-space/ProLoopDiff/src/train.py", line 364, in <module>
[rank146]:     main()
[rank146]:   File "/lus/flare/projects/NLDesignProtein/bryan/Diffusion-dev-space/ProLoopDiff/src/train.py", line 177, in main
[rank146]:     broadcast_parameters(model)
[rank146]:   File "/lus/flare/projects/NLDesignProtein/bryan/Diffusion-dev-space/ProLoopDiff/src/dist.py", line 146, in broadcast_parameters
[rank146]:     torch.distributed.broadcast(p.data, src=src)
[rank146]:   File "/opt/aurora/26.26.0/frameworks/aurora_frameworks-2025.3.1/lib/python3.12/site-packages/torch/distributed/c10d_logger.py", line 83, in wrapper
[rank146]:     return func(*args, **kwargs)
[rank146]:            ^^^^^^^^^^^^^^^^^^^^^
[rank146]:   File "/opt/aurora/26.26.0/frameworks/aurora_frameworks-2025.3.1/lib/python3.12/site-packages/torch/distributed/distributed_c10d.py", line 2907, in broadcast
[rank146]:     work = group.broadcast([tensor], opts)
[rank146]:            ^^^^^^^^^^^^^^^^^^^^^^^^^^^^^^^
[rank146]: RuntimeError: oneCCL: env_parser.hpp:100 enum_by_str: EXCEPTION: CCL_ZE_IPC_EXCHANGE: unexpected value: drmfd, expected values: sockets, pidfd
[rank154]: Traceback (most recent call last):
[rank154]:   File "<frozen runpy>", line 198, in _run_module_as_main
[rank154]:   File "<frozen runpy>", line 88, in _run_code
[rank154]:   File "/lus/flare/projects/NLDesignProtein/bryan/Diffusion-dev-space/ProLoopDiff/src/train.py", line 364, in <module>
[rank154]:     main()
[rank154]:   File "/lus/flare/projects/NLDesignProtein/bryan/Diffusion-dev-space/ProLoopDiff/src/train.py", line 177, in main
[rank154]:     broadcast_parameters(model)
[rank154]:   File "/lus/flare/projects/NLDesignProtein/bryan/Diffusion-dev-space/ProLoopDiff/src/dist.py", line 146, in broadcast_parameters
[rank154]:     torch.distributed.broadcast(p.data, src=src)
[rank154]:   File "/opt/aurora/26.26.0/frameworks/aurora_frameworks-2025.3.1/lib/python3.12/site-packages/torch/distributed/c10d_logger.py", line 83, in wrapper
[rank154]:     return func(*args, **kwargs)
[rank154]:            ^^^^^^^^^^^^^^^^^^^^^
[rank154]:   File "/opt/aurora/26.26.0/frameworks/aurora_frameworks-2025.3.1/lib/python3.12/site-packages/torch/distributed/distributed_c10d.py", line 2907, in broadcast
[rank154]:     work = group.broadcast([tensor], opts)
[rank154]:            ^^^^^^^^^^^^^^^^^^^^^^^^^^^^^^^
[rank154]: RuntimeError: oneCCL: env_parser.hpp:100 enum_by_str: EXCEPTION: CCL_ZE_IPC_EXCHANGE: unexpected value: drmfd, expected values: sockets, pidfd
[rank140]: Traceback (most recent call last):
[rank140]:   File "<frozen runpy>", line 198, in _run_module_as_main
[rank140]:   File "<frozen runpy>", line 88, in _run_code
[rank140]:   File "/lus/flare/projects/NLDesignProtein/bryan/Diffusion-dev-space/ProLoopDiff/src/train.py", line 364, in <module>
[rank140]:     main()
[rank140]:   File "/lus/flare/projects/NLDesignProtein/bryan/Diffusion-dev-space/ProLoopDiff/src/train.py", line 177, in main
[rank140]:     broadcast_parameters(model)
[rank140]:   File "/lus/flare/projects/NLDesignProtein/bryan/Diffusion-dev-space/ProLoopDiff/src/dist.py", line 146, in broadcast_parameters
[rank140]:     torch.distributed.broadcast(p.data, src=src)
[rank140]:   File "/opt/aurora/26.26.0/frameworks/aurora_frameworks-2025.3.1/lib/python3.12/site-packages/torch/distributed/c10d_logger.py", line 83, in wrapper
[rank140]:     return func(*args, **kwargs)
[rank140]:            ^^^^^^^^^^^^^^^^^^^^^
[rank140]:   File "/opt/aurora/26.26.0/frameworks/aurora_frameworks-2025.3.1/lib/python3.12/site-packages/torch/distributed/distributed_c10d.py", line 2907, in broadcast
[rank140]:     work = group.broadcast([tensor], opts)
[rank140]:            ^^^^^^^^^^^^^^^^^^^^^^^^^^^^^^^
[rank140]: RuntimeError: oneCCL: env_parser.hpp:100 enum_by_str: EXCEPTION: CCL_ZE_IPC_EXCHANGE: unexpected value: drmfd, expected values: sockets, pidfd
[rank32]: Traceback (most recent call last):
[rank32]:   File "<frozen runpy>", line 198, in _run_module_as_main
[rank32]:   File "<frozen runpy>", line 88, in _run_code
[rank32]:   File "/lus/flare/projects/NLDesignProtein/bryan/Diffusion-dev-space/ProLoopDiff/src/train.py", line 364, in <module>
[rank32]:     main()
[rank32]:   File "/lus/flare/projects/NLDesignProtein/bryan/Diffusion-dev-space/ProLoopDiff/src/train.py", line 177, in main
[rank32]:     broadcast_parameters(model)
[rank32]:   File "/lus/flare/projects/NLDesignProtein/bryan/Diffusion-dev-space/ProLoopDiff/src/dist.py", line 146, in broadcast_parameters
[rank32]:     torch.distributed.broadcast(p.data, src=src)
[rank32]:   File "/opt/aurora/26.26.0/frameworks/aurora_frameworks-2025.3.1/lib/python3.12/site-packages/torch/distributed/c10d_logger.py", line 83, in wrapper
[rank32]:     return func(*args, **kwargs)
[rank32]:            ^^^^^^^^^^^^^^^^^^^^^
[rank32]:   File "/opt/aurora/26.26.0/frameworks/aurora_frameworks-2025.3.1/lib/python3.12/site-packages/torch/distributed/distributed_c10d.py", line 2907, in broadcast
[rank32]:     work = group.broadcast([tensor], opts)
[rank32]:            ^^^^^^^^^^^^^^^^^^^^^^^^^^^^^^^
[rank32]: RuntimeError: oneCCL: env_parser.hpp:100 enum_by_str: EXCEPTION: CCL_ZE_IPC_EXCHANGE: unexpected value: drmfd, expected values: sockets, pidfd
[rank108]: Traceback (most recent call last):
[rank108]:   File "<frozen runpy>", line 198, in _run_module_as_main
[rank108]:   File "<frozen runpy>", line 88, in _run_code
[rank108]:   File "/lus/flare/projects/NLDesignProtein/bryan/Diffusion-dev-space/ProLoopDiff/src/train.py", line 364, in <module>
[rank108]:     main()
[rank108]:   File "/lus/flare/projects/NLDesignProtein/bryan/Diffusion-dev-space/ProLoopDiff/src/train.py", line 177, in main
[rank108]:     broadcast_parameters(model)
[rank108]:   File "/lus/flare/projects/NLDesignProtein/bryan/Diffusion-dev-space/ProLoopDiff/src/dist.py", line 146, in broadcast_parameters
[rank108]:     torch.distributed.broadcast(p.data, src=src)
[rank108]:   File "/opt/aurora/26.26.0/frameworks/aurora_frameworks-2025.3.1/lib/python3.12/site-packages/torch/distributed/c10d_logger.py", line 83, in wrapper
[rank108]:     return func(*args, **kwargs)
[rank108]:            ^^^^^^^^^^^^^^^^^^^^^
[rank108]:   File "/opt/aurora/26.26.0/frameworks/aurora_frameworks-2025.3.1/lib/python3.12/site-packages/torch/distributed/distributed_c10d.py", line 2907, in broadcast
[rank108]:     work = group.broadcast([tensor], opts)
[rank108]:            ^^^^^^^^^^^^^^^^^^^^^^^^^^^^^^^
[rank108]: RuntimeError: oneCCL: env_parser.hpp:100 enum_by_str: EXCEPTION: CCL_ZE_IPC_EXCHANGE: unexpected value: drmfd, expected values: sockets, pidfd
[rank109]: Traceback (most recent call last):
[rank109]:   File "<frozen runpy>", line 198, in _run_module_as_main
[rank109]:   File "<frozen runpy>", line 88, in _run_code
[rank109]:   File "/lus/flare/projects/NLDesignProtein/bryan/Diffusion-dev-space/ProLoopDiff/src/train.py", line 364, in <module>
[rank109]:     main()
[rank109]:   File "/lus/flare/projects/NLDesignProtein/bryan/Diffusion-dev-space/ProLoopDiff/src/train.py", line 177, in main
[rank109]:     broadcast_parameters(model)
[rank109]:   File "/lus/flare/projects/NLDesignProtein/bryan/Diffusion-dev-space/ProLoopDiff/src/dist.py", line 146, in broadcast_parameters
[rank109]:     torch.distributed.broadcast(p.data, src=src)
[rank109]:   File "/opt/aurora/26.26.0/frameworks/aurora_frameworks-2025.3.1/lib/python3.12/site-packages/torch/distributed/c10d_logger.py", line 83, in wrapper
[rank109]:     return func(*args, **kwargs)
[rank109]:            ^^^^^^^^^^^^^^^^^^^^^
[rank109]:   File "/opt/aurora/26.26.0/frameworks/aurora_frameworks-2025.3.1/lib/python3.12/site-packages/torch/distributed/distributed_c10d.py", line 2907, in broadcast
[rank109]:     work = group.broadcast([tensor], opts)
[rank109]:            ^^^^^^^^^^^^^^^^^^^^^^^^^^^^^^^
[rank109]: RuntimeError: oneCCL: env_parser.hpp:100 enum_by_str: EXCEPTION: CCL_ZE_IPC_EXCHANGE: unexpected value: drmfd, expected values: sockets, pidfd
[rank110]: Traceback (most recent call last):
[rank110]:   File "<frozen runpy>", line 198, in _run_module_as_main
[rank110]:   File "<frozen runpy>", line 88, in _run_code
[rank110]:   File "/lus/flare/projects/NLDesignProtein/bryan/Diffusion-dev-space/ProLoopDiff/src/train.py", line 364, in <module>
[rank110]:     main()
[rank110]:   File "/lus/flare/projects/NLDesignProtein/bryan/Diffusion-dev-space/ProLoopDiff/src/train.py", line 177, in main
[rank110]:     broadcast_parameters(model)
[rank110]:   File "/lus/flare/projects/NLDesignProtein/bryan/Diffusion-dev-space/ProLoopDiff/src/dist.py", line 146, in broadcast_parameters
[rank110]:     torch.distributed.broadcast(p.data, src=src)
[rank110]:   File "/opt/aurora/26.26.0/frameworks/aurora_frameworks-2025.3.1/lib/python3.12/site-packages/torch/distributed/c10d_logger.py", line 83, in wrapper
[rank110]:     return func(*args, **kwargs)
[rank110]:            ^^^^^^^^^^^^^^^^^^^^^
[rank110]:   File "/opt/aurora/26.26.0/frameworks/aurora_frameworks-2025.3.1/lib/python3.12/site-packages/torch/distributed/distributed_c10d.py", line 2907, in broadcast
[rank110]:     work = group.broadcast([tensor], opts)
[rank110]:            ^^^^^^^^^^^^^^^^^^^^^^^^^^^^^^^
[rank110]: RuntimeError: oneCCL: env_parser.hpp:100 enum_by_str: EXCEPTION: CCL_ZE_IPC_EXCHANGE: unexpected value: drmfd, expected values: sockets, pidfd
[rank111]: Traceback (most recent call last):
[rank111]:   File "<frozen runpy>", line 198, in _run_module_as_main
[rank111]:   File "<frozen runpy>", line 88, in _run_code
[rank111]:   File "/lus/flare/projects/NLDesignProtein/bryan/Diffusion-dev-space/ProLoopDiff/src/train.py", line 364, in <module>
[rank111]:     main()
[rank111]:   File "/lus/flare/projects/NLDesignProtein/bryan/Diffusion-dev-space/ProLoopDiff/src/train.py", line 177, in main
[rank111]:     broadcast_parameters(model)
[rank111]:   File "/lus/flare/projects/NLDesignProtein/bryan/Diffusion-dev-space/ProLoopDiff/src/dist.py", line 146, in broadcast_parameters
[rank111]:     torch.distributed.broadcast(p.data, src=src)
[rank111]:   File "/opt/aurora/26.26.0/frameworks/aurora_frameworks-2025.3.1/lib/python3.12/site-packages/torch/distributed/c10d_logger.py", line 83, in wrapper
[rank111]:     return func(*args, **kwargs)
[rank111]:            ^^^^^^^^^^^^^^^^^^^^^
[rank111]:   File "/opt/aurora/26.26.0/frameworks/aurora_frameworks-2025.3.1/lib/python3.12/site-packages/torch/distributed/distributed_c10d.py", line 2907, in broadcast
[rank111]:     work = group.broadcast([tensor], opts)
[rank111]:            ^^^^^^^^^^^^^^^^^^^^^^^^^^^^^^^
[rank111]: RuntimeError: oneCCL: env_parser.hpp:100 enum_by_str: EXCEPTION: CCL_ZE_IPC_EXCHANGE: unexpected value: drmfd, expected values: sockets, pidfd
[rank114]: Traceback (most recent call last):
[rank114]:   File "<frozen runpy>", line 198, in _run_module_as_main
[rank114]:   File "<frozen runpy>", line 88, in _run_code
[rank114]:   File "/lus/flare/projects/NLDesignProtein/bryan/Diffusion-dev-space/ProLoopDiff/src/train.py", line 364, in <module>
[rank114]:     main()
[rank114]:   File "/lus/flare/projects/NLDesignProtein/bryan/Diffusion-dev-space/ProLoopDiff/src/train.py", line 177, in main
[rank114]:     broadcast_parameters(model)
[rank114]:   File "/lus/flare/projects/NLDesignProtein/bryan/Diffusion-dev-space/ProLoopDiff/src/dist.py", line 146, in broadcast_parameters
[rank114]:     torch.distributed.broadcast(p.data, src=src)
[rank114]:   File "/opt/aurora/26.26.0/frameworks/aurora_frameworks-2025.3.1/lib/python3.12/site-packages/torch/distributed/c10d_logger.py", line 83, in wrapper
[rank114]:     return func(*args, **kwargs)
[rank114]:            ^^^^^^^^^^^^^^^^^^^^^
[rank114]:   File "/opt/aurora/26.26.0/frameworks/aurora_frameworks-2025.3.1/lib/python3.12/site-packages/torch/distributed/distributed_c10d.py", line 2907, in broadcast
[rank114]:     work = group.broadcast([tensor], opts)
[rank114]:            ^^^^^^^^^^^^^^^^^^^^^^^^^^^^^^^
[rank114]: RuntimeError: oneCCL: env_parser.hpp:100 enum_by_str: EXCEPTION: CCL_ZE_IPC_EXCHANGE: unexpected value: drmfd, expected values: sockets, pidfd
[rank118]: Traceback (most recent call last):
[rank118]:   File "<frozen runpy>", line 198, in _run_module_as_main
[rank118]:   File "<frozen runpy>", line 88, in _run_code
[rank118]:   File "/lus/flare/projects/NLDesignProtein/bryan/Diffusion-dev-space/ProLoopDiff/src/train.py", line 364, in <module>
[rank118]:     main()
[rank118]:   File "/lus/flare/projects/NLDesignProtein/bryan/Diffusion-dev-space/ProLoopDiff/src/train.py", line 177, in main
[rank118]:     broadcast_parameters(model)
[rank118]:   File "/lus/flare/projects/NLDesignProtein/bryan/Diffusion-dev-space/ProLoopDiff/src/dist.py", line 146, in broadcast_parameters
[rank118]:     torch.distributed.broadcast(p.data, src=src)
[rank118]:   File "/opt/aurora/26.26.0/frameworks/aurora_frameworks-2025.3.1/lib/python3.12/site-packages/torch/distributed/c10d_logger.py", line 83, in wrapper
[rank118]:     return func(*args, **kwargs)
[rank118]:            ^^^^^^^^^^^^^^^^^^^^^
[rank118]:   File "/opt/aurora/26.26.0/frameworks/aurora_frameworks-2025.3.1/lib/python3.12/site-packages/torch/distributed/distributed_c10d.py", line 2907, in broadcast
[rank118]:     work = group.broadcast([tensor], opts)
[rank118]:            ^^^^^^^^^^^^^^^^^^^^^^^^^^^^^^^
[rank118]: RuntimeError: oneCCL: env_parser.hpp:100 enum_by_str: EXCEPTION: CCL_ZE_IPC_EXCHANGE: unexpected value: drmfd, expected values: sockets, pidfd
[rank119]: Traceback (most recent call last):
[rank119]:   File "<frozen runpy>", line 198, in _run_module_as_main
[rank119]:   File "<frozen runpy>", line 88, in _run_code
[rank119]:   File "/lus/flare/projects/NLDesignProtein/bryan/Diffusion-dev-space/ProLoopDiff/src/train.py", line 364, in <module>
[rank119]:     main()
[rank119]:   File "/lus/flare/projects/NLDesignProtein/bryan/Diffusion-dev-space/ProLoopDiff/src/train.py", line 177, in main
[rank119]:     broadcast_parameters(model)
[rank119]:   File "/lus/flare/projects/NLDesignProtein/bryan/Diffusion-dev-space/ProLoopDiff/src/dist.py", line 146, in broadcast_parameters
[rank119]:     torch.distributed.broadcast(p.data, src=src)
[rank119]:   File "/opt/aurora/26.26.0/frameworks/aurora_frameworks-2025.3.1/lib/python3.12/site-packages/torch/distributed/c10d_logger.py", line 83, in wrapper
[rank119]:     return func(*args, **kwargs)
[rank119]:            ^^^^^^^^^^^^^^^^^^^^^
[rank119]:   File "/opt/aurora/26.26.0/frameworks/aurora_frameworks-2025.3.1/lib/python3.12/site-packages/torch/distributed/distributed_c10d.py", line 2907, in broadcast
[rank119]:     work = group.broadcast([tensor], opts)
[rank119]:            ^^^^^^^^^^^^^^^^^^^^^^^^^^^^^^^
[rank119]: RuntimeError: oneCCL: env_parser.hpp:100 enum_by_str: EXCEPTION: CCL_ZE_IPC_EXCHANGE: unexpected value: drmfd, expected values: sockets, pidfd
[rank117]: Traceback (most recent call last):
[rank117]:   File "<frozen runpy>", line 198, in _run_module_as_main
[rank117]:   File "<frozen runpy>", line 88, in _run_code
[rank117]:   File "/lus/flare/projects/NLDesignProtein/bryan/Diffusion-dev-space/ProLoopDiff/src/train.py", line 364, in <module>
[rank117]:     main()
[rank117]:   File "/lus/flare/projects/NLDesignProtein/bryan/Diffusion-dev-space/ProLoopDiff/src/train.py", line 177, in main
[rank117]:     broadcast_parameters(model)
[rank117]:   File "/lus/flare/projects/NLDesignProtein/bryan/Diffusion-dev-space/ProLoopDiff/src/dist.py", line 146, in broadcast_parameters
[rank117]:     torch.distributed.broadcast(p.data, src=src)
[rank117]:   File "/opt/aurora/26.26.0/frameworks/aurora_frameworks-2025.3.1/lib/python3.12/site-packages/torch/distributed/c10d_logger.py", line 83, in wrapper
[rank117]:     return func(*args, **kwargs)
[rank117]:            ^^^^^^^^^^^^^^^^^^^^^
[rank117]:   File "/opt/aurora/26.26.0/frameworks/aurora_frameworks-2025.3.1/lib/python3.12/site-packages/torch/distributed/distributed_c10d.py", line 2907, in broadcast
[rank117]:     work = group.broadcast([tensor], opts)
[rank117]:            ^^^^^^^^^^^^^^^^^^^^^^^^^^^^^^^
[rank117]: RuntimeError: oneCCL: env_parser.hpp:100 enum_by_str: EXCEPTION: CCL_ZE_IPC_EXCHANGE: unexpected value: drmfd, expected values: sockets, pidfd
[rank116]: Traceback (most recent call last):
[rank116]:   File "<frozen runpy>", line 198, in _run_module_as_main
[rank116]:   File "<frozen runpy>", line 88, in _run_code
[rank116]:   File "/lus/flare/projects/NLDesignProtein/bryan/Diffusion-dev-space/ProLoopDiff/src/train.py", line 364, in <module>
[rank116]:     main()
[rank116]:   File "/lus/flare/projects/NLDesignProtein/bryan/Diffusion-dev-space/ProLoopDiff/src/train.py", line 177, in main
[rank116]:     broadcast_parameters(model)
[rank116]:   File "/lus/flare/projects/NLDesignProtein/bryan/Diffusion-dev-space/ProLoopDiff/src/dist.py", line 146, in broadcast_parameters
[rank116]:     torch.distributed.broadcast(p.data, src=src)
[rank116]:   File "/opt/aurora/26.26.0/frameworks/aurora_frameworks-2025.3.1/lib/python3.12/site-packages/torch/distributed/c10d_logger.py", line 83, in wrapper
[rank116]:     return func(*args, **kwargs)
[rank116]:            ^^^^^^^^^^^^^^^^^^^^^
[rank116]:   File "/opt/aurora/26.26.0/frameworks/aurora_frameworks-2025.3.1/lib/python3.12/site-packages/torch/distributed/distributed_c10d.py", line 2907, in broadcast
[rank116]:     work = group.broadcast([tensor], opts)
[rank116]:            ^^^^^^^^^^^^^^^^^^^^^^^^^^^^^^^
[rank116]: RuntimeError: oneCCL: env_parser.hpp:100 enum_by_str: EXCEPTION: CCL_ZE_IPC_EXCHANGE: unexpected value: drmfd, expected values: sockets, pidfd
[rank113]: Traceback (most recent call last):
[rank113]:   File "<frozen runpy>", line 198, in _run_module_as_main
[rank113]:   File "<frozen runpy>", line 88, in _run_code
[rank113]:   File "/lus/flare/projects/NLDesignProtein/bryan/Diffusion-dev-space/ProLoopDiff/src/train.py", line 364, in <module>
[rank113]:     main()
[rank113]:   File "/lus/flare/projects/NLDesignProtein/bryan/Diffusion-dev-space/ProLoopDiff/src/train.py", line 177, in main
[rank113]:     broadcast_parameters(model)
[rank113]:   File "/lus/flare/projects/NLDesignProtein/bryan/Diffusion-dev-space/ProLoopDiff/src/dist.py", line 146, in broadcast_parameters
[rank113]:     torch.distributed.broadcast(p.data, src=src)
[rank113]:   File "/opt/aurora/26.26.0/frameworks/aurora_frameworks-2025.3.1/lib/python3.12/site-packages/torch/distributed/c10d_logger.py", line 83, in wrapper
[rank113]:     return func(*args, **kwargs)
[rank113]:            ^^^^^^^^^^^^^^^^^^^^^
[rank113]:   File "/opt/aurora/26.26.0/frameworks/aurora_frameworks-2025.3.1/lib/python3.12/site-packages/torch/distributed/distributed_c10d.py", line 2907, in broadcast
[rank113]:     work = group.broadcast([tensor], opts)
[rank113]:            ^^^^^^^^^^^^^^^^^^^^^^^^^^^^^^^
[rank113]: RuntimeError: oneCCL: env_parser.hpp:100 enum_by_str: EXCEPTION: CCL_ZE_IPC_EXCHANGE: unexpected value: drmfd, expected values: sockets, pidfd
[rank112]: Traceback (most recent call last):
[rank112]:   File "<frozen runpy>", line 198, in _run_module_as_main
[rank112]:   File "<frozen runpy>", line 88, in _run_code
[rank112]:   File "/lus/flare/projects/NLDesignProtein/bryan/Diffusion-dev-space/ProLoopDiff/src/train.py", line 364, in <module>
[rank112]:     main()
[rank112]:   File "/lus/flare/projects/NLDesignProtein/bryan/Diffusion-dev-space/ProLoopDiff/src/train.py", line 177, in main
[rank112]:     broadcast_parameters(model)
[rank112]:   File "/lus/flare/projects/NLDesignProtein/bryan/Diffusion-dev-space/ProLoopDiff/src/dist.py", line 146, in broadcast_parameters
[rank112]:     torch.distributed.broadcast(p.data, src=src)
[rank112]:   File "/opt/aurora/26.26.0/frameworks/aurora_frameworks-2025.3.1/lib/python3.12/site-packages/torch/distributed/c10d_logger.py", line 83, in wrapper
[rank112]:     return func(*args, **kwargs)
[rank112]:            ^^^^^^^^^^^^^^^^^^^^^
[rank112]:   File "/opt/aurora/26.26.0/frameworks/aurora_frameworks-2025.3.1/lib/python3.12/site-packages/torch/distributed/distributed_c10d.py", line 2907, in broadcast
[rank112]:     work = group.broadcast([tensor], opts)
[rank112]:            ^^^^^^^^^^^^^^^^^^^^^^^^^^^^^^^
[rank112]: RuntimeError: oneCCL: env_parser.hpp:100 enum_by_str: EXCEPTION: CCL_ZE_IPC_EXCHANGE: unexpected value: drmfd, expected values: sockets, pidfd
[rank115]: Traceback (most recent call last):
[rank115]:   File "<frozen runpy>", line 198, in _run_module_as_main
[rank115]:   File "<frozen runpy>", line 88, in _run_code
[rank115]:   File "/lus/flare/projects/NLDesignProtein/bryan/Diffusion-dev-space/ProLoopDiff/src/train.py", line 364, in <module>
[rank115]:     main()
[rank115]:   File "/lus/flare/projects/NLDesignProtein/bryan/Diffusion-dev-space/ProLoopDiff/src/train.py", line 177, in main
[rank115]:     broadcast_parameters(model)
[rank115]:   File "/lus/flare/projects/NLDesignProtein/bryan/Diffusion-dev-space/ProLoopDiff/src/dist.py", line 146, in broadcast_parameters
[rank115]:     torch.distributed.broadcast(p.data, src=src)
[rank115]:   File "/opt/aurora/26.26.0/frameworks/aurora_frameworks-2025.3.1/lib/python3.12/site-packages/torch/distributed/c10d_logger.py", line 83, in wrapper
[rank115]:     return func(*args, **kwargs)
[rank115]:            ^^^^^^^^^^^^^^^^^^^^^
[rank115]:   File "/opt/aurora/26.26.0/frameworks/aurora_frameworks-2025.3.1/lib/python3.12/site-packages/torch/distributed/distributed_c10d.py", line 2907, in broadcast
[rank115]:     work = group.broadcast([tensor], opts)
[rank115]:            ^^^^^^^^^^^^^^^^^^^^^^^^^^^^^^^
[rank115]: RuntimeError: oneCCL: env_parser.hpp:100 enum_by_str: EXCEPTION: CCL_ZE_IPC_EXCHANGE: unexpected value: drmfd, expected values: sockets, pidfd
[rank63]: Traceback (most recent call last):
[rank63]:   File "<frozen runpy>", line 198, in _run_module_as_main
[rank63]:   File "<frozen runpy>", line 88, in _run_code
[rank63]:   File "/lus/flare/projects/NLDesignProtein/bryan/Diffusion-dev-space/ProLoopDiff/src/train.py", line 364, in <module>
[rank63]:     main()
[rank63]:   File "/lus/flare/projects/NLDesignProtein/bryan/Diffusion-dev-space/ProLoopDiff/src/train.py", line 177, in main
[rank63]:     broadcast_parameters(model)
[rank63]:   File "/lus/flare/projects/NLDesignProtein/bryan/Diffusion-dev-space/ProLoopDiff/src/dist.py", line 146, in broadcast_parameters
[rank63]:     torch.distributed.broadcast(p.data, src=src)
[rank63]:   File "/opt/aurora/26.26.0/frameworks/aurora_frameworks-2025.3.1/lib/python3.12/site-packages/torch/distributed/c10d_logger.py", line 83, in wrapper
[rank63]:     return func(*args, **kwargs)
[rank63]:            ^^^^^^^^^^^^^^^^^^^^^
[rank63]:   File "/opt/aurora/26.26.0/frameworks/aurora_frameworks-2025.3.1/lib/python3.12/site-packages/torch/distributed/distributed_c10d.py", line 2907, in broadcast
[rank63]:     work = group.broadcast([tensor], opts)
[rank63]:            ^^^^^^^^^^^^^^^^^^^^^^^^^^^^^^^
[rank63]: RuntimeError: oneCCL: env_parser.hpp:100 enum_by_str: EXCEPTION: CCL_ZE_IPC_EXCHANGE: unexpected value: drmfd, expected values: sockets, pidfd
[rank60]: Traceback (most recent call last):
[rank60]:   File "<frozen runpy>", line 198, in _run_module_as_main
[rank60]:   File "<frozen runpy>", line 88, in _run_code
[rank60]:   File "/lus/flare/projects/NLDesignProtein/bryan/Diffusion-dev-space/ProLoopDiff/src/train.py", line 364, in <module>
[rank60]:     main()
[rank60]:   File "/lus/flare/projects/NLDesignProtein/bryan/Diffusion-dev-space/ProLoopDiff/src/train.py", line 177, in main
[rank60]:     broadcast_parameters(model)
[rank60]:   File "/lus/flare/projects/NLDesignProtein/bryan/Diffusion-dev-space/ProLoopDiff/src/dist.py", line 146, in broadcast_parameters
[rank60]:     torch.distributed.broadcast(p.data, src=src)
[rank60]:   File "/opt/aurora/26.26.0/frameworks/aurora_frameworks-2025.3.1/lib/python3.12/site-packages/torch/distributed/c10d_logger.py", line 83, in wrapper
[rank60]:     return func(*args, **kwargs)
[rank60]:            ^^^^^^^^^^^^^^^^^^^^^
[rank60]:   File "/opt/aurora/26.26.0/frameworks/aurora_frameworks-2025.3.1/lib/python3.12/site-packages/torch/distributed/distributed_c10d.py", line 2907, in broadcast
[rank60]:     work = group.broadcast([tensor], opts)
[rank60]:            ^^^^^^^^^^^^^^^^^^^^^^^^^^^^^^^
[rank60]: RuntimeError: oneCCL: env_parser.hpp:100 enum_by_str: EXCEPTION: CCL_ZE_IPC_EXCHANGE: unexpected value: drmfd, expected values: sockets, pidfd
[rank61]: Traceback (most recent call last):
[rank61]:   File "<frozen runpy>", line 198, in _run_module_as_main
[rank61]:   File "<frozen runpy>", line 88, in _run_code
[rank61]:   File "/lus/flare/projects/NLDesignProtein/bryan/Diffusion-dev-space/ProLoopDiff/src/train.py", line 364, in <module>
[rank61]:     main()
[rank61]:   File "/lus/flare/projects/NLDesignProtein/bryan/Diffusion-dev-space/ProLoopDiff/src/train.py", line 177, in main
[rank61]:     broadcast_parameters(model)
[rank61]:   File "/lus/flare/projects/NLDesignProtein/bryan/Diffusion-dev-space/ProLoopDiff/src/dist.py", line 146, in broadcast_parameters
[rank61]:     torch.distributed.broadcast(p.data, src=src)
[rank61]:   File "/opt/aurora/26.26.0/frameworks/aurora_frameworks-2025.3.1/lib/python3.12/site-packages/torch/distributed/c10d_logger.py", line 83, in wrapper
[rank61]:     return func(*args, **kwargs)
[rank61]:            ^^^^^^^^^^^^^^^^^^^^^
[rank61]:   File "/opt/aurora/26.26.0/frameworks/aurora_frameworks-2025.3.1/lib/python3.12/site-packages/torch/distributed/distributed_c10d.py", line 2907, in broadcast
[rank61]:     work = group.broadcast([tensor], opts)
[rank61]:            ^^^^^^^^^^^^^^^^^^^^^^^^^^^^^^^
[rank61]: RuntimeError: oneCCL: env_parser.hpp:100 enum_by_str: EXCEPTION: CCL_ZE_IPC_EXCHANGE: unexpected value: drmfd, expected values: sockets, pidfd
[rank62]: Traceback (most recent call last):
[rank62]:   File "<frozen runpy>", line 198, in _run_module_as_main
[rank62]:   File "<frozen runpy>", line 88, in _run_code
[rank62]:   File "/lus/flare/projects/NLDesignProtein/bryan/Diffusion-dev-space/ProLoopDiff/src/train.py", line 364, in <module>
[rank62]:     main()
[rank62]:   File "/lus/flare/projects/NLDesignProtein/bryan/Diffusion-dev-space/ProLoopDiff/src/train.py", line 177, in main
[rank62]:     broadcast_parameters(model)
[rank62]:   File "/lus/flare/projects/NLDesignProtein/bryan/Diffusion-dev-space/ProLoopDiff/src/dist.py", line 146, in broadcast_parameters
[rank62]:     torch.distributed.broadcast(p.data, src=src)
[rank62]:   File "/opt/aurora/26.26.0/frameworks/aurora_frameworks-2025.3.1/lib/python3.12/site-packages/torch/distributed/c10d_logger.py", line 83, in wrapper
[rank62]:     return func(*args, **kwargs)
[rank62]:            ^^^^^^^^^^^^^^^^^^^^^
[rank62]:   File "/opt/aurora/26.26.0/frameworks/aurora_frameworks-2025.3.1/lib/python3.12/site-packages/torch/distributed/distributed_c10d.py", line 2907, in broadcast
[rank62]:     work = group.broadcast([tensor], opts)
[rank62]:            ^^^^^^^^^^^^^^^^^^^^^^^^^^^^^^^
[rank62]: RuntimeError: oneCCL: env_parser.hpp:100 enum_by_str: EXCEPTION: CCL_ZE_IPC_EXCHANGE: unexpected value: drmfd, expected values: sockets, pidfd
[rank64]: Traceback (most recent call last):
[rank64]:   File "<frozen runpy>", line 198, in _run_module_as_main
[rank64]:   File "<frozen runpy>", line 88, in _run_code
[rank64]:   File "/lus/flare/projects/NLDesignProtein/bryan/Diffusion-dev-space/ProLoopDiff/src/train.py", line 364, in <module>
[rank64]:     main()
[rank64]:   File "/lus/flare/projects/NLDesignProtein/bryan/Diffusion-dev-space/ProLoopDiff/src/train.py", line 177, in main
[rank64]:     broadcast_parameters(model)
[rank64]:   File "/lus/flare/projects/NLDesignProtein/bryan/Diffusion-dev-space/ProLoopDiff/src/dist.py", line 146, in broadcast_parameters
[rank64]:     torch.distributed.broadcast(p.data, src=src)
[rank64]:   File "/opt/aurora/26.26.0/frameworks/aurora_frameworks-2025.3.1/lib/python3.12/site-packages/torch/distributed/c10d_logger.py", line 83, in wrapper
[rank64]:     return func(*args, **kwargs)
[rank64]:            ^^^^^^^^^^^^^^^^^^^^^
[rank64]:   File "/opt/aurora/26.26.0/frameworks/aurora_frameworks-2025.3.1/lib/python3.12/site-packages/torch/distributed/distributed_c10d.py", line 2907, in broadcast
[rank64]:     work = group.broadcast([tensor], opts)
[rank64]:            ^^^^^^^^^^^^^^^^^^^^^^^^^^^^^^^
[rank64]: RuntimeError: oneCCL: env_parser.hpp:100 enum_by_str: EXCEPTION: CCL_ZE_IPC_EXCHANGE: unexpected value: drmfd, expected values: sockets, pidfd
[rank65]: Traceback (most recent call last):
[rank65]:   File "<frozen runpy>", line 198, in _run_module_as_main
[rank65]:   File "<frozen runpy>", line 88, in _run_code
[rank65]:   File "/lus/flare/projects/NLDesignProtein/bryan/Diffusion-dev-space/ProLoopDiff/src/train.py", line 364, in <module>
[rank65]:     main()
[rank65]:   File "/lus/flare/projects/NLDesignProtein/bryan/Diffusion-dev-space/ProLoopDiff/src/train.py", line 177, in main
[rank65]:     broadcast_parameters(model)
[rank65]:   File "/lus/flare/projects/NLDesignProtein/bryan/Diffusion-dev-space/ProLoopDiff/src/dist.py", line 146, in broadcast_parameters
[rank65]:     torch.distributed.broadcast(p.data, src=src)
[rank65]:   File "/opt/aurora/26.26.0/frameworks/aurora_frameworks-2025.3.1/lib/python3.12/site-packages/torch/distributed/c10d_logger.py", line 83, in wrapper
[rank65]:     return func(*args, **kwargs)
[rank65]:            ^^^^^^^^^^^^^^^^^^^^^
[rank65]:   File "/opt/aurora/26.26.0/frameworks/aurora_frameworks-2025.3.1/lib/python3.12/site-packages/torch/distributed/distributed_c10d.py", line 2907, in broadcast
[rank65]:     work = group.broadcast([tensor], opts)
[rank65]:            ^^^^^^^^^^^^^^^^^^^^^^^^^^^^^^^
[rank65]: RuntimeError: oneCCL: env_parser.hpp:100 enum_by_str: EXCEPTION: CCL_ZE_IPC_EXCHANGE: unexpected value: drmfd, expected values: sockets, pidfd
[rank66]: Traceback (most recent call last):
[rank66]:   File "<frozen runpy>", line 198, in _run_module_as_main
[rank66]:   File "<frozen runpy>", line 88, in _run_code
[rank66]:   File "/lus/flare/projects/NLDesignProtein/bryan/Diffusion-dev-space/ProLoopDiff/src/train.py", line 364, in <module>
[rank66]:     main()
[rank66]:   File "/lus/flare/projects/NLDesignProtein/bryan/Diffusion-dev-space/ProLoopDiff/src/train.py", line 177, in main
[rank66]:     broadcast_parameters(model)
[rank66]:   File "/lus/flare/projects/NLDesignProtein/bryan/Diffusion-dev-space/ProLoopDiff/src/dist.py", line 146, in broadcast_parameters
[rank66]:     torch.distributed.broadcast(p.data, src=src)
[rank66]:   File "/opt/aurora/26.26.0/frameworks/aurora_frameworks-2025.3.1/lib/python3.12/site-packages/torch/distributed/c10d_logger.py", line 83, in wrapper
[rank66]:     return func(*args, **kwargs)
[rank66]:            ^^^^^^^^^^^^^^^^^^^^^
[rank66]:   File "/opt/aurora/26.26.0/frameworks/aurora_frameworks-2025.3.1/lib/python3.12/site-packages/torch/distributed/distributed_c10d.py", line 2907, in broadcast
[rank66]:     work = group.broadcast([tensor], opts)
[rank66]:            ^^^^^^^^^^^^^^^^^^^^^^^^^^^^^^^
[rank66]: RuntimeError: oneCCL: env_parser.hpp:100 enum_by_str: EXCEPTION: CCL_ZE_IPC_EXCHANGE: unexpected value: drmfd, expected values: sockets, pidfd
[rank67]: Traceback (most recent call last):
[rank67]:   File "<frozen runpy>", line 198, in _run_module_as_main
[rank67]:   File "<frozen runpy>", line 88, in _run_code
[rank67]:   File "/lus/flare/projects/NLDesignProtein/bryan/Diffusion-dev-space/ProLoopDiff/src/train.py", line 364, in <module>
[rank67]:     main()
[rank67]:   File "/lus/flare/projects/NLDesignProtein/bryan/Diffusion-dev-space/ProLoopDiff/src/train.py", line 177, in main
[rank67]:     broadcast_parameters(model)
[rank67]:   File "/lus/flare/projects/NLDesignProtein/bryan/Diffusion-dev-space/ProLoopDiff/src/dist.py", line 146, in broadcast_parameters
[rank67]:     torch.distributed.broadcast(p.data, src=src)
[rank67]:   File "/opt/aurora/26.26.0/frameworks/aurora_frameworks-2025.3.1/lib/python3.12/site-packages/torch/distributed/c10d_logger.py", line 83, in wrapper
[rank67]:     return func(*args, **kwargs)
[rank67]:            ^^^^^^^^^^^^^^^^^^^^^
[rank67]:   File "/opt/aurora/26.26.0/frameworks/aurora_frameworks-2025.3.1/lib/python3.12/site-packages/torch/distributed/distributed_c10d.py", line 2907, in broadcast
[rank67]:     work = group.broadcast([tensor], opts)
[rank67]:            ^^^^^^^^^^^^^^^^^^^^^^^^^^^^^^^
[rank67]: RuntimeError: oneCCL: env_parser.hpp:100 enum_by_str: EXCEPTION: CCL_ZE_IPC_EXCHANGE: unexpected value: drmfd, expected values: sockets, pidfd
[rank69]: Traceback (most recent call last):
[rank69]:   File "<frozen runpy>", line 198, in _run_module_as_main
[rank69]:   File "<frozen runpy>", line 88, in _run_code
[rank69]:   File "/lus/flare/projects/NLDesignProtein/bryan/Diffusion-dev-space/ProLoopDiff/src/train.py", line 364, in <module>
[rank69]:     main()
[rank69]:   File "/lus/flare/projects/NLDesignProtein/bryan/Diffusion-dev-space/ProLoopDiff/src/train.py", line 177, in main
[rank69]:     broadcast_parameters(model)
[rank69]:   File "/lus/flare/projects/NLDesignProtein/bryan/Diffusion-dev-space/ProLoopDiff/src/dist.py", line 146, in broadcast_parameters
[rank69]:     torch.distributed.broadcast(p.data, src=src)
[rank69]:   File "/opt/aurora/26.26.0/frameworks/aurora_frameworks-2025.3.1/lib/python3.12/site-packages/torch/distributed/c10d_logger.py", line 83, in wrapper
[rank69]:     return func(*args, **kwargs)
[rank69]:            ^^^^^^^^^^^^^^^^^^^^^
[rank69]:   File "/opt/aurora/26.26.0/frameworks/aurora_frameworks-2025.3.1/lib/python3.12/site-packages/torch/distributed/distributed_c10d.py", line 2907, in broadcast
[rank69]:     work = group.broadcast([tensor], opts)
[rank69]:            ^^^^^^^^^^^^^^^^^^^^^^^^^^^^^^^
[rank69]: RuntimeError: oneCCL: env_parser.hpp:100 enum_by_str: EXCEPTION: CCL_ZE_IPC_EXCHANGE: unexpected value: drmfd, expected values: sockets, pidfd
[rank70]: Traceback (most recent call last):
[rank70]:   File "<frozen runpy>", line 198, in _run_module_as_main
[rank70]:   File "<frozen runpy>", line 88, in _run_code
[rank70]:   File "/lus/flare/projects/NLDesignProtein/bryan/Diffusion-dev-space/ProLoopDiff/src/train.py", line 364, in <module>
[rank70]:     main()
[rank70]:   File "/lus/flare/projects/NLDesignProtein/bryan/Diffusion-dev-space/ProLoopDiff/src/train.py", line 177, in main
[rank70]:     broadcast_parameters(model)
[rank70]:   File "/lus/flare/projects/NLDesignProtein/bryan/Diffusion-dev-space/ProLoopDiff/src/dist.py", line 146, in broadcast_parameters
[rank70]:     torch.distributed.broadcast(p.data, src=src)
[rank70]:   File "/opt/aurora/26.26.0/frameworks/aurora_frameworks-2025.3.1/lib/python3.12/site-packages/torch/distributed/c10d_logger.py", line 83, in wrapper
[rank70]:     return func(*args, **kwargs)
[rank70]:            ^^^^^^^^^^^^^^^^^^^^^
[rank70]:   File "/opt/aurora/26.26.0/frameworks/aurora_frameworks-2025.3.1/lib/python3.12/site-packages/torch/distributed/distributed_c10d.py", line 2907, in broadcast
[rank70]:     work = group.broadcast([tensor], opts)
[rank70]:            ^^^^^^^^^^^^^^^^^^^^^^^^^^^^^^^
[rank70]: RuntimeError: oneCCL: env_parser.hpp:100 enum_by_str: EXCEPTION: CCL_ZE_IPC_EXCHANGE: unexpected value: drmfd, expected values: sockets, pidfd
[rank71]: Traceback (most recent call last):
[rank71]:   File "<frozen runpy>", line 198, in _run_module_as_main
[rank71]:   File "<frozen runpy>", line 88, in _run_code
[rank71]:   File "/lus/flare/projects/NLDesignProtein/bryan/Diffusion-dev-space/ProLoopDiff/src/train.py", line 364, in <module>
[rank71]:     main()
[rank71]:   File "/lus/flare/projects/NLDesignProtein/bryan/Diffusion-dev-space/ProLoopDiff/src/train.py", line 177, in main
[rank71]:     broadcast_parameters(model)
[rank71]:   File "/lus/flare/projects/NLDesignProtein/bryan/Diffusion-dev-space/ProLoopDiff/src/dist.py", line 146, in broadcast_parameters
[rank71]:     torch.distributed.broadcast(p.data, src=src)
[rank71]:   File "/opt/aurora/26.26.0/frameworks/aurora_frameworks-2025.3.1/lib/python3.12/site-packages/torch/distributed/c10d_logger.py", line 83, in wrapper
[rank71]:     return func(*args, **kwargs)
[rank71]:            ^^^^^^^^^^^^^^^^^^^^^
[rank71]:   File "/opt/aurora/26.26.0/frameworks/aurora_frameworks-2025.3.1/lib/python3.12/site-packages/torch/distributed/distributed_c10d.py", line 2907, in broadcast
[rank71]:     work = group.broadcast([tensor], opts)
[rank71]:            ^^^^^^^^^^^^^^^^^^^^^^^^^^^^^^^
[rank71]: RuntimeError: oneCCL: env_parser.hpp:100 enum_by_str: EXCEPTION: CCL_ZE_IPC_EXCHANGE: unexpected value: drmfd, expected values: sockets, pidfd
[rank68]: Traceback (most recent call last):
[rank68]:   File "<frozen runpy>", line 198, in _run_module_as_main
[rank68]:   File "<frozen runpy>", line 88, in _run_code
[rank68]:   File "/lus/flare/projects/NLDesignProtein/bryan/Diffusion-dev-space/ProLoopDiff/src/train.py", line 364, in <module>
[rank68]:     main()
[rank68]:   File "/lus/flare/projects/NLDesignProtein/bryan/Diffusion-dev-space/ProLoopDiff/src/train.py", line 177, in main
[rank68]:     broadcast_parameters(model)
[rank68]:   File "/lus/flare/projects/NLDesignProtein/bryan/Diffusion-dev-space/ProLoopDiff/src/dist.py", line 146, in broadcast_parameters
[rank68]:     torch.distributed.broadcast(p.data, src=src)
[rank68]:   File "/opt/aurora/26.26.0/frameworks/aurora_frameworks-2025.3.1/lib/python3.12/site-packages/torch/distributed/c10d_logger.py", line 83, in wrapper
[rank68]:     return func(*args, **kwargs)
[rank68]:            ^^^^^^^^^^^^^^^^^^^^^
[rank68]:   File "/opt/aurora/26.26.0/frameworks/aurora_frameworks-2025.3.1/lib/python3.12/site-packages/torch/distributed/distributed_c10d.py", line 2907, in broadcast
[rank68]:     work = group.broadcast([tensor], opts)
[rank68]:            ^^^^^^^^^^^^^^^^^^^^^^^^^^^^^^^
[rank68]: RuntimeError: oneCCL: env_parser.hpp:100 enum_by_str: EXCEPTION: CCL_ZE_IPC_EXCHANGE: unexpected value: drmfd, expected values: sockets, pidfd
[rank120]: Traceback (most recent call last):
[rank120]:   File "<frozen runpy>", line 198, in _run_module_as_main
[rank120]:   File "<frozen runpy>", line 88, in _run_code
[rank120]:   File "/lus/flare/projects/NLDesignProtein/bryan/Diffusion-dev-space/ProLoopDiff/src/train.py", line 364, in <module>
[rank120]:     main()
[rank120]:   File "/lus/flare/projects/NLDesignProtein/bryan/Diffusion-dev-space/ProLoopDiff/src/train.py", line 177, in main
[rank120]:     broadcast_parameters(model)
[rank120]:   File "/lus/flare/projects/NLDesignProtein/bryan/Diffusion-dev-space/ProLoopDiff/src/dist.py", line 146, in broadcast_parameters
[rank120]:     torch.distributed.broadcast(p.data, src=src)
[rank120]:   File "/opt/aurora/26.26.0/frameworks/aurora_frameworks-2025.3.1/lib/python3.12/site-packages/torch/distributed/c10d_logger.py", line 83, in wrapper
[rank120]:     return func(*args, **kwargs)
[rank120]:            ^^^^^^^^^^^^^^^^^^^^^
[rank120]:   File "/opt/aurora/26.26.0/frameworks/aurora_frameworks-2025.3.1/lib/python3.12/site-packages/torch/distributed/distributed_c10d.py", line 2907, in broadcast
[rank120]:     work = group.broadcast([tensor], opts)
[rank120]:            ^^^^^^^^^^^^^^^^^^^^^^^^^^^^^^^
[rank120]: RuntimeError: oneCCL: env_parser.hpp:100 enum_by_str: EXCEPTION: CCL_ZE_IPC_EXCHANGE: unexpected value: drmfd, expected values: sockets, pidfd
[rank121]: Traceback (most recent call last):
[rank121]:   File "<frozen runpy>", line 198, in _run_module_as_main
[rank121]:   File "<frozen runpy>", line 88, in _run_code
[rank121]:   File "/lus/flare/projects/NLDesignProtein/bryan/Diffusion-dev-space/ProLoopDiff/src/train.py", line 364, in <module>
[rank121]:     main()
[rank121]:   File "/lus/flare/projects/NLDesignProtein/bryan/Diffusion-dev-space/ProLoopDiff/src/train.py", line 177, in main
[rank121]:     broadcast_parameters(model)
[rank121]:   File "/lus/flare/projects/NLDesignProtein/bryan/Diffusion-dev-space/ProLoopDiff/src/dist.py", line 146, in broadcast_parameters
[rank121]:     torch.distributed.broadcast(p.data, src=src)
[rank121]:   File "/opt/aurora/26.26.0/frameworks/aurora_frameworks-2025.3.1/lib/python3.12/site-packages/torch/distributed/c10d_logger.py", line 83, in wrapper
[rank121]:     return func(*args, **kwargs)
[rank121]:            ^^^^^^^^^^^^^^^^^^^^^
[rank121]:   File "/opt/aurora/26.26.0/frameworks/aurora_frameworks-2025.3.1/lib/python3.12/site-packages/torch/distributed/distributed_c10d.py", line 2907, in broadcast
[rank121]:     work = group.broadcast([tensor], opts)
[rank121]:            ^^^^^^^^^^^^^^^^^^^^^^^^^^^^^^^
[rank121]: RuntimeError: oneCCL: env_parser.hpp:100 enum_by_str: EXCEPTION: CCL_ZE_IPC_EXCHANGE: unexpected value: drmfd, expected values: sockets, pidfd
[rank122]: Traceback (most recent call last):
[rank122]:   File "<frozen runpy>", line 198, in _run_module_as_main
[rank122]:   File "<frozen runpy>", line 88, in _run_code
[rank122]:   File "/lus/flare/projects/NLDesignProtein/bryan/Diffusion-dev-space/ProLoopDiff/src/train.py", line 364, in <module>
[rank122]:     main()
[rank122]:   File "/lus/flare/projects/NLDesignProtein/bryan/Diffusion-dev-space/ProLoopDiff/src/train.py", line 177, in main
[rank122]:     broadcast_parameters(model)
[rank122]:   File "/lus/flare/projects/NLDesignProtein/bryan/Diffusion-dev-space/ProLoopDiff/src/dist.py", line 146, in broadcast_parameters
[rank122]:     torch.distributed.broadcast(p.data, src=src)
[rank122]:   File "/opt/aurora/26.26.0/frameworks/aurora_frameworks-2025.3.1/lib/python3.12/site-packages/torch/distributed/c10d_logger.py", line 83, in wrapper
[rank122]:     return func(*args, **kwargs)
[rank122]:            ^^^^^^^^^^^^^^^^^^^^^
[rank122]:   File "/opt/aurora/26.26.0/frameworks/aurora_frameworks-2025.3.1/lib/python3.12/site-packages/torch/distributed/distributed_c10d.py", line 2907, in broadcast
[rank122]:     work = group.broadcast([tensor], opts)
[rank122]:            ^^^^^^^^^^^^^^^^^^^^^^^^^^^^^^^
[rank122]: RuntimeError: oneCCL: env_parser.hpp:100 enum_by_str: EXCEPTION: CCL_ZE_IPC_EXCHANGE: unexpected value: drmfd, expected values: sockets, pidfd
[rank123]: Traceback (most recent call last):
[rank123]:   File "<frozen runpy>", line 198, in _run_module_as_main
[rank123]:   File "<frozen runpy>", line 88, in _run_code
[rank123]:   File "/lus/flare/projects/NLDesignProtein/bryan/Diffusion-dev-space/ProLoopDiff/src/train.py", line 364, in <module>
[rank123]:     main()
[rank123]:   File "/lus/flare/projects/NLDesignProtein/bryan/Diffusion-dev-space/ProLoopDiff/src/train.py", line 177, in main
[rank123]:     broadcast_parameters(model)
[rank123]:   File "/lus/flare/projects/NLDesignProtein/bryan/Diffusion-dev-space/ProLoopDiff/src/dist.py", line 146, in broadcast_parameters
[rank123]:     torch.distributed.broadcast(p.data, src=src)
[rank123]:   File "/opt/aurora/26.26.0/frameworks/aurora_frameworks-2025.3.1/lib/python3.12/site-packages/torch/distributed/c10d_logger.py", line 83, in wrapper
[rank123]:     return func(*args, **kwargs)
[rank123]:            ^^^^^^^^^^^^^^^^^^^^^
[rank123]:   File "/opt/aurora/26.26.0/frameworks/aurora_frameworks-2025.3.1/lib/python3.12/site-packages/torch/distributed/distributed_c10d.py", line 2907, in broadcast
[rank123]:     work = group.broadcast([tensor], opts)
[rank123]:            ^^^^^^^^^^^^^^^^^^^^^^^^^^^^^^^
[rank123]: RuntimeError: oneCCL: env_parser.hpp:100 enum_by_str: EXCEPTION: CCL_ZE_IPC_EXCHANGE: unexpected value: drmfd, expected values: sockets, pidfd
[rank124]: Traceback (most recent call last):
[rank124]:   File "<frozen runpy>", line 198, in _run_module_as_main
[rank124]:   File "<frozen runpy>", line 88, in _run_code
[rank124]:   File "/lus/flare/projects/NLDesignProtein/bryan/Diffusion-dev-space/ProLoopDiff/src/train.py", line 364, in <module>
[rank124]:     main()
[rank124]:   File "/lus/flare/projects/NLDesignProtein/bryan/Diffusion-dev-space/ProLoopDiff/src/train.py", line 177, in main
[rank124]:     broadcast_parameters(model)
[rank124]:   File "/lus/flare/projects/NLDesignProtein/bryan/Diffusion-dev-space/ProLoopDiff/src/dist.py", line 146, in broadcast_parameters
[rank124]:     torch.distributed.broadcast(p.data, src=src)
[rank124]:   File "/opt/aurora/26.26.0/frameworks/aurora_frameworks-2025.3.1/lib/python3.12/site-packages/torch/distributed/c10d_logger.py", line 83, in wrapper
[rank124]:     return func(*args, **kwargs)
[rank124]:            ^^^^^^^^^^^^^^^^^^^^^
[rank124]:   File "/opt/aurora/26.26.0/frameworks/aurora_frameworks-2025.3.1/lib/python3.12/site-packages/torch/distributed/distributed_c10d.py", line 2907, in broadcast
[rank124]:     work = group.broadcast([tensor], opts)
[rank124]:            ^^^^^^^^^^^^^^^^^^^^^^^^^^^^^^^
[rank124]: RuntimeError: oneCCL: env_parser.hpp:100 enum_by_str: EXCEPTION: CCL_ZE_IPC_EXCHANGE: unexpected value: drmfd, expected values: sockets, pidfd
[rank126]: Traceback (most recent call last):
[rank126]:   File "<frozen runpy>", line 198, in _run_module_as_main
[rank126]:   File "<frozen runpy>", line 88, in _run_code
[rank126]:   File "/lus/flare/projects/NLDesignProtein/bryan/Diffusion-dev-space/ProLoopDiff/src/train.py", line 364, in <module>
[rank126]:     main()
[rank126]:   File "/lus/flare/projects/NLDesignProtein/bryan/Diffusion-dev-space/ProLoopDiff/src/train.py", line 177, in main
[rank126]:     broadcast_parameters(model)
[rank126]:   File "/lus/flare/projects/NLDesignProtein/bryan/Diffusion-dev-space/ProLoopDiff/src/dist.py", line 146, in broadcast_parameters
[rank126]:     torch.distributed.broadcast(p.data, src=src)
[rank126]:   File "/opt/aurora/26.26.0/frameworks/aurora_frameworks-2025.3.1/lib/python3.12/site-packages/torch/distributed/c10d_logger.py", line 83, in wrapper
[rank126]:     return func(*args, **kwargs)
[rank126]:            ^^^^^^^^^^^^^^^^^^^^^
[rank126]:   File "/opt/aurora/26.26.0/frameworks/aurora_frameworks-2025.3.1/lib/python3.12/site-packages/torch/distributed/distributed_c10d.py", line 2907, in broadcast
[rank126]:     work = group.broadcast([tensor], opts)
[rank126]:            ^^^^^^^^^^^^^^^^^^^^^^^^^^^^^^^
[rank126]: RuntimeError: oneCCL: env_parser.hpp:100 enum_by_str: EXCEPTION: CCL_ZE_IPC_EXCHANGE: unexpected value: drmfd, expected values: sockets, pidfd
[rank127]: Traceback (most recent call last):
[rank127]:   File "<frozen runpy>", line 198, in _run_module_as_main
[rank127]:   File "<frozen runpy>", line 88, in _run_code
[rank127]:   File "/lus/flare/projects/NLDesignProtein/bryan/Diffusion-dev-space/ProLoopDiff/src/train.py", line 364, in <module>
[rank127]:     main()
[rank127]:   File "/lus/flare/projects/NLDesignProtein/bryan/Diffusion-dev-space/ProLoopDiff/src/train.py", line 177, in main
[rank127]:     broadcast_parameters(model)
[rank127]:   File "/lus/flare/projects/NLDesignProtein/bryan/Diffusion-dev-space/ProLoopDiff/src/dist.py", line 146, in broadcast_parameters
[rank127]:     torch.distributed.broadcast(p.data, src=src)
[rank127]:   File "/opt/aurora/26.26.0/frameworks/aurora_frameworks-2025.3.1/lib/python3.12/site-packages/torch/distributed/c10d_logger.py", line 83, in wrapper
[rank127]:     return func(*args, **kwargs)
[rank127]:            ^^^^^^^^^^^^^^^^^^^^^
[rank127]:   File "/opt/aurora/26.26.0/frameworks/aurora_frameworks-2025.3.1/lib/python3.12/site-packages/torch/distributed/distributed_c10d.py", line 2907, in broadcast
[rank127]:     work = group.broadcast([tensor], opts)
[rank127]:            ^^^^^^^^^^^^^^^^^^^^^^^^^^^^^^^
[rank127]: RuntimeError: oneCCL: env_parser.hpp:100 enum_by_str: EXCEPTION: CCL_ZE_IPC_EXCHANGE: unexpected value: drmfd, expected values: sockets, pidfd
[rank129]: Traceback (most recent call last):
[rank129]:   File "<frozen runpy>", line 198, in _run_module_as_main
[rank129]:   File "<frozen runpy>", line 88, in _run_code
[rank129]:   File "/lus/flare/projects/NLDesignProtein/bryan/Diffusion-dev-space/ProLoopDiff/src/train.py", line 364, in <module>
[rank129]:     main()
[rank129]:   File "/lus/flare/projects/NLDesignProtein/bryan/Diffusion-dev-space/ProLoopDiff/src/train.py", line 177, in main
[rank129]:     broadcast_parameters(model)
[rank129]:   File "/lus/flare/projects/NLDesignProtein/bryan/Diffusion-dev-space/ProLoopDiff/src/dist.py", line 146, in broadcast_parameters
[rank129]:     torch.distributed.broadcast(p.data, src=src)
[rank129]:   File "/opt/aurora/26.26.0/frameworks/aurora_frameworks-2025.3.1/lib/python3.12/site-packages/torch/distributed/c10d_logger.py", line 83, in wrapper
[rank129]:     return func(*args, **kwargs)
[rank129]:            ^^^^^^^^^^^^^^^^^^^^^
[rank129]:   File "/opt/aurora/26.26.0/frameworks/aurora_frameworks-2025.3.1/lib/python3.12/site-packages/torch/distributed/distributed_c10d.py", line 2907, in broadcast
[rank129]:     work = group.broadcast([tensor], opts)
[rank129]:            ^^^^^^^^^^^^^^^^^^^^^^^^^^^^^^^
[rank129]: RuntimeError: oneCCL: env_parser.hpp:100 enum_by_str: EXCEPTION: CCL_ZE_IPC_EXCHANGE: unexpected value: drmfd, expected values: sockets, pidfd
[rank130]: Traceback (most recent call last):
[rank130]:   File "<frozen runpy>", line 198, in _run_module_as_main
[rank130]:   File "<frozen runpy>", line 88, in _run_code
[rank130]:   File "/lus/flare/projects/NLDesignProtein/bryan/Diffusion-dev-space/ProLoopDiff/src/train.py", line 364, in <module>
[rank130]:     main()
[rank130]:   File "/lus/flare/projects/NLDesignProtein/bryan/Diffusion-dev-space/ProLoopDiff/src/train.py", line 177, in main
[rank130]:     broadcast_parameters(model)
[rank130]:   File "/lus/flare/projects/NLDesignProtein/bryan/Diffusion-dev-space/ProLoopDiff/src/dist.py", line 146, in broadcast_parameters
[rank130]:     torch.distributed.broadcast(p.data, src=src)
[rank130]:   File "/opt/aurora/26.26.0/frameworks/aurora_frameworks-2025.3.1/lib/python3.12/site-packages/torch/distributed/c10d_logger.py", line 83, in wrapper
[rank130]:     return func(*args, **kwargs)
[rank130]:            ^^^^^^^^^^^^^^^^^^^^^
[rank130]:   File "/opt/aurora/26.26.0/frameworks/aurora_frameworks-2025.3.1/lib/python3.12/site-packages/torch/distributed/distributed_c10d.py", line 2907, in broadcast
[rank130]:     work = group.broadcast([tensor], opts)
[rank130]:            ^^^^^^^^^^^^^^^^^^^^^^^^^^^^^^^
[rank130]: RuntimeError: oneCCL: env_parser.hpp:100 enum_by_str: EXCEPTION: CCL_ZE_IPC_EXCHANGE: unexpected value: drmfd, expected values: sockets, pidfd
[rank131]: Traceback (most recent call last):
[rank131]:   File "<frozen runpy>", line 198, in _run_module_as_main
[rank131]:   File "<frozen runpy>", line 88, in _run_code
[rank131]:   File "/lus/flare/projects/NLDesignProtein/bryan/Diffusion-dev-space/ProLoopDiff/src/train.py", line 364, in <module>
[rank131]:     main()
[rank131]:   File "/lus/flare/projects/NLDesignProtein/bryan/Diffusion-dev-space/ProLoopDiff/src/train.py", line 177, in main
[rank131]:     broadcast_parameters(model)
[rank131]:   File "/lus/flare/projects/NLDesignProtein/bryan/Diffusion-dev-space/ProLoopDiff/src/dist.py", line 146, in broadcast_parameters
[rank131]:     torch.distributed.broadcast(p.data, src=src)
[rank131]:   File "/opt/aurora/26.26.0/frameworks/aurora_frameworks-2025.3.1/lib/python3.12/site-packages/torch/distributed/c10d_logger.py", line 83, in wrapper
[rank131]:     return func(*args, **kwargs)
[rank131]:            ^^^^^^^^^^^^^^^^^^^^^
[rank131]:   File "/opt/aurora/26.26.0/frameworks/aurora_frameworks-2025.3.1/lib/python3.12/site-packages/torch/distributed/distributed_c10d.py", line 2907, in broadcast
[rank131]:     work = group.broadcast([tensor], opts)
[rank131]:            ^^^^^^^^^^^^^^^^^^^^^^^^^^^^^^^
[rank131]: RuntimeError: oneCCL: env_parser.hpp:100 enum_by_str: EXCEPTION: CCL_ZE_IPC_EXCHANGE: unexpected value: drmfd, expected values: sockets, pidfd
[rank125]: Traceback (most recent call last):
[rank125]:   File "<frozen runpy>", line 198, in _run_module_as_main
[rank125]:   File "<frozen runpy>", line 88, in _run_code
[rank125]:   File "/lus/flare/projects/NLDesignProtein/bryan/Diffusion-dev-space/ProLoopDiff/src/train.py", line 364, in <module>
[rank125]:     main()
[rank125]:   File "/lus/flare/projects/NLDesignProtein/bryan/Diffusion-dev-space/ProLoopDiff/src/train.py", line 177, in main
[rank125]:     broadcast_parameters(model)
[rank125]:   File "/lus/flare/projects/NLDesignProtein/bryan/Diffusion-dev-space/ProLoopDiff/src/dist.py", line 146, in broadcast_parameters
[rank125]:     torch.distributed.broadcast(p.data, src=src)
[rank125]:   File "/opt/aurora/26.26.0/frameworks/aurora_frameworks-2025.3.1/lib/python3.12/site-packages/torch/distributed/c10d_logger.py", line 83, in wrapper
[rank125]:     return func(*args, **kwargs)
[rank125]:            ^^^^^^^^^^^^^^^^^^^^^
[rank125]:   File "/opt/aurora/26.26.0/frameworks/aurora_frameworks-2025.3.1/lib/python3.12/site-packages/torch/distributed/distributed_c10d.py", line 2907, in broadcast
[rank125]:     work = group.broadcast([tensor], opts)
[rank125]:            ^^^^^^^^^^^^^^^^^^^^^^^^^^^^^^^
[rank125]: RuntimeError: oneCCL: env_parser.hpp:100 enum_by_str: EXCEPTION: CCL_ZE_IPC_EXCHANGE: unexpected value: drmfd, expected values: sockets, pidfd
[rank128]: Traceback (most recent call last):
[rank128]:   File "<frozen runpy>", line 198, in _run_module_as_main
[rank128]:   File "<frozen runpy>", line 88, in _run_code
[rank128]:   File "/lus/flare/projects/NLDesignProtein/bryan/Diffusion-dev-space/ProLoopDiff/src/train.py", line 364, in <module>
[rank128]:     main()
[rank128]:   File "/lus/flare/projects/NLDesignProtein/bryan/Diffusion-dev-space/ProLoopDiff/src/train.py", line 177, in main
[rank128]:     broadcast_parameters(model)
[rank128]:   File "/lus/flare/projects/NLDesignProtein/bryan/Diffusion-dev-space/ProLoopDiff/src/dist.py", line 146, in broadcast_parameters
[rank128]:     torch.distributed.broadcast(p.data, src=src)
[rank128]:   File "/opt/aurora/26.26.0/frameworks/aurora_frameworks-2025.3.1/lib/python3.12/site-packages/torch/distributed/c10d_logger.py", line 83, in wrapper
[rank128]:     return func(*args, **kwargs)
[rank128]:            ^^^^^^^^^^^^^^^^^^^^^
[rank128]:   File "/opt/aurora/26.26.0/frameworks/aurora_frameworks-2025.3.1/lib/python3.12/site-packages/torch/distributed/distributed_c10d.py", line 2907, in broadcast
[rank128]:     work = group.broadcast([tensor], opts)
[rank128]:            ^^^^^^^^^^^^^^^^^^^^^^^^^^^^^^^
[rank128]: RuntimeError: oneCCL: env_parser.hpp:100 enum_by_str: EXCEPTION: CCL_ZE_IPC_EXCHANGE: unexpected value: drmfd, expected values: sockets, pidfd
x4417c5s3b0n0.hsn.cm.aurora.alcf.anl.gov: rank 81 died from signal 11
x4315c1s2b0n0.hsn.cm.aurora.alcf.anl.gov: rank 53 died from signal 15
